date,revenue,orders,customers,revenue_ma7,revenue_ma30,cumulative_revenue,cumulative_orders
2024-01-01,10892.77,154,114,,,10892.77,154
2024-01-02,9482.0,89,79,,,20374.77,243
2024-01-03,11197.28,150,108,,,31572.050000000003,393
2024-01-04,13109.24,141,122,,,44681.29,534
2024-01-05,9229.66,114,88,,,53910.95,648
2024-01-06,6615.95,72,63,,,60526.899999999994,720
2024-01-07,10591.62,110,96,10159.788571428571,,71118.51999999999,830
2024-01-08,11392.04,110,95,10231.112857142856,,82510.56,940
2024-01-09,8657.24,111,95,10113.289999999999,,91167.8,1051
2024-01-10,10870.17,154,117,10066.56,,102037.97,1205
2024-01-11,8643.54,115,82,9428.602857142858,,110681.51000000001,1320
2024-01-12,8625.05,81,63,9342.23,,119306.56000000001,1401
2024-01-13,7568.66,72,53,9478.33142857143,,126875.22000000002,1473
2024-01-14,2813.9,30,25,8367.228571428572,,129689.12000000001,1503
2024-01-15,5815.17,62,48,7570.532857142856,,135504.29,1565
2024-01-16,8359.94,87,78,7528.061428571428,,143864.23,1652
2024-01-17,7355.83,96,80,7026.012857142857,,151220.06,1748
2024-01-18,10262.62,96,83,7257.3099999999995,,161482.68,1844
2024-01-19,7560.97,87,63,7105.2985714285705,,169043.65,1931
2024-01-20,3839.03,45,39,6572.494285714286,,172882.68,1976
2024-01-21,10158.14,112,99,7621.671428571428,,183040.82,2088
2024-01-22,9024.78,126,100,8080.187142857142,,192065.6,2214
2024-01-23,9657.98,126,103,8265.621428571429,,201723.58000000002,2340
2024-01-24,6363.06,64,55,8123.797142857143,,208086.64,2404
2024-01-25,8288.13,113,83,7841.727142857142,,216374.77000000002,2517
2024-01-26,9718.24,103,82,8149.908571428571,,226093.01,2620
2024-01-27,4330.65,54,42,8220.14,,230423.66,2674
2024-01-28,7678.19,90,66,7865.861428571428,,238101.85,2764
2024-01-29,8119.27,100,77,7736.5028571428575,,246221.12,2864
2024-01-30,8788.17,104,74,7612.244285714286,8500.309666666666,255009.29,2968
2024-01-31,8095.58,82,58,7859.747142857143,8407.07,263104.87,3050
2024-02-01,13484.01,165,120,8602.015714285715,8540.470333333335,276588.88,3215
2024-02-02,9369.18,101,90,8552.15,8479.533666666666,285958.06,3316
2024-02-03,4462.03,50,40,8570.918571428572,8191.293333333333,290420.09,3366
2024-02-04,8588.95,89,79,8701.027142857143,8169.936333333333,299009.04000000004,3455
2024-02-05,6684.09,62,49,8496.001428571428,8172.207666666667,305693.13000000006,3517
2024-02-06,9820.3,99,75,8643.448571428571,8146.497,315513.43000000005,3616
2024-02-07,5040.64,64,51,8207.028571428571,7934.783666666667,320554.07000000007,3680
2024-02-08,6421.28,90,71,7198.067142857143,7860.251666666667,326975.3500000001,3770
2024-02-09,9768.02,121,87,7255.044285714285,7823.513333333333,336743.3700000001,3891
2024-02-10,8351.48,89,74,7810.679999999999,7813.778,345094.8500000001,3980
2024-02-11,7096.07,98,73,7597.411428571429,7762.812000000001,352190.9200000001,4078
2024-02-12,9057.12,101,83,7936.415714285714,7812.427333333334,361248.0400000001,4179
2024-02-13,8641.91,92,76,7768.074285714286,8006.694333333334,369889.95000000007,4271
2024-02-14,6044.67,73,53,7911.507142857144,8014.3443333333325,375934.62000000005,4344
2024-02-15,7707.16,76,54,8095.204285714286,7992.585,383641.78,4420
2024-02-16,8271.11,111,95,7881.36,8023.094333333333,391912.89,4531
2024-02-17,9004.2,123,97,7974.605714285715,7981.147,400917.09,4654
2024-02-18,7428.83,75,53,8022.142857142857,7976.742333333334,408345.92000000004,4729
2024-02-19,5388.85,60,54,7498.104285714287,8028.403,413734.77,4789
2024-02-20,9975.53,102,73,7688.6214285714295,8022.316,423710.30000000005,4891
2024-02-21,8410.7,96,81,8026.625714285715,8001.846666666666,432121.00000000006,4987
2024-02-22,7764.33,97,87,8034.792857142857,7938.725,439885.3300000001,5084
2024-02-23,10595.27,103,77,8366.815714285714,8079.798666666667,450480.6000000001,5187
2024-02-24,8914.16,87,63,8353.952857142856,8100.666333333334,459394.76000000007,5274
2024-02-25,8691.51,89,64,8534.335714285715,8066.442,468086.2700000001,5363
2024-02-26,7393.51,91,69,8820.715714285714,8168.537333333333,475479.7800000001,5454
2024-02-27,8556.98,91,66,8618.065714285714,8197.830333333333,484036.76000000007,5545
2024-02-28,9963.85,118,99,8839.944285714286,8259.316333333334,494000.61000000004,5663
2024-02-29,11379.47,154,110,9356.392857142857,8345.693000000001,505380.08,5817
2024-03-01,8177.67,77,62,9011.021428571428,8348.429333333333,513557.75,5894
2024-03-02,6222.37,82,74,8626.48,8106.374666666667,519780.12,5976
2024-03-03,4196.23,39,34,7984.297142857143,7933.943,523976.35,6015
2024-03-04,6598.24,75,62,7870.687142857142,8005.15,530574.59,6090
2024-03-05,11017.58,142,108,8222.201428571429,8086.104333333334,541592.1699999999,6232
2024-03-06,12214.28,133,110,8543.691428571428,8270.444,553806.45,6365
2024-03-07,9073.06,86,69,8214.204285714286,8245.536,562879.51,6451
2024-03-08,11440.58,115,90,8680.334285714285,8458.867333333334,574320.09,6566
2024-03-09,7430.14,73,53,8852.872857142856,8492.496000000001,581750.23,6639
2024-03-10,5217.42,54,47,8998.757142857143,8340.809333333333,586967.65,6693
2024-03-11,10034.31,103,81,9489.624285714284,8396.903666666667,597001.9600000001,6796
2024-03-12,12625.9,121,89,9719.384285714286,8581.231333333333,609627.8600000001,6917
2024-03-13,9166.79,115,89,9284.028571428571,8584.886999999999,618794.6500000001,7032
2024-03-14,12691.63,142,111,9800.967142857144,8719.877666666665,631486.2800000001,7174
2024-03-15,3490.21,44,38,8665.2,8634.729,634976.4900000001,7218
2024-03-16,8466.49,77,65,8813.25,8660.04,643442.9800000001,7295
2024-03-17,6854.89,64,55,9047.174285714285,8612.832666666665,650297.8700000001,7359
2024-03-18,8611.09,120,84,8843.857142857143,8599.729,658908.9600000001,7479
2024-03-19,9476.72,96,75,8393.974285714286,8667.992,668385.68,7575
2024-03-20,4908.58,46,37,7785.658571428571,8651.983,673294.26,7621
2024-03-21,8804.76,114,80,7230.391428571428,8612.957333333334,682099.02,7735
2024-03-22,10080.94,109,82,8171.924285714286,8668.632,692179.96,7844
2024-03-23,9954.34,93,79,8384.474285714286,8741.632333333333,702134.2999999999,7937
2024-03-24,5570.91,78,57,8201.048571428571,8574.153666666667,707705.21,8015
2024-03-25,7540.98,77,62,8048.175714285715,8528.381,715246.19,8092
2024-03-26,8224.81,100,74,7869.331428571429,8512.824333333332,723471.0,8192
2024-03-27,11352.01,106,74,8789.82142857143,8644.774333333333,734823.01,8298
2024-03-28,10071.26,93,70,8970.75,8695.250333333333,744894.27,8391
2024-03-29,8192.87,76,68,8701.025714285714,8636.217666666667,753087.14,8467
2024-03-30,7898.31,89,77,8407.307142857144,8520.179,760985.4500000001,8556
2024-03-31,6993.92,67,60,8610.594285714285,8480.720666666666,767979.3700000001,8623
2024-04-01,11523.03,111,89,9179.458571428573,8657.409333333333,779502.4000000001,8734
2024-04-02,7859.61,95,69,9127.287142857143,8779.521999999999,787362.0100000001,8829
2024-04-03,8695.82,84,68,8747.83142857143,8849.441333333332,796057.8300000001,8913
2024-04-04,8567.04,120,95,8532.942857142858,8767.756666666666,804624.8700000001,9033
2024-04-05,6223.39,66,57,8251.588571428572,8568.060333333333,810848.2600000001,9099
2024-04-06,7508.48,95,68,8195.898571428572,8515.907666666668,818356.7400000001,9194
2024-04-07,7445.66,100,80,8260.432857142858,8382.743666666667,825802.4000000001,9294
2024-04-08,9497.36,130,95,7971.051428571429,8451.651,835299.7600000001,9424
2024-04-09,8985.24,92,70,8131.855714285715,8577.245,844285.0000000001,9516
2024-04-10,6403.17,77,65,7804.334285714285,8456.207,850688.1700000002,9593
2024-04-11,8607.66,87,69,7810.137142857144,8322.265666666666,859295.8300000002,9680
2024-04-12,8795.64,121,94,8177.601428571427,8309.894,868091.4700000002,9801
2024-04-13,5201.57,63,49,7848.042857142857,8060.225333333334,873293.0400000002,9864
2024-04-14,6629.16,72,57,7731.4,8164.857000000001,879922.2000000002,9936
2024-04-15,10490.73,103,88,7873.3099999999995,8232.331666666667,890412.9300000002,10039
2024-04-16,13769.7,166,146,8556.804285714285,8462.825333333334,904182.6300000001,10205
2024-04-17,10022.87,105,94,9073.904285714287,8509.884666666667,914205.5000000001,10310
2024-04-18,10224.53,97,83,9304.885714285714,8534.811666666666,924430.0300000001,10407
2024-04-19,9513.7,101,77,9407.465714285714,8688.315666666667,933943.7300000001,10508
2024-04-20,2876.16,36,30,9075.264285714287,8490.695666666668,936819.8900000001,10544
2024-04-21,7059.53,99,78,9136.745714285715,8389.982,943879.4200000002,10643
2024-04-22,9871.18,94,71,9048.238571428572,8387.21,953750.6000000002,10737
2024-04-23,15179.05,214,186,9249.574285714287,8707.481333333333,968929.6500000003,10951
2024-04-24,9358.37,89,63,9154.645714285714,8768.061,978288.0200000003,11040
2024-04-25,10467.03,115,101,9189.288571428571,8842.801666666666,988755.0500000003,11155
2024-04-26,9749.73,91,72,9223.007142857143,8789.392333333333,998504.7800000003,11246
2024-04-27,4677.87,46,38,9480.394285714285,8609.612666666666,1003182.6500000003,11292
2024-04-28,9786.45,89,74,9869.954285714284,8662.732,1012969.1000000002,11381
2024-04-29,11550.17,137,120,10109.81,8784.460666666668,1024519.2700000003,11518
2024-04-30,11660.25,116,96,9607.124285714284,8940.005000000001,1036179.5200000003,11634
2024-05-01,7943.79,92,76,9405.04142857143,8820.697000000002,1044123.3100000003,11726
2024-05-02,13055.43,146,104,9774.812857142857,8993.891,1057178.7400000002,11872
2024-05-03,6910.44,73,59,9369.199999999999,8934.378333333332,1064089.1800000002,11945
2024-05-04,8711.21,83,61,9945.391428571427,8939.184000000001,1072800.3900000001,12028
2024-05-05,12265.11,112,95,10299.485714285713,9140.574666666666,1085065.5000000002,12140
2024-05-06,7893.29,78,63,9777.074285714287,9153.401666666667,1092958.7900000003,12218
2024-05-07,8853.34,102,85,9376.087142857143,9200.324333333332,1101812.1300000004,12320
2024-05-08,10345.51,119,84,9719.19,9228.596,1112157.6400000004,12439
2024-05-09,9046.08,91,65,9146.425714285713,9230.624000000002,1121203.7200000004,12530
2024-05-10,6770.07,85,72,9126.372857142856,9242.854,1127973.7900000005,12615
2024-05-11,7760.51,104,74,8990.558571428572,9214.615666666667,1135734.3000000005,12719
2024-05-12,5301.1,63,45,7995.700000000002,9098.131,1141035.4000000006,12782
2024-05-13,11308.9,139,98,8483.644285714287,9301.708666666667,1152344.3000000005,12921
2024-05-14,8273.43,101,90,8400.8,9356.517666666665,1160617.7300000004,13022
2024-05-15,13735.52,173,147,8885.087142857143,9464.677333333333,1174353.2500000005,13195
2024-05-16,8632.33,120,92,8825.98,9293.431666666667,1182985.5800000005,13315
2024-05-17,9677.09,137,104,9241.268571428573,9281.905666666666,1192662.6700000006,13452
2024-05-18,9605.82,88,68,9504.884285714286,9261.282,1202268.4900000007,13540
2024-05-19,5138.94,59,50,9481.718571428572,9115.456666666667,1207407.4300000006,13599
2024-05-20,10978.32,129,107,9434.492857142857,9385.528666666667,1218385.7500000007,13728
2024-05-21,13384.98,138,102,10164.714285714286,9596.377,1231770.7300000007,13866
2024-05-22,7004.45,89,65,9203.132857142857,9500.819333333335,1238775.1800000006,13955
2024-05-23,10979.05,102,73,9538.378571428571,9360.819333333331,1249754.2300000007,14057
2024-05-24,11176.82,110,92,9752.625714285716,9421.434333333333,1260931.0500000007,14167
2024-05-25,9757.57,133,113,9774.304285714286,9397.785666666667,1270688.6200000008,14300
2024-05-26,5349.03,62,47,9804.317142857142,9251.095666666666,1276037.6500000008,14362
2024-05-27,7798.34,74,52,9350.034285714286,9355.111333333332,1283835.990000001,14436
2024-05-28,11884.89,110,79,9135.735714285713,9425.059333333335,1295720.8800000008,14546
2024-05-29,11423.51,129,115,9767.03,9420.837333333333,1307144.3900000008,14675
2024-05-30,11354.99,120,91,9820.735714285713,9410.662,1318499.3800000008,14795
2024-05-31,11600.09,151,129,9881.202857142856,9532.538666666667,1330099.470000001,14946
2024-06-01,6776.08,62,51,9455.275714285714,9323.227,1336875.550000001,15008
2024-06-02,8817.55,111,86,9950.778571428571,9386.797333333332,1345693.100000001,15119
2024-06-03,11586.02,108,80,10491.875714285712,9482.624333333333,1357279.120000001,15227
2024-06-04,9404.57,98,71,10137.544285714286,9387.273,1366683.690000001,15325
2024-06-05,15115.93,160,132,10665.032857142856,9628.027666666667,1381799.620000001,15485
2024-06-06,12088.93,134,115,10769.881428571429,9735.880666666666,1393888.550000001,15619
2024-06-07,8461.1,107,89,10321.454285714284,9673.067000000001,1402349.650000001,15726
2024-06-08,9962.03,129,104,10776.59,9703.598666666665,1412311.680000001,15855
2024-06-09,6409.14,81,57,10432.531428571428,9691.567666666668,1418720.820000001,15936
2024-06-10,12921.02,167,149,10623.245714285715,9863.584666666668,1431641.840000001,16103
2024-06-11,13774.49,136,117,11247.52,10146.030999999999,1445416.330000001,16239
2024-06-12,9456.39,113,86,10439.014285714287,10084.280666666667,1454872.720000001,16352
2024-06-13,13417.77,186,167,10628.848571428573,10255.758666666667,1468290.490000001,16538
2024-06-14,12243.05,113,93,11169.127142857144,10206.009666666667,1480533.540000001,16651
2024-06-15,10580.19,100,82,11257.435714285713,10270.938333333332,1491113.730000001,16751
2024-06-16,12981.45,121,103,12196.337142857143,10381.083666666667,1504095.1800000009,16872
2024-06-17,10905.61,99,85,11908.421428571428,10424.41,1515000.790000001,16971
2024-06-18,9824.32,128,106,11344.111428571428,10580.589333333333,1524825.110000001,17099
2024-06-19,9562.79,111,81,11359.31142857143,10533.405,1534387.900000001,17210
2024-06-20,9762.21,97,74,10837.08857142857,10412.646,1544150.110000001,17307
2024-06-21,11424.73,117,104,10720.185714285715,10559.988666666668,1555574.840000001,17424
2024-06-22,9782.32,128,95,10606.204285714284,10520.097666666668,1565357.160000001,17552
2024-06-23,9678.02,94,73,10134.285714285714,10470.137666666667,1575035.180000001,17646
2024-06-24,13526.68,171,134,10508.724285714286,10595.774666666666,1588561.860000001,17817
2024-06-25,11773.12,149,117,10787.124285714284,10809.910999999998,1600334.9800000011,17966
2024-06-26,14979.97,164,135,11561.007142857143,11049.298666666667,1615314.9500000011,18130
2024-06-27,11237.68,120,107,11771.78857142857,11027.725,1626552.630000001,18250
2024-06-28,17842.05,191,143,12688.548571428571,11241.676333333333,1644394.680000001,18441
2024-06-29,10671.93,145,105,12815.635714285714,11218.907666666666,1655066.610000001,18586
2024-06-30,7447.53,71,53,12496.994285714287,11080.489000000001,1662514.140000001,18657
2024-07-01,9615.13,119,104,11938.201428571429,11175.124000000002,1672129.270000001,18776
2024-07-02,13070.35,174,144,12123.52,11316.884,1685199.620000001,18950
2024-07-03,11555.11,109,83,11634.254285714285,11315.853666666666,1696754.7300000011,19059
2024-07-04,13655.33,126,109,11979.632857142858,11457.545666666667,1710410.0600000012,19185
2024-07-05,13163.44,126,110,11311.26,11392.462666666666,1723573.5000000012,19311
2024-07-06,9399.86,92,80,11129.535714285714,11302.827,1732973.3600000013,19403
2024-07-07,7734.86,80,71,11170.582857142857,11278.619,1740708.2200000014,19483
2024-07-08,8902.82,97,73,11068.824285714287,11243.312,1749611.0400000014,19580
2024-07-09,11290.79,154,131,10814.60142857143,11406.033666666666,1760901.8300000015,19734
2024-07-10,14194.78,164,130,11191.697142857143,11448.492333333332,1775096.6100000015,19898
2024-07-11,12819.22,151,131,11072.252857142857,11416.65,1787915.8300000015,20049
2024-07-12,9645.02,120,101,10569.621428571429,11422.937666666667,1797560.8500000015,20169
2024-07-13,10204.01,103,88,10684.5,11315.812333333333,1807764.8600000015,20272
2024-07-14,10707.98,119,99,11109.231428571427,11264.643333333335,1818472.8400000015,20391
2024-07-15,10552.97,144,106,11344.967142857144,11263.736,1829025.8100000015,20535
2024-07-16,12872.73,163,132,11570.95857142857,11260.112,1841898.5400000014,20698
2024-07-17,12699.56,130,117,11357.355714285713,11319.910333333333,1854598.1000000015,20828
2024-07-18,10093.81,138,122,10968.011428571426,11328.893333333335,1864691.9100000015,20966
2024-07-19,13432.2,129,91,11509.037142857143,11457.873666666665,1878124.1100000015,21095
2024-07-20,11315.39,126,92,11667.805714285714,11509.646333333334,1889439.5000000014,21221
2024-07-21,12500.83,140,102,11923.927142857143,11545.516333333333,1901940.3300000015,21361
2024-07-22,15072.78,161,136,12569.614285714286,11721.865,1917013.1100000015,21522
2024-07-23,9759.7,95,82,12124.895714285714,11724.587666666666,1926772.8100000015,21617
2024-07-24,10763.35,128,95,11848.294285714288,11632.476666666667,1937536.1600000015,21745
2024-07-25,13995.46,144,115,12405.672857142856,11706.554666666667,1951531.6200000015,21889
2024-07-26,14028.36,151,131,12490.83857142857,11674.834333333332,1965559.9800000016,22040
2024-07-27,11466.61,142,120,12512.441428571428,11682.465333333334,1977026.5900000017,22182
2024-07-28,18844.79,179,145,13418.721428571427,11715.890000000001,1995871.3800000018,22361
2024-07-29,14259.82,140,115,13302.584285714285,11835.486333333334,2010131.2000000018,22501
2024-07-30,15536.98,161,129,14127.91,12105.134666666667,2025668.1800000018,22662
2024-07-31,15172.21,146,111,14757.747142857143,12290.370666666666,2040840.3900000018,22808
2024-08-01,14540.92,139,113,14835.67,12339.389666666666,2055381.3100000017,22947
2024-08-02,12448.5,127,106,14609.975714285714,12369.169333333333,2067829.8100000017,23074
2024-08-03,12245.83,118,103,14721.292857142858,12322.186,2080075.6400000018,23192
2024-08-04,8909.65,91,75,13301.987142857144,12180.393,2088985.2900000017,23283
2024-08-05,12722.38,131,112,13082.352857142858,12291.143666666667,2101707.670000002,23414
2024-08-06,12208.86,129,94,12606.907142857144,12440.277,2113916.5300000017,23543
2024-08-07,13489.8,135,107,12366.562857142857,12593.176333333335,2127406.3300000015,23678
2024-08-08,18434.68,241,169,12922.814285714285,12831.306,2145841.0100000016,23919
2024-08-09,9266.94,88,66,12468.305714285714,12667.044666666667,2155107.9500000016,24007
2024-08-10,12316.92,117,99,12478.461428571429,12650.301333333333,2167424.8700000015,24124
2024-08-11,7291.11,102,92,12247.24142857143,12571.837666666666,2174715.9800000014,24226
2024-08-12,12432.48,121,87,12205.827142857142,12646.12,2187148.4600000014,24347
2024-08-13,15897.79,212,165,12732.817142857142,12819.113666666666,2203046.2500000014,24559
2024-08-14,13674.58,164,141,12759.214285714288,12923.167333333335,2216720.8300000015,24723
2024-08-15,11192.88,112,83,11724.671428571428,12867.172333333334,2227913.7100000014,24835
2024-08-16,12020.71,157,127,12118.067142857142,12844.544,2239934.4200000013,24992
2024-08-17,12519.63,122,103,12147.025714285714,12925.404666666667,2252454.050000001,25114
2024-08-18,9447.53,91,75,12455.085714285715,12792.582333333334,2261901.580000001,25205
2024-08-19,14160.04,157,116,12701.880000000001,12887.404,2276061.620000001,25362
2024-08-20,13813.26,197,152,12404.089999999998,12931.151666666667,2289874.880000001,25559
2024-08-21,12308.31,151,129,12208.90857142857,12839.002666666667,2302183.190000001,25710
2024-08-22,18487.0,195,158,13250.925714285715,13129.912666666667,2320670.190000001,25905
2024-08-23,15193.1,139,97,13704.124285714284,13277.570999999998,2335863.290000001,26044
2024-08-24,6770.96,71,61,12882.885714285716,13036.754333333334,2342634.250000001,26115
2024-08-25,11663.92,145,103,13199.51285714286,12957.939666666667,2354298.170000001,26260
2024-08-26,12424.88,130,110,12951.632857142857,12989.882,2366723.0500000007,26390
2024-08-27,15782.88,172,127,13233.007142857143,12887.818333333333,2382505.9300000006,26562
2024-08-28,12190.34,120,107,13216.154285714283,12818.835666666668,2394696.2700000005,26682
2024-08-29,13707.45,185,143,12533.361428571428,12757.851333333334,2408403.7200000007,26867
2024-08-30,15096.46,150,115,12519.555714285714,12755.326333333333,2423500.1800000006,27017
2024-08-31,13315.37,145,106,13454.471428571427,12714.474666666667,2436815.5500000007,27162
2024-09-01,8794.91,81,62,13044.612857142856,12592.688333333334,2445610.460000001,27243
2024-09-02,13324.12,159,139,13173.075714285715,12628.631333333333,2458934.580000001,27402
2024-09-03,13039.21,137,123,12781.122857142856,12766.283333333333,2471973.790000001,27539
2024-09-04,12670.43,118,91,12849.707142857145,12764.551666666668,2484644.220000001,27657
2024-09-05,18015.03,243,192,13465.075714285715,12958.090666666665,2502659.250000001,27900
2024-09-06,15044.87,140,118,13457.705714285714,13009.926333333333,2517704.120000001,28040
2024-09-07,8802.43,90,79,12813.0,12688.851333333332,2526506.550000001,28130
2024-09-08,13617.73,187,153,13501.974285714286,12833.877666666667,2540124.280000001,28317
2024-09-09,18888.83,230,179,14296.932857142858,13052.941333333332,2559013.1100000013,28547
2024-09-10,16512.75,168,131,14793.152857142859,13360.329333333333,2575525.8600000013,28715
2024-09-11,10919.53,150,126,14543.024285714288,13309.897666666666,2586445.390000001,28865
2024-09-12,13217.23,142,99,13857.624285714288,13220.545666666667,2599662.620000001,29007
2024-09-13,17089.73,204,168,14149.747142857143,13334.383999999998,2616752.350000001,29211
2024-09-14,10165.2,107,83,14344.42857142857,13300.127999999999,2626917.550000001,29318
2024-09-15,12717.61,177,152,14215.839999999998,13323.358,2639635.160000001,29495
2024-09-16,16064.1,153,110,13812.307142857142,13441.507000000001,2655699.260000001,29648
2024-09-17,12338.93,113,92,13216.047142857142,13537.886999999999,2668038.1900000013,29761
2024-09-18,14265.06,131,104,13693.979999999998,13541.387666666667,2682303.2500000014,29892
2024-09-19,7282.63,73,60,12846.179999999998,13323.7,2689585.8800000013,29965
2024-09-20,12176.74,162,116,12144.324285714287,13319.314333333334,2701762.6200000015,30127
2024-09-21,11291.27,113,92,12305.191428571428,13079.456666666667,2713053.8900000015,30240
2024-09-22,9117.89,128,104,11790.945714285714,12876.949666666666,2722171.7800000017,30368
2024-09-23,18069.98,255,207,12077.5,13253.583666666667,2740241.7600000016,30623
2024-09-24,11347.57,137,112,11935.877142857144,13243.038666666667,2751589.3300000015,30760
2024-09-25,13540.56,151,126,11832.37714285714,13280.228000000001,2765129.8900000015,30911
2024-09-26,14810.62,147,127,12907.804285714286,13247.819333333335,2779940.5100000016,31058
2024-09-27,17707.68,182,137,13697.93857142857,13431.730666666666,2797648.190000002,31240
2024-09-28,8791.42,100,87,13340.81714285714,13267.863,2806439.6100000017,31340
2024-09-29,14522.28,179,143,14112.872857142855,13248.723666666667,2820961.8900000015,31519
2024-09-30,14598.39,133,95,13616.931428571426,13291.491,2835560.2800000017,31652
2024-10-01,12428.67,143,102,13771.374285714288,13412.616333333333,2847988.9500000016,31795
2024-10-02,15616.28,177,136,14067.905714285716,13489.021666666666,2863605.2300000014,31972
2024-10-03,15048.81,197,169,14101.932857142858,13556.008333333333,2878654.0400000014,32169
2024-10-04,13301.18,131,110,13472.432857142858,13577.033333333331,2891955.2200000016,32300
2024-10-05,12185.55,125,107,13957.308571428572,13382.717333333334,2904140.7700000014,32425
2024-10-06,11194.19,142,114,13481.867142857143,13254.361333333334,2915334.9600000014,32567
2024-10-07,14901.07,203,160,13525.107142857143,13457.649333333333,2930236.030000001,32770
2024-10-08,16117.02,166,121,14052.014285714284,13540.958999999999,2946353.050000001,32936
2024-10-09,18158.14,189,145,14415.137142857142,13516.602666666668,2964511.1900000013,33125
2024-10-10,11953.83,148,116,13972.997142857143,13364.638666666668,2976465.0200000014,33273
2024-10-11,19377.38,179,128,14841.025714285715,13646.567000000001,2995842.4000000013,33452
2024-10-12,7797.37,103,77,14214.142857142857,13465.905,3003639.7700000014,33555
2024-10-13,11764.85,135,111,14295.665714285715,13288.409000000001,3015404.6200000015,33690
2024-10-14,15999.45,148,125,14452.577142857142,13482.884,3031404.0700000017,33838
2024-10-15,15329.28,177,159,14340.042857142858,13569.939666666667,3046733.3500000015,34015
2024-10-16,13346.67,140,124,13652.690000000002,13479.358666666667,3060080.0200000014,34155
2024-10-17,14263.83,166,138,13982.69,13543.521999999999,3074343.8500000015,34321
2024-10-18,13641.75,168,132,13163.314285714285,13522.744999999999,3087985.6000000015,34489
2024-10-19,10833.98,99,82,13597.115714285716,13641.123333333333,3098819.5800000015,34588
2024-10-20,14003.52,162,139,13916.925714285713,13702.016,3112823.1000000015,34750
2024-10-21,15523.22,147,106,13848.892857142857,13843.081,3128346.3200000017,34897
2024-10-22,13216.35,167,131,13547.045714285716,13979.696333333333,3141562.670000002,35064
2024-10-23,16722.43,213,185,14029.297142857142,13934.777999999998,3158285.100000002,35277
2024-10-24,15421.52,216,168,14194.68142857143,14070.576333333333,3173706.620000002,35493
2024-10-25,16535.49,172,140,14608.072857142859,14170.407333333333,3190242.110000002,35665
2024-10-26,13533.7,160,131,14993.747142857143,14127.843333333332,3203775.8100000024,35825
2024-10-27,10325.66,99,73,14468.338571428572,13881.776000000002,3214101.4700000025,35924
2024-10-28,13517.57,152,117,14181.817142857142,14039.314333333336,3227619.0400000024,36076
2024-10-29,16394.15,151,116,14635.788571428571,14101.71,3244013.1900000023,36227
2024-10-30,16092.65,208,147,14545.819999999998,14151.518666666669,3260105.840000002,36435
2024-10-31,14703.2,140,99,14443.202857142858,14227.336333333335,3274809.0400000024,36575
2024-11-01,15006.27,148,128,14224.742857142857,14207.002666666667,3289815.3100000024,36723
2024-11-02,14957.59,148,112,14428.155714285716,14203.962000000001,3304772.9000000022,36871
2024-11-03,10843.47,104,84,14502.128571428571,14122.038333333334,3315616.3700000024,36975
2024-11-04,15946.37,159,121,14849.1,14247.399,3331562.7400000026,37134
2024-11-05,14295.39,150,133,14549.277142857143,14350.772333333332,3345858.1300000027,37284
2024-11-06,14258.41,189,142,14287.242857142859,14329.350333333334,3360116.540000003,37473
2024-11-07,17151.35,241,189,14636.97857142857,14363.828000000001,3377267.890000003,37714
2024-11-08,16546.33,155,136,14856.987142857144,14310.101,3393814.220000003,37869
2024-11-09,13916.16,147,128,14708.211428571429,14375.511999999999,3407730.380000003,38016
2024-11-10,14994.18,147,108,15301.17,14229.405333333332,3422724.5600000033,38163
2024-11-11,14763.67,165,142,15132.212857142857,14461.615333333331,3437488.2300000032,38328
2024-11-12,16212.75,217,172,15406.121428571427,14609.878666666666,3453700.9800000032,38545
2024-11-13,14024.54,187,149,15372.711428571429,14544.048333333334,3467725.5200000033,38732
2024-11-14,15414.63,158,115,15124.608571428573,14546.893333333335,3483140.150000003,38890
2024-11-15,14409.17,165,118,14819.300000000001,14582.31,3497549.320000003,39055
2024-11-16,12302.58,158,134,14588.78857142857,14516.935000000001,3509851.900000003,39213
2024-11-17,13391.92,149,119,14359.894285714287,14508.607333333335,3523243.820000003,39362
2024-11-18,12875.58,177,139,14090.167142857144,14576.660666666667,3536119.400000003,39539
2024-11-19,19271.7,207,175,14527.160000000002,14752.266666666668,3555391.1000000034,39746
2024-11-20,12447.71,154,131,14301.89857142857,14649.749666666667,3567838.8100000033,39900
2024-11-21,11981.93,118,86,13811.51285714286,14608.602333333334,3579820.7400000035,40018
2024-11-22,17192.91,209,172,14209.189999999999,14624.285000000002,3597013.6500000036,40227
2024-11-23,13778.37,156,113,14420.017142857145,14569.513333333334,3610792.0200000037,40383
2024-11-24,13401.15,190,162,14421.335714285713,14465.035333333333,3624193.1700000037,40573
2024-11-25,16001.56,220,183,14867.904285714283,14547.297333333332,3640194.7300000037,40793
2024-11-26,14583.11,170,152,14198.105714285713,14689.212333333333,3654777.8400000036,40963
2024-11-27,12626.69,142,101,14223.674285714285,14659.516333333335,3667404.5300000035,41105
2024-11-28,14757.78,157,112,14620.224285714285,14604.970666666666,3682162.3100000033,41262
2024-11-29,13091.37,160,121,14034.290000000003,14504.927999999998,3695253.6800000034,41422
2024-11-30,14116.27,144,108,14082.561428571427,14485.363666666666,3709369.9500000034,41566
2024-12-01,11637.14,111,83,13830.560000000001,14373.059333333335,3721007.0900000036,41677
2024-12-02,12734.01,126,111,13363.767142857145,14298.94,3733741.1000000034,41803
2024-12-03,13832.28,193,145,13256.505714285715,14398.567000000001,3747573.380000003,41996
2024-12-04,15436.79,173,131,13657.948571428573,14381.581000000002,3763010.170000003,42169
2024-12-05,13276.97,179,152,13446.404285714287,14347.633666666667,3776287.1400000034,42348
2024-12-06,12696.91,159,126,13390.052857142857,14295.583666666666,3788984.0500000035,42507
2024-12-07,12430.34,114,98,13149.205714285714,14138.216666666667,3801414.3900000034,42621
2024-12-08,12421.42,164,117,13261.245714285715,14000.719666666666,3813835.8100000033,42785
2024-12-09,13355.31,148,118,13350.002857142857,13982.024666666666,3827191.1200000034,42933
2024-12-10,13422.23,142,100,13291.424285714285,13929.626333333335,3840613.3500000034,43075
2024-12-11,14956.79,152,108,13222.852857142856,13936.063666666667,3855570.1400000034,43227
2024-12-12,11248.12,122,108,12933.017142857145,13770.576000000001,3866818.2600000035,43349
2024-12-13,11324.96,161,117,12737.024285714286,13680.59,3878143.2200000035,43510
2024-12-14,10228.15,123,99,12422.425714285715,13507.707333333332,3888371.3700000034,43633
2024-12-15,11326.35,125,98,12265.98714285714,13404.946666666667,3899697.7200000035,43758
2024-12-16,15067.03,205,158,12510.51857142857,13497.095,3914764.7500000033,43963
2024-12-17,17615.79,210,185,13109.598571428573,13637.890666666668,3932380.5400000033,44173
2024-12-18,16243.73,228,161,13293.447142857143,13750.162333333334,3948624.2700000033,44401
2024-12-19,13991.79,191,159,13685.4,13574.165333333332,3962616.0600000033,44592
2024-12-20,14288.5,166,148,14108.76285714286,13635.525,3976904.5600000033,44758
2024-12-21,9511.38,126,102,14006.367142857142,13553.173333333334,3986415.940000003,44884
2024-12-22,11662.73,126,112,14054.42142857143,13368.834,3998078.670000003,45010
2024-12-23,13654.87,140,99,13852.684285714287,13364.717333333334,4011733.5400000033,45150
2024-12-24,14986.29,147,115,13477.04142857143,13417.555333333334,4026719.8300000033,45297
2024-12-25,12442.74,160,120,12934.042857142858,13298.928000000002,4039162.5700000036,45457
2024-12-26,15391.51,201,170,13134.002857142856,13325.874666666667,4054554.0800000033,45658
2024-12-27,17607.23,237,212,13608.107142857143,13491.892666666665,4072161.3100000033,45895
2024-12-28,11382.16,119,89,13875.361428571428,13379.372000000001,4083543.4700000035,46014
2024-12-29,12491.4,127,106,13993.742857142857,13359.373,4096034.8700000034,46141
2024-12-30,15712.14,220,163,14287.638571428572,13412.568666666666,4111747.0100000035,46361
2024-12-31,13297.31,124,101,14046.355714285713,13467.907666666666,4125044.3200000036,46485
2025-01-01,14659.18,203,161,14362.99,13532.079999999998,4139703.5000000037,46688
2025-01-02,14180.07,155,139,14189.927142857141,13543.673,4153883.5700000036,46843
2025-01-03,14353.46,146,120,13725.102857142858,13507.562000000002,4168237.0300000035,46989
2025-01-04,9824.17,94,72,13502.532857142856,13392.468666666666,4178061.2000000034,47083
2025-01-05,11564.98,117,85,13370.187142857143,13354.737666666666,4189626.1800000034,47200
2025-01-06,15192.94,149,109,13296.015714285715,13446.824333333332,4204819.120000004,47349
2025-01-07,17276.2,207,154,13864.42857142857,13608.650333333333,4222095.320000004,47556
2025-01-08,16180.48,158,119,14081.757142857143,13702.822666666667,4238275.8000000045,47714
2025-01-09,18793.54,257,224,14740.824285714287,13881.866333333333,4257069.3400000045,47971
2025-01-10,12354.9,117,95,14455.315714285713,13795.136666666665,4269424.240000005,48088
2025-01-11,13348.77,145,117,14958.83,13865.158333333333,4282773.010000004,48233
2025-01-12,11819.7,115,83,14995.218571428572,13881.649666666666,4294592.710000005,48348
2025-01-13,18820.68,214,187,15513.467142857142,14168.067333333334,4313413.390000004,48562
2025-01-14,12211.73,128,108,14789.971428571429,14197.579999999998,4325625.120000005,48690
2025-01-15,12129.58,133,95,14211.27142857143,14099.665,4337754.700000005,48823
2025-01-16,12645.4,127,107,13332.965714285714,13933.985333333334,4350400.100000005,48950
2025-01-17,9278.71,127,103,12893.51,13701.818,4359678.810000005,49077
2025-01-18,10181.96,141,101,12441.108571428571,13574.823666666667,4369860.770000005,49218
2025-01-19,9656.0,121,96,12132.00857142857,13420.407000000001,4379516.770000005,49339
2025-01-20,14244.58,186,148,11478.28,13578.180333333334,4393761.350000005,49525
2025-01-21,14653.35,140,103,11827.082857142856,13677.867666666665,4408414.700000005,49665
2025-01-22,18016.99,229,204,12668.141428571427,13823.271666666666,4426431.690000005,49894
2025-01-23,15968.44,146,127,13142.861428571428,13856.01,4442400.1300000055,50040
2025-01-24,12596.58,151,126,13616.842857142858,13861.138,4454996.710000006,50191
2025-01-25,9277.7,120,95,13487.662857142857,13657.344333333334,4464274.410000006,50311
2025-01-26,12325.06,121,95,13868.957142857142,13481.272,4476599.470000005,50432
2025-01-27,10927.14,113,94,13395.037142857142,13466.104666666664,4487526.610000005,50545
2025-01-28,17849.88,198,160,13851.684285714287,13644.720666666666,4505376.490000005,50743
2025-01-29,16404.67,178,127,13621.352857142858,13667.805,4521781.160000005,50921
2025-01-30,12767.15,129,104,13164.025714285714,13650.133,4534548.310000005,51050
2025-01-31,10020.1,127,109,12795.957142857142,13495.497000000001,4544568.410000005,51177
2025-02-01,14157.4,129,102,13493.057142857142,13494.741333333333,4558725.810000005,51306
2025-02-02,10917.0,100,71,13291.905714285715,13380.192666666666,4569642.810000005,51406
2025-02-03,16482.54,172,147,14085.534285714286,13602.138333333334,4586125.350000005,51578
2025-02-04,10242.21,131,97,12998.724285714286,13558.046,4596367.560000005,51709
2025-02-05,12422.17,128,96,12429.795714285716,13465.687000000002,4608789.730000005,51837
2025-02-06,13743.45,189,139,12569.267142857145,13347.928666666667,4622533.180000005,52026
2025-02-07,13826.64,194,149,13113.058571428572,13269.467333333334,4636359.820000005,52220
2025-02-08,10124.79,126,107,12536.971428571429,12980.508999999998,4646484.610000005,52346
2025-02-09,12477.12,141,113,12759.845714285717,12984.583000000002,4658961.730000005,52487
2025-02-10,11350.29,108,80,12026.667142857143,12917.967,4670312.020000005,52595
2025-02-11,13378.31,135,118,12474.681428571426,12969.920666666667,4683690.330000005,52730
2025-02-12,13948.98,140,123,12692.797142857144,12807.530666666666,4697639.310000005,52870
2025-02-13,14809.19,170,149,12845.045714285716,12894.112666666666,4712448.500000006,53040
2025-02-14,15236.37,182,136,13046.435714285715,12997.672333333332,4727684.870000006,53222
2025-02-15,8590.3,101,80,12827.222857142859,12862.502333333334,4736275.1700000055,53323
2025-02-16,7683.48,70,63,12142.417142857143,12809.328000000001,4743958.650000006,53393
2025-02-17,16463.76,230,197,12872.912857142857,13018.721333333333,4760422.410000006,53623
2025-02-18,14378.63,137,97,13015.815714285714,13176.142333333333,4774801.040000006,53760
2025-02-19,11995.87,129,92,12736.8,13101.185333333333,4786796.910000006,53889
2025-02-20,17050.41,195,155,13056.974285714286,13181.087333333333,4803847.320000006,54084
2025-02-21,13888.04,140,123,12864.355714285713,13043.455666666667,4817735.360000006,54224
2025-02-22,13624.04,152,123,13583.461428571429,12965.309000000001,4831359.400000006,54376
2025-02-23,11174.5,106,85,14082.17857142857,12917.906333333334,4842533.900000006,54482
2025-02-24,18156.34,171,123,14323.975714285714,13213.860999999999,4860690.240000006,54653
2025-02-25,17481.54,201,167,14767.24857142857,13385.743666666667,4878171.780000006,54854
2025-02-26,13069.52,161,139,14920.627142857144,13457.156333333334,4891241.300000005,55015
2025-02-27,15752.53,168,130,14735.215714285714,13387.244666666667,4906993.830000006,55183
2025-02-28,15033.1,141,121,14898.795714285716,13341.525666666665,4922026.930000005,55324
2025-03-01,14022.84,179,160,14955.767142857143,13383.382000000001,4936049.770000005,55503
2025-03-02,8887.98,94,70,14629.121428571429,13345.644666666665,4944937.750000006,55597
2025-03-03,15119.48,159,128,14195.284285714286,13377.714000000002,4960057.230000006,55756
2025-03-04,15938.43,160,121,13974.84,13545.095000000001,4975995.660000006,55916
2025-03-05,9740.8,129,111,13499.308571428572,13320.370333333332,4985736.460000006,56045
2025-03-06,11007.38,112,91,12821.430000000002,13345.876,4996743.840000005,56157
2025-03-07,9125.17,86,71,11977.44,13235.975999999999,5005869.010000005,56243
2025-03-08,10420.11,135,116,11462.764285714287,13125.198,5016289.120000006,56378
2025-03-09,12593.14,158,123,11992.072857142857,13084.081333333334,5028882.260000005,56536
2025-03-10,16921.87,155,137,12249.557142857142,13310.650666666666,5045804.1300000055,56691
2025-03-11,13782.25,178,144,11941.531428571428,13354.154999999999,5059586.3800000055,56869
2025-03-12,17205.17,165,121,13007.869999999999,13549.317666666666,5076791.550000005,57034
2025-03-13,10589.38,118,99,12948.155714285715,13456.353333333333,5087380.930000005,57152
2025-03-14,9881.97,124,106,13056.269999999999,13320.786333333333,5097262.900000005,57276
2025-03-15,10911.44,104,79,13126.459999999997,13190.861333333334,5108174.340000005,57380
2025-03-16,11883.25,135,118,13025.047142857142,13079.090666666667,5120057.590000005,57515
2025-03-17,13571.46,150,132,12546.417142857143,13245.129333333332,5133629.050000005,57665
2025-03-18,9100.53,108,82,11877.6,13292.364333333333,5142729.580000006,57773
2025-03-19,13458.79,144,129,11342.402857142859,13192.198666666665,5156188.370000006,57917
2025-03-20,10791.39,141,103,11371.261428571426,13072.624,5166979.760000005,58058
2025-03-21,15141.32,177,131,12122.597142857141,13177.472333333333,5182121.080000006,58235
2025-03-22,11881.81,109,80,12261.221428571429,13005.185666666666,5194002.890000005,58344
2025-03-23,9015.24,112,98,11851.505714285715,12842.759,5203018.1300000055,58456
2025-03-24,12560.59,130,108,11707.095714285713,12807.310666666666,5215578.720000005,58586
2025-03-25,11369.4,137,100,12031.22,12813.807333333332,5226948.120000006,58723
2025-03-26,13570.78,134,106,12047.218571428572,12660.955333333335,5240518.900000006,58857
2025-03-27,15819.43,210,173,12765.509999999998,12605.551666666666,5256338.330000006,59067
2025-03-28,11559.42,106,76,12253.81,12555.215,5267897.750000006,59173
2025-03-29,12247.25,139,122,12306.015714285715,12438.372333333333,5280145.000000006,59312
2025-03-30,9982.56,126,108,12444.204285714284,12270.021,5290127.560000005,59438
2025-03-31,12016.03,165,132,12366.41,12203.127333333334,5302143.590000005,59603
2025-04-01,13536.55,176,157,12676.002857142857,12358.079666666667,5315680.140000005,59779
2025-04-02,11506.59,127,100,12381.11857142857,12237.649999999998,5327186.730000005,59906
2025-04-03,12578.65,151,135,11918.15,12125.657333333333,5339765.3800000055,60057
2025-04-04,11174.35,108,90,11863.14,12173.442333333332,5350939.730000005,60165
2025-04-05,15545.52,178,147,12334.32142857143,12324.713666666667,5366485.250000005,60343
2025-04-06,11314.59,142,104,12524.611428571428,12397.694333333335,5377799.8400000045,60485
2025-04-07,12311.95,130,114,12566.885714285716,12460.755666666668,5390111.790000005,60615
2025-04-08,14336.87,146,115,12681.217142857144,12518.880000000001,5404448.660000005,60761
2025-04-09,13634.21,178,130,12985.16285714286,12409.291333333333,5418082.870000005,60939
2025-04-10,13410.85,175,123,13104.048571428571,12396.911333333333,5431493.720000004,61114
2025-04-11,15264.24,214,174,13688.318571428574,12332.213666666668,5446757.960000005,61328
2025-04-12,12996.13,131,106,13324.119999999999,12412.438666666667,5459754.0900000045,61459
2025-04-13,10179.48,105,89,13161.96142857143,12422.355666666666,5469933.570000005,61564
2025-04-14,12697.18,143,126,13216.994285714285,12481.880333333333,5482630.750000005,61707
2025-04-15,13376.71,129,92,13079.828571428572,12531.662333333334,5496007.460000005,61836
2025-04-16,8935.87,87,74,12408.637142857142,12377.142666666668,5504943.330000005,61923
2025-04-17,10685.37,114,84,12019.282857142856,12429.970666666666,5515628.700000005,62037
2025-04-18,17045.05,163,142,12273.684285714286,12549.512666666667,5532673.750000005,62200
2025-04-19,15076.41,193,167,12570.867142857143,12692.346666666668,5547750.160000005,62393
2025-04-20,10929.58,147,119,12678.024285714286,12551.955333333333,5558679.740000005,62540
2025-04-21,15366.28,190,160,13059.324285714287,12668.104333333333,5574046.020000005,62730
2025-04-22,14803.43,205,156,13263.141428571427,12861.044,5588849.450000005,62935
2025-04-23,20913.45,229,182,14974.224285714286,13139.472666666667,5609762.900000005,63164
2025-04-24,16624.63,155,134,15822.69,13314.647,5626387.530000005,63319
2025-04-25,13902.21,194,154,15373.712857142858,13325.694666666666,5640289.740000005,63513
2025-04-26,9503.9,127,98,14577.64,13115.177,5649793.640000005,63640
2025-04-27,8094.78,92,73,14172.66857142857,12999.689,5657888.4200000055,63732
2025-04-28,14699.86,137,119,14077.465714285714,13081.442666666668,5672588.280000006,63869
2025-04-29,12611.94,153,117,13764.395714285714,13169.088666666668,5685200.220000006,64022
2025-04-30,11171.02,124,91,12372.62,13140.921666666665,5696371.240000006,64146
2025-05-01,12901.98,180,152,11840.812857142857,13119.769333333334,5709273.220000006,64326
2025-05-02,11969.88,158,137,11564.765714285715,13135.212333333335,5721243.100000006,64484
2025-05-03,15486.23,141,102,12419.384285714286,13232.131666666666,5736729.330000007,64625
2025-05-04,13739.73,127,95,13225.805714285714,13317.644333333334,5750469.060000007,64752
2025-05-05,14408.57,205,149,13184.192857142858,13279.746000000001,5764877.630000007,64957
2025-05-06,17708.35,164,126,13912.251428571428,13492.871333333333,5782585.980000007,65121
2025-05-07,14649.4,153,121,14409.162857142857,13570.786333333332,5797235.380000007,65274
2025-05-08,12611.45,120,102,14367.658571428572,13513.272333333332,5809846.8300000075,65394
2025-05-09,17884.6,203,169,15212.61857142857,13654.952,5827731.430000007,65597
2025-05-10,13147.13,145,120,14878.461428571429,13646.161333333332,5840878.560000007,65742
2025-05-11,9707.73,108,83,14302.461428571429,13460.944333333331,5850586.2900000075,65850
2025-05-12,14199.42,147,128,14272.582857142856,13501.054,5864785.710000007,65997
2025-05-13,12720.64,168,133,13560.052857142857,13585.759333333333,5877506.350000007,66165
2025-05-14,11634.01,163,146,13129.282857142856,13550.320333333333,5889140.360000007,66328
2025-05-15,16743.25,203,168,13719.539999999999,13662.538333333332,5905883.610000007,66531
2025-05-16,18936.2,193,140,13869.76857142857,13995.882666666666,5924819.810000007,66724
2025-05-17,9088.78,116,97,13290.004285714285,13942.663,5933908.590000007,66840
2025-05-18,13434.61,139,106,13822.415714285715,13822.315,5947343.200000008,66979
2025-05-19,13395.43,123,103,13707.56,13766.282333333333,5960738.630000007,67102
2025-05-20,13786.23,187,134,13859.787142857142,13861.503999999999,5974524.860000008,67289
2025-05-21,13586.0,140,103,14138.642857142857,13802.161333333332,5988110.860000008,67429
2025-05-22,13020.14,148,129,13606.77,13742.718333333332,6001131.000000007,67577
2025-05-23,15059.6,144,107,13052.970000000001,13547.59,6016190.600000007,67721
2025-05-24,10556.98,137,119,13262.712857142858,13345.335,6026747.5800000075,67858
2025-05-25,13012.57,133,101,13202.42142857143,13315.680333333334,6039760.150000008,67991
2025-05-26,14939.8,144,119,13423.045714285714,13496.877,6054699.950000008,68135
2025-05-27,14557.66,135,113,13533.25,13712.306333333334,6069257.610000008,68270
2025-05-28,13119.98,135,108,13466.675714285713,13659.643666666667,6082377.590000008,68405
2025-05-29,13881.24,154,117,13589.69,13701.953666666666,6096258.830000008,68559
2025-05-30,16845.77,178,132,13844.857142857143,13891.112,6113104.600000008,68737
2025-05-31,13719.92,131,93,14296.705714285714,13918.376666666667,6126824.520000008,68868
2025-06-01,10501.52,113,86,13937.984285714283,13869.431333333332,6137326.0400000075,68981
2025-06-02,15505.12,218,181,14018.744285714287,13870.061,6152831.160000008,69199
2025-06-03,16974.31,158,140,14363.98,13977.880333333334,6169805.470000007,69357
2025-06-04,11683.45,120,105,14158.761428571428,13887.043,6181488.920000007,69477
2025-06-05,16586.61,171,146,14545.242857142857,13849.651666666668,6198075.530000008,69648
2025-06-06,13968.73,178,153,14134.237142857144,13826.962666666666,6212044.260000008,69826
2025-06-07,14117.28,147,122,14191.002857142857,13877.157000000001,6226161.540000008,69973
2025-06-08,11218.44,131,99,14293.42,13654.951666666668,6237379.980000009,70104
2025-06-09,11562.7,120,106,13730.217142857144,13602.137333333334,6248942.680000009,70224
2025-06-10,11988.84,161,134,13018.007142857143,13678.174333333334,6260931.520000009,70385
2025-06-11,15711.37,163,132,13593.424285714285,13728.572666666667,6276642.890000009,70548
2025-06-12,16213.28,147,106,13540.09142857143,13844.994000000002,6292856.170000009,70695
2025-06-13,13688.84,190,150,13500.107142857143,13913.488333333335,6306545.010000009,70885
2025-06-14,14519.83,133,105,13557.614285714286,13839.374333333335,6321064.840000009,71018
2025-06-15,9496.31,110,96,13311.595714285717,13524.711333333335,6330561.150000009,71128
2025-06-16,15643.13,149,121,13894.514285714284,13743.189666666667,6346204.280000009,71277
2025-06-17,13161.23,130,101,14061.998571428572,13734.077,6359365.510000009,71407
2025-06-18,14428.5,156,140,13878.73142857143,13768.512666666667,6373794.010000009,71563
2025-06-19,16004.0,161,116,13848.834285714285,13842.438333333334,6389798.010000009,71724
2025-06-20,14044.08,134,105,13899.582857142856,13857.707666666667,6403842.090000009,71858
2025-06-21,12528.33,145,103,13615.082857142856,13841.314,6416370.420000009,72003
2025-06-22,15625.63,188,159,14490.699999999999,13860.181666666665,6431996.050000009,72191
2025-06-23,14780.14,153,135,14367.415714285715,14000.953666666666,6446776.190000009,72344
2025-06-24,17925.4,175,132,15048.011428571426,14164.714666666667,6464701.590000009,72519
2025-06-25,13639.16,136,119,14935.24857142857,14121.359999999999,6478340.750000009,72655
2025-06-26,17327.76,170,129,15124.357142857143,14213.696666666667,6495668.510000009,72825
2025-06-27,19371.37,222,196,15885.398571428572,14422.076333333333,6515039.880000009,73047
2025-06-28,8200.06,80,68,15267.074285714287,14232.703666666666,6523239.940000009,73127
2025-06-29,11922.3,159,137,14738.027142857143,14068.587999999998,6535162.240000009,73286
2025-06-30,17582.83,192,135,15138.41142857143,14197.351666666666,6552745.070000009,73478
2025-07-01,15904.39,226,202,14849.695714285714,14377.447333333335,6568649.460000008,73704
2025-07-02,17205.43,207,175,15359.162857142857,14434.124333333333,6585854.890000008,73911
2025-07-03,15097.96,178,135,15040.619999999999,14371.579333333333,6600952.850000008,74089
2025-07-04,16655.03,194,168,14652.57142857143,14537.298666666667,6617607.880000008,74283
2025-07-05,13559.83,139,105,15418.252857142856,14436.405999999999,6631167.710000008,74422
2025-07-06,16509.2,193,169,16073.524285714284,14521.088333333335,6647676.9100000085,74615
2025-07-07,17137.53,195,141,16009.91,14621.763333333332,6664814.440000009,74810
2025-07-08,17358.21,218,183,16217.598571428569,14826.422333333332,6682172.650000009,75028
2025-07-09,15746.99,185,150,16009.25,14965.898666666668,6697919.640000009,75213
2025-07-10,15617.97,197,142,16083.537142857143,15086.869666666666,6713537.610000009,75410
2025-07-11,15776.58,216,162,15958.044285714286,15089.043333333333,6729314.190000009,75626
2025-07-12,15033.44,160,112,16168.56,15049.715333333334,6744347.630000009,75786
2025-07-13,13276.84,137,109,15706.794285714286,15035.981999999998,6757624.470000009,75923
2025-07-14,17477.79,184,140,15755.402857142859,15134.580666666667,6775102.260000009,76107
2025-07-15,21443.34,242,198,16338.992857142857,15532.814999999999,6796545.600000009,76349
2025-07-16,18831.01,221,168,16779.567142857144,15639.077666666666,6815376.610000009,76570
2025-07-17,16234.25,155,118,16867.60714285714,15741.511666666665,6831610.860000009,76725
2025-07-18,19631.02,216,183,17418.24142857143,15914.929,6851241.880000008,76941
2025-07-19,13527.3,152,108,17203.07857142857,15832.372333333333,6864769.180000008,77093
2025-07-20,9977.79,140,123,16731.785714285714,15696.829333333333,6874746.970000008,77233
2025-07-21,14880.32,178,155,16360.718571428572,15775.229,6889627.290000008,77411
2025-07-22,13018.68,153,128,15157.195714285714,15688.330666666669,6902645.970000008,77564
2025-07-23,16397.24,191,156,14809.514285714284,15742.234,6919043.210000008,77755
2025-07-24,17247.08,185,163,14954.204285714286,15719.623333333331,6936290.290000008,77940
2025-07-25,20930.55,229,169,15139.85142857143,15962.669666666667,6957220.840000008,78169
2025-07-26,15397.27,163,117,15406.990000000002,15898.32,6972618.110000008,78332
2025-07-27,14231.48,141,105,16014.660000000002,15726.990333333333,6986849.590000008,78473
2025-07-28,19173.47,187,161,16627.967142857142,16092.770666666667,7006023.060000008,78660
2025-07-29,12519.36,127,90,16556.635714285712,16112.672666666667,7018542.420000008,78787
2025-07-30,17937.09,166,136,16776.614285714288,16124.481333333333,7036479.510000008,78953
2025-07-31,19149.31,271,244,17048.36142857143,16232.645333333332,7055628.820000008,79224
2025-08-01,14234.97,183,159,16091.85,16133.63,7069863.7900000075,79407
2025-08-02,17438.35,248,199,16383.432857142858,16211.643,7087302.140000007,79655
2025-08-03,15700.79,164,117,16593.334285714285,16179.835,7103002.930000007,79819
2025-08-04,16676.23,157,136,16236.585714285715,16283.715,7119679.160000008,79976
2025-08-05,19015.5,238,195,17164.605714285713,16367.258333333333,7138694.660000008,80214
2025-08-06,22652.18,212,153,17838.19,16551.08,7161346.840000007,80426
2025-08-07,18089.78,250,180,17686.82857142857,16575.465666666667,7179436.620000008,80676
2025-08-08,18268.52,170,150,18263.05,16659.516666666666,7197705.140000007,80846
2025-08-09,14144.33,168,140,17792.475714285716,16610.395333333334,7211849.470000007,81014
2025-08-10,13317.49,180,156,17452.004285714287,16528.425666666666,7225166.960000007,81194
2025-08-11,19645.82,220,193,17876.231428571427,16682.17166666667,7244812.780000008,81414
2025-08-12,15967.35,199,162,17440.78142857143,16771.855333333333,7260780.130000007,81613
2025-08-13,18039.54,222,178,16781.832857142857,16790.58033333333,7278819.670000007,81835
2025-08-14,16862.31,205,161,16606.48,16637.879333333334,7295681.980000007,82040
2025-08-15,18997.68,186,142,16710.645714285714,16643.435,7314679.660000007,82226
2025-08-16,16108.43,176,138,16991.231428571427,16639.241,7330788.090000006,82402
2025-08-17,17687.1,215,184,17615.46142857143,16574.443666666666,7348475.190000006,82617
2025-08-18,16912.3,179,147,17224.95857142857,16687.277,7365387.490000006,82796
2025-08-19,17470.11,177,155,17439.63857142857,16937.021,7382857.600000006,82973
2025-08-20,15939.72,197,155,17139.664285714283,16972.334333333336,7398797.320000006,83170
2025-08-21,17144.39,198,163,17179.96142857143,17109.858,7415941.710000006,83368
2025-08-22,18980.39,253,209,17177.49142857143,17195.963,7434922.100000005,83621
2025-08-23,17243.85,223,182,17339.694285714286,17195.855333333333,7452165.950000005,83844
2025-08-24,13577.51,140,118,16752.609999999997,16950.754,7465743.460000005,83984
2025-08-25,20146.85,261,195,17214.68857142857,17109.073333333334,7485890.310000004,84245
2025-08-26,21243.21,233,187,17753.702857142856,17342.797666666665,7507133.520000004,84478
2025-08-27,19197.09,195,141,18219.04142857143,17343.585,7526330.610000004,84673
2025-08-28,22442.84,302,235,18975.962857142855,17674.36766666667,7548773.450000004,84975
2025-08-29,16637.54,179,143,18641.27,17631.049333333332,7565410.990000004,85154
2025-08-30,13027.24,162,135,18038.897142857142,17426.980333333333,7578438.230000004,85316
2025-08-31,11877.53,109,97,17796.042857142857,17348.399,7590315.760000004,85425
2025-09-01,21706.86,243,199,18018.90142857143,17490.682666666668,7612022.620000005,85668
2025-09-02,19879.62,194,165,17824.102857142858,17629.977000000003,7631902.240000005,85862
2025-09-03,18341.8,199,159,17701.91857142857,17685.496,7650244.040000005,86061
2025-09-04,19103.69,266,220,17224.897142857142,17688.435666666664,7669347.730000005,86327
2025-09-05,16034.96,168,120,17138.814285714285,17467.861666666668,7685382.690000005,86495
2025-09-06,21314.56,197,148,18322.717142857142,17575.354333333333,7706697.250000005,86692
2025-09-07,16240.66,173,134,18946.02142857143,17507.759000000002,7722937.910000005,86865
2025-09-08,18819.1,183,145,18533.484285714287,17663.584666666666,7741757.010000004,87048
2025-09-09,20196.77,192,136,18578.79142857143,17892.893999999997,7761953.780000004,87240
2025-09-10,19679.54,249,181,18769.897142857142,17894.017999999996,7781633.320000004,87489
2025-09-11,19134.69,244,184,18774.325714285715,17999.596,7800768.010000004,87733
2025-09-12,16923.5,179,160,18901.260000000002,17962.394666666667,7817691.510000004,87912
2025-09-13,17119.75,198,152,18302.001428571428,17970.976000000002,7834811.260000004,88110
2025-09-14,20242.53,195,155,18873.697142857145,18012.471,7855053.790000005,88305
2025-09-15,21681.13,205,152,19282.558571428573,18198.227666666666,7876734.920000005,88510
2025-09-16,22244.92,264,217,19575.15142857143,18350.155000000002,7898979.8400000045,88774
2025-09-17,17633.5,222,168,19282.859999999997,18374.195,7916613.3400000045,88996
2025-09-18,16598.89,164,122,18920.602857142858,18345.154333333332,7933212.230000004,89160
2025-09-19,18516.69,229,184,19148.20142857143,18431.053333333333,7951728.920000005,89389
2025-09-20,16332.98,159,111,19035.80571428571,18404.00633333333,7968061.900000005,89548
2025-09-21,18634.14,214,150,18806.035714285714,18392.464666666663,7986696.040000005,89762
2025-09-22,15119.59,156,116,17868.672857142858,18321.656,8001815.630000005,89918
2025-09-23,22223.68,301,213,17865.63857142857,18609.861666666668,8024039.310000004,90219
2025-09-24,18526.27,195,141,17993.17714285714,18555.842333333334,8042565.580000004,90414
2025-09-25,17949.52,204,157,18186.124285714286,18446.05266666667,8060515.100000003,90618
2025-09-26,16676.36,178,153,17923.219999999998,18362.028333333332,8077191.460000004,90796
2025-09-27,12676.19,165,134,17400.821428571428,18036.47333333333,8089867.650000004,90961
2025-09-28,18141.29,182,146,17330.414285714283,18086.59833333333,8108008.940000004,91143
2025-09-29,19104.62,183,139,17899.704285714288,18289.177666666666,8127113.560000004,91326
2025-09-30,16117.96,205,182,17027.45857142857,18430.525333333335,8143231.520000004,91531
2025-10-01,16118.81,218,170,16683.535714285714,18244.256999999998,8159350.330000004,91749
2025-10-02,18240.93,257,184,16725.165714285715,18189.634,8177591.2600000035,92006
2025-10-03,22662.72,237,195,17580.36,18333.664666666667,8200253.980000003,92243
2025-10-04,15830.55,168,121,18030.98285714286,18224.559999999998,8216084.530000003,92411
2025-10-05,13105.07,143,110,17311.522857142856,18126.897,8229189.600000003,92554
2025-10-06,18481.24,233,187,17222.46857142857,18032.452999999998,8247670.840000004,92787
2025-10-07,18431.34,215,188,17552.95142857143,18105.47566666667,8266102.180000003,93002
2025-10-08,13107.18,140,112,17122.718571428573,17915.07833333333,8279209.360000003,93142
2025-10-09,18929.45,211,177,17221.07857142857,17872.834333333336,8298138.810000003,93353
2025-10-10,18548.97,169,152,16633.4,17835.148666666664,8316687.780000003,93522
2025-10-11,17996.36,238,173,16942.801428571427,17797.204333333335,8334684.140000003,93760
2025-10-12,20539.66,210,159,18004.885714285716,17917.743000000002,8355223.800000004,93970
2025-10-13,21557.22,250,195,18444.31142857143,18065.658666666666,8376781.020000003,94220
2025-10-14,18493.6,212,166,18453.205714285716,18007.361,8395274.620000003,94432
2025-10-15,16656.74,169,132,18960.285714285714,17839.881333333335,8411931.360000003,94601
2025-10-16,24758.0,253,223,19792.93571428571,17923.65066666667,8436689.360000003,94854
2025-10-17,19231.98,175,147,19890.50857142857,17976.933333333334,8455921.340000004,95029
2025-10-18,16537.0,220,181,19682.028571428575,17974.870333333332,8472458.340000004,95249
2025-10-19,16457.51,222,169,19098.864285714284,17906.231000000003,8488915.850000003,95471
2025-10-20,19550.18,198,171,18812.144285714287,18013.471,8508466.030000003,95669
2025-10-21,18800.19,202,180,18855.942857142858,18019.006,8527266.220000003,95871
2025-10-22,17858.7,221,191,19027.65142857143,18110.309666666668,8545124.920000002,96092
2025-10-23,17920.22,245,172,18050.825714285715,17966.860999999997,8563045.140000002,96337
2025-10-24,19053.4,259,214,18025.31428571429,17984.431999999997,8582098.540000003,96596
2025-10-25,15331.66,145,103,17853.12285714286,17897.17,8597430.200000003,96741
2025-10-26,14960.26,193,145,17639.230000000003,17839.966666666667,8612390.460000003,96934
2025-10-27,19363.59,233,166,17612.574285714287,18062.88,8631754.050000003,97167
2025-10-28,18569.02,235,193,17579.55,18077.137666666666,8650323.070000002,97402
2025-10-29,22438.89,266,223,18233.86285714286,18188.280000000002,8672761.960000003,97668
2025-10-30,13297.7,183,132,17573.50285714286,18094.271333333334,8686059.660000002,97851
2025-10-31,21530.5,237,184,17927.374285714286,18274.661,8707590.160000002,98088
2025-11-01,19269.53,265,210,18489.927142857145,18308.947666666667,8726859.690000001,98353
2025-11-02,11965.27,117,91,18062.071428571428,17952.365999999998,8738824.96,98470
2025-11-03,18371.01,232,168,17920.274285714284,18037.048,8757195.97,98702
2025-11-04,18305.59,200,157,17882.641428571427,18210.398666666668,8775501.56,98902
2025-11-05,16023.69,152,129,16966.184285714284,18128.480333333333,8791525.25,99054
2025-11-06,17406.11,181,129,17553.1,18094.305999999997,8808931.36,99235
2025-11-07,16670.77,183,131,16858.852857142858,18213.092333333334,8825602.129999999,99418
2025-11-08,20365.41,245,189,17015.407142857144,18260.957666666665,8845967.54,99663
2025-11-09,18564.94,223,198,17958.217142857142,18261.489999999998,8864532.479999999,99886
2025-11-10,21899.54,226,188,18462.292857142857,18391.596,8886432.019999998,100112
2025-11-11,20685.14,188,157,18802.22857142857,18396.445333333333,8907117.159999998,100300
2025-11-12,16608.54,172,133,18885.778571428575,18231.48933333333,8923725.699999997,100472
2025-11-13,17933.18,194,159,18961.074285714283,18212.808666666668,8941658.879999997,100666
2025-11-14,20158.09,203,143,19459.262857142858,18329.520333333334,8961816.969999997,100869
2025-11-15,13786.8,156,129,18519.461428571427,17963.81366666667,8975603.769999998,101025
2025-11-16,18037.78,249,220,18444.152857142857,17924.006999999998,8993641.549999997,101274
2025-11-17,18533.86,200,165,17963.341428571428,17990.569,9012175.409999996,101474
2025-11-18,18231.06,168,147,17612.75857142857,18049.68733333333,9030406.469999997,101642
2025-11-19,20612.56,268,226,18184.76142857143,18085.1,9051019.029999997,101910
2025-11-20,20018.32,205,148,18482.63857142857,18125.704333333335,9071037.349999998,102115
2025-11-21,18239.02,234,206,18208.485714285714,18138.381666666668,9089276.369999997,102349
2025-11-22,18975.6,208,148,18949.742857142857,18173.561,9108251.969999997,102557
2025-11-23,14038.38,190,153,18378.4,18006.393666666667,9122290.349999998,102747
2025-11-24,20363.15,231,168,18639.727142857144,18174.11,9142653.499999998,102978
2025-11-25,20304.02,203,143,18935.864285714284,18352.23533333333,9162957.519999998,103181
2025-11-26,18309.05,218,171,18606.79142857143,18317.084,9181266.569999998,103399
2025-11-27,19698.15,204,155,18561.052857142855,18354.721666666668,9200964.719999999,103603
2025-11-28,16218.56,159,127,18272.415714285715,18147.37733333333,9217183.28,103762
2025-11-29,18393.98,172,140,18189.327142857142,18317.253333333338,9235577.26,103934
2025-11-30,15944.22,201,142,18461.59,18131.044,9251521.48,104135
2025-12-01,17790.67,207,150,18094.092857142856,18081.748666666666,9269312.15,104342
2025-12-02,21237.92,279,226,18227.507142857143,18390.837,9290550.07,104621
2025-12-03,17369.77,158,121,18093.324285714287,18357.462333333333,9307919.84,104779
2025-12-04,15809.73,148,125,17537.835714285717,18274.267,9323729.57,104927
2025-12-05,15472.58,169,140,17431.26714285714,18255.896666666664,9339202.15,105096
2025-12-06,17619.01,170,148,17320.557142857142,18262.993333333332,9356821.16,105266
2025-12-07,13457.29,148,124,16965.28142857143,18155.87733333333,9370278.45,105414
2025-12-08,22723.04,239,188,17669.905714285713,18234.465000000004,9393001.489999998,105653
2025-12-09,14270.34,194,162,16674.537142857145,18091.311666666665,9407271.829999998,105847
2025-12-10,22570.72,225,170,17417.530000000002,18113.684333333335,9429842.549999999,106072
2025-12-11,19290.52,257,196,17914.785714285714,18067.196999999996,9449133.069999998,106329
2025-12-12,18601.14,181,155,18361.722857142857,18133.617000000002,9467734.209999999,106510
2025-12-13,15002.56,148,117,17987.944285714286,18035.929666666667,9482736.77,106658
2025-12-14,17066.82,174,150,18503.591428571428,17932.887333333332,9499803.59,106832
2025-12-15,18693.14,262,226,17927.89142857143,18096.431999999997,9518496.73,107094
2025-12-16,21190.29,258,225,18916.455714285716,18201.515666666666,9539687.02,107352
2025-12-17,19001.31,236,208,18406.54,18217.09733333333,9558688.33,107588
2025-12-18,19067.55,226,178,18374.687142857143,18244.980333333333,9577755.88,107814
2025-12-19,17923.71,244,186,18277.911428571428,18155.352,9595679.590000002,108058
2025-12-20,15985.06,149,122,18418.26857142857,18020.91,9611664.650000002,108207
2025-12-21,16774.1,182,141,18376.45142857143,17972.079333333335,9628438.750000002,108389
2025-12-22,14921.09,181,148,17837.587142857144,17836.929,9643359.840000002,108570
2025-12-23,15703.91,183,154,17053.818571428572,17892.446666666663,9659063.750000002,108753
2025-12-24,20291.49,231,194,17238.129999999997,17890.058,9679355.240000002,108984
2025-12-25,19018.56,202,157,17231.131428571425,17847.209333333336,9698373.800000003,109186
2025-12-26,18224.18,201,147,17274.055714285714,17844.380333333334,9716597.980000002,109387
2025-12-27,16055.76,150,118,17284.155714285713,17722.967333333334,9732653.740000002,109537
2025-12-28,16766.11,187,136,17283.014285714286,17741.218999999997,9749419.850000001,109724
2025-12-29,17400.16,159,140,17637.167142857143,17708.091666666667,9766820.010000002,109883
2025-12-30,16861.55,162,125,17802.544285714288,17738.669333333335,9783681.560000002,110045
