student_id,score,study_hours,status
1001,61.0,2.216120585563797,In Progress
1002,56.0,16.670121509593145,Passed
1003,78.0,6.5552790978316695,Passed
1004,60.0,9.43446963562118,Failed
1005,82.0,1.41635324672517,Passed
1006,55.0,6.719875478851948,Failed
1007,96.0,10.549993609972478,Passed
1008,64.0,2.0673454696013414,In Progress
1009,81.0,10.330818858280136,Passed
1010,60.0,18.61510194831012,Failed
1011,74.0,3.0024711440482994,Passed
1012,75.0,15.524373833434582,In Progress
1013,83.0,10.226638879347412,Failed
1014,95.0,10.226638879347412,In Progress
1015,83.0,5.944495361719357,In Progress
1016,78.0,4.030352988285808,Failed
1017,53.0,4.048789671153302,In Progress
1018,66.0,2.339346967219748,In Progress
1019,84.0,4.5272873931236175,Passed
1020,62.0,13.620168314790398,In Progress
1021,90.0,17.752121625026653,In Progress
1022,88.0,16.468388026232077,In Progress
1023,64.0,14.017551887615198,In Progress
1024,78.0,3.09820540481095,Failed
1025,78.0,6.494561479623047,Passed
1026,60.0,6.886330631126911,In Progress
1027,81.0,5.749181981554804,In Progress
1028,51.0,10.78510753448474,Failed
1029,96.0,11.17552248271378,In Progress
1030,74.0,7.780833528251094,Failed
1031,69.0,7.721994015992284,Passed
1032,71.0,16.742556360215545,Passed
1033,60.0,15.996564118074026,In Progress
1034,76.0,6.848120801934167,In Progress
1035,52.0,18.361980433591928,In Progress
1036,66.0,19.10348532304761,Failed
1037,93.0,7.208108298570775,In Progress
1038,77.0,7.734074027068043,In Progress
1039,78.0,10.607048915017218,Passed
1040,70.0,18.8812954381398,In Progress
1041,96.0,17.65006922970392,Passed
1042,65.0,2.948791289088206,In Progress
1043,74.0,8.461884122156908,Passed
1044,69.0,11.514052605245665,In Progress
1045,55.0,10.55951697847926,Passed
1046,68.0,4.683398290800961,Failed
1047,54.0,17.317518652194938,Passed
1048,52.0,13.86187487693991,Passed
1049,50.0,16.92025912218427,Passed
1050,87.0,17.31652130763997,In Progress
1051,64.0,15.218761219649055,In Progress
1052,83.0,9.345001423744629,In Progress
1053,84.0,12.600388345293066,Failed
1054,98.0,10.226638879347412,Failed
1055,74.0,13.799262932023248,Passed
1056,73.0,4.405811859046334,Failed
1057,61.0,14.18504221969298,Passed
1058,67.0,5.362365054325404,Passed
1059,74.0,3.2334747028541795,Passed
1060,93.0,4.140405312716191,Failed
1061,65.0,1.0378505691623352,In Progress
1062,76.0,10.226638879347412,Failed
1063,57.0,14.915619932109204,Passed
1064,95.0,10.78373364835193,Passed
1065,74.0,4.06589322005229,Failed
1066,66.0,2.587532412703105,Passed
1067,78.0,1.3634503623084533,Passed
1068,57.0,4.149215362339193,Failed
1069,64.0,17.926255164679787,Failed
1070,76.0,5.589199992331953,Failed
1071,95.0,7.731155217127098,Passed
1072,99.0,3.0015642051453306,Passed
1073,74.0,5.224864790215236,In Progress
1074,52.0,10.865266844823898,In Progress
1075,78.0,12.5473009788174,Failed
1076,93.0,5.66169396915801,In Progress
1077,73.0,2.096911025277227,Passed
1078,52.0,8.429624513420574,In Progress
1079,69.0,5.449864047600348,Passed
1080,95.0,5.171524541366237,Failed
1081,64.0,19.23739325155565,Failed
1082,74.0,12.709709232588756,Passed
1083,79.0,11.58069042026982,In Progress
1084,63.0,8.899726966943117,Failed
1085,56.0,9.14994233517274,Failed
1086,66.0,11.277195072923536,In Progress
1087,93.0,14.232166333686038,In Progress
1088,69.0,14.34077582745476,Passed
1089,85.0,4.2621842464035415,In Progress
1090,58.0,10.502142289455913,In Progress
1091,87.0,8.827203805647937,In Progress
1092,97.0,17.5400123591183,Passed
1093,71.0,12.996959503149151,Passed
1094,51.0,11.117577261903657,Failed
1095,73.0,3.19249820139943,Passed
1096,57.0,12.507119897144818,Failed
1097,60.0,3.226874207924435,In Progress
1098,62.0,7.40692493574929,Failed
1099,74.0,3.7139973314723056,Failed
1100,57.0,14.14939929346301,In Progress
1101,74.0,4.9187901628869,Failed
1102,67.0,8.445328090572493,Passed
1103,79.0,18.0178207747568,Passed
1104,67.0,4.882011284580436,Passed
1105,95.0,10.648296215216805,Passed
1106,96.0,8.966161562154419,Failed
1107,80.0,1.344356779868865,Failed
1108,87.0,16.062404157883442,In Progress
1109,81.0,2.3118722199773947,Failed
1110,60.0,10.010845398562118,Failed
1111,94.0,11.65288760384005,Failed
1112,74.0,12.940102675677156,In Progress
1113,82.0,14.084000956849636,Passed
1114,87.0,5.812175286931587,Failed
1115,90.0,1.189596756510538,In Progress
1116,57.0,14.745429584743327,In Progress
1117,60.0,11.177475387603993,In Progress
1118,71.0,16.886236360937726,Passed
1119,73.0,16.606378895113192,Failed
1120,90.0,17.02319718796978,In Progress
1121,66.0,10.216798539611265,Passed
1122,61.0,7.338939520900447,In Progress
1123,95.0,16.039605849236032,In Progress
1124,81.0,10.226638879347412,In Progress
1125,64.0,4.485401731665256,In Progress
1126,65.0,17.244506371668013,In Progress
1127,71.0,17.7686376586746,Passed
1128,77.0,9.859885366663232,Failed
1129,74.0,2.4382948188859617,Failed
1130,82.0,8.368695708421694,Failed
1131,59.0,16.267215529789464,Failed
1132,89.0,18.133706542378345,Passed
1133,81.0,4.865982107454321,Passed
1134,99.0,2.272498628480159,Passed
1135,82.0,17.669658609523935,In Progress
1136,51.0,8.39869384059863,In Progress
1137,82.0,11.2934583210837,In Progress
1138,82.0,19.393250428964414,Failed
1139,90.0,2.2647298303702343,In Progress
1140,62.0,13.318042141589816,Failed
1141,79.0,2.4080030289224745,In Progress
1142,82.0,8.133909640863507,Failed
1143,62.0,16.27247635867549,In Progress
1144,75.0,9.235972422357056,In Progress
1145,71.0,19.94646472415606,Passed
1146,74.0,11.62212641398544,In Progress
1147,51.0,7.102080900083116,In Progress
1148,87.0,5.1821151921903095,Passed
1149,88.0,7.659890151437074,Failed
1150,75.0,8.078132201431465,Passed
1151,95.0,2.3055598767552583,Passed
1152,99.0,8.02190978910869,Failed
1153,64.0,9.820531875045273,In Progress
1154,83.0,14.732017292537288,Failed
1155,91.0,13.47786020971055,In Progress
1156,93.0,14.46654744935393,In Progress
1157,98.0,1.1589099556602849,Failed
1158,89.0,5.135680592030185,Passed
1159,60.0,13.572001479597274,Failed
1160,52.0,10.195797995415196,In Progress
1161,55.0,1.100956037698573,Failed
1162,58.0,16.285398206204626,Failed
1163,55.0,15.68338189251641,In Progress
1164,58.0,11.41996409687769,Passed
1165,88.0,2.26280318974917,Failed
1166,80.0,15.563785941119107,In Progress
1167,81.0,12.090558166895915,In Progress
1168,90.0,15.857239566001224,Failed
1169,74.0,15.283192855520968,Passed
1170,61.0,16.257039367198907,Failed
1171,57.0,10.842153261687873,Passed
1172,74.0,3.666165845676785,Passed
1173,99.0,13.751991994214086,Passed
1174,77.0,12.78900191598744,Passed
1175,69.0,10.226638879347412,Failed
1176,96.0,4.2277391149639705,In Progress
1177,56.0,4.704528798105495,In Progress
1178,60.0,17.917780827167242,In Progress
1179,69.0,15.249578170589343,In Progress
1180,65.0,18.25634128530613,In Progress
1181,53.0,15.415591102114494,In Progress
1182,55.0,12.345950813815737,Failed
1183,71.0,13.4285220035296,Passed
1184,75.0,17.89343055486019,In Progress
1185,52.0,11.99732833572687,Failed
1186,90.0,13.01543516223936,In Progress
1187,91.0,3.973057604068411,In Progress
1188,63.0,10.004503182205951,Passed
1189,60.0,14.61154512720388,Passed
1190,67.0,6.147911268010943,Passed
1191,61.0,4.842829429966164,In Progress
1192,72.0,6.962709356263895,In Progress
1193,61.0,5.588511931863835,In Progress
1194,62.0,5.083340103691521,Passed
1195,74.0,9.072166014493652,Failed
1196,94.0,18.248931763787148,In Progress
1197,68.0,10.634133288035647,In Progress
1198,95.0,4.570487235491138,In Progress
1199,85.0,2.4624617182366078,Failed
1200,94.0,14.22696675762058,In Progress
1201,57.0,8.273176524291369,Failed
1202,78.0,16.614787985121826,In Progress
1203,81.0,13.530704604174634,Failed
1204,93.0,16.128587560286,In Progress
1205,67.0,6.166974748950526,Passed
1206,74.0,14.154819526760104,Passed
1207,67.0,6.017177709180657,Passed
1208,68.0,18.84230110955554,Passed
1209,74.0,13.091111349134112,In Progress
1210,86.0,7.1657242033315,Passed
1211,81.0,6.1207253835531805,Failed
1212,90.0,4.627605116361226,Passed
1213,52.0,14.198178218980829,Passed
1214,77.0,5.1555966469606185,Passed
1215,59.0,12.310762052622293,In Progress
1216,84.0,6.028065511581789,Passed
1217,78.0,13.577409951083505,Failed
1218,64.0,16.483854842270247,Passed
1219,82.0,15.78247961974841,Passed
1220,56.0,15.456175287684852,Passed
1221,61.0,4.56672570815279,Failed
1222,98.0,2.679313992705856,Passed
1223,79.0,14.280027741260326,Failed
1224,70.0,7.998597062092675,Failed
1225,80.0,9.214578301663598,Passed
1226,73.0,10.226638879347412,Failed
1227,69.0,5.931952536225935,In Progress
1228,86.0,1.6398516736148163,Passed
1229,53.0,17.704529679423704,Passed
1230,77.0,5.624536981152079,Failed
1231,93.0,11.589406221887153,Failed
1232,69.0,1.7406070925614778,Passed
1233,73.0,13.670100434807503,In Progress
1234,99.0,7.137519569327783,Failed
1235,98.0,18.06046455219565,Failed
1236,81.0,17.874245589746682,In Progress
1237,90.0,7.180521748873208,In Progress
1238,74.0,18.11825701811889,Passed
1239,83.0,19.9269957964768,In Progress
1240,85.0,16.682897618355014,Passed
1241,51.0,17.05255560734935,In Progress
1242,64.0,5.731165986072709,Failed
1243,83.0,11.95734557829737,Passed
1244,85.0,2.277862365379989,Passed
1245,74.0,2.8034407996117245,Passed
1246,88.0,19.97895962863252,In Progress
1247,91.0,10.226638879347412,Failed
1248,61.0,15.21549432892808,Passed
1249,52.0,16.326636007509514,Passed
1250,94.0,17.302442149137356,Passed
1251,67.0,19.95493765064097,Passed
1252,89.0,5.588433219880489,Failed
1253,70.0,1.7666657103342944,In Progress
1254,64.0,8.812638841897133,Failed
1255,82.0,3.471532726749992,Passed
1256,84.0,10.226638879347412,Failed
1257,75.0,7.848109715688236,Passed
1258,57.0,15.891026770429493,In Progress
1259,85.0,11.757433133276349,In Progress
1260,97.0,6.942781794996727,In Progress
1261,79.0,13.432498104361674,Passed
1262,72.0,5.408345425867403,Failed
1263,91.0,1.2732474753696157,In Progress
1264,93.0,15.52271434229212,Passed
1265,63.0,12.851118612416172,Passed
1266,63.0,15.48374986551824,Failed
1267,51.0,1.7398223170656466,In Progress
1268,86.0,10.226638879347412,Passed
1269,54.0,12.770997800689765,Failed
1270,87.0,11.704511663540163,In Progress
1271,94.0,12.8676669141761,Failed
1272,90.0,17.424231690498917,Failed
1273,96.0,12.151793624619234,Passed
1274,63.0,12.038057217875409,Passed
1275,88.0,10.226638879347412,Passed
1276,74.0,15.377873174302792,Failed
1277,69.0,9.40358230357157,Passed
1278,51.0,14.440543000625627,Failed
1279,88.0,8.395378962143981,Failed
1280,55.0,5.348633787186481,Passed
1281,66.0,12.340185660867428,In Progress
1282,74.0,18.63545986416508,In Progress
1283,77.0,18.653650880293792,In Progress
1284,51.0,7.496200284004316,Failed
1285,84.0,10.226638879347412,Failed
1286,74.0,5.021082072827363,Failed
1287,54.0,19.916991080478784,Passed
1288,50.0,19.641240249490775,Failed
1289,89.0,13.3406696644415,Passed
1290,61.0,16.283867133871993,Passed
1291,74.0,14.5869030643903,In Progress
1292,74.0,12.270006161749896,In Progress
1293,72.0,2.013611942789056,In Progress
1294,96.0,9.64052250850056,Passed
1295,80.0,13.8209397411808,Passed
1296,60.0,13.873100663790009,Passed
1297,59.0,8.08932975002529,Failed
1298,52.0,18.89214774650258,Passed
1299,63.0,4.179783612498839,In Progress
1300,65.0,10.506829478095652,In Progress
1301,59.0,14.126795554465634,Passed
1302,78.0,14.245580311944376,Passed
1303,59.0,13.324140178607497,In Progress
1304,61.0,6.230476055585343,Passed
1305,79.0,3.9679248050458176,In Progress
1306,90.0,13.082866209707506,Failed
1307,50.0,12.386740206649318,In Progress
1308,54.0,4.407764195495579,Failed
1309,69.0,14.397643765840703,Passed
1310,57.0,9.648267842939472,Passed
1311,92.0,13.687451240459906,Failed
1312,61.0,16.90997451563286,Passed
1313,74.0,4.22484014296154,Failed
1314,69.0,1.363752491939897,Passed
1315,77.0,15.80294914151995,In Progress
1316,92.0,12.584251077899705,Passed
1317,86.0,14.293151822820311,In Progress
1318,96.0,16.92494452478421,In Progress
1319,86.0,16.25340776166551,Failed
1320,61.0,19.257482791647668,Passed
1321,86.0,11.182766498190244,Failed
1322,98.0,10.281417020538202,Passed
1323,98.0,8.635856797923871,In Progress
1324,93.0,3.9201298140398864,In Progress
1325,77.0,11.879537424758428,Passed
1326,96.0,6.263237962193597,Passed
1327,64.0,10.226638879347412,Failed
1328,55.0,12.080625281264854,Passed
1329,93.0,12.263963429654092,Passed
1330,69.0,7.74356855666319,Passed
1331,99.0,1.9877976875764425,Failed
1332,63.0,1.6031315420867838,Passed
1333,74.0,9.043367738910751,In Progress
1334,58.0,2.606742183847519,Failed
1335,74.0,12.530092155262643,Failed
1336,74.0,17.738487107153492,In Progress
1337,75.0,17.77538151385572,In Progress
1338,78.0,10.226638879347412,In Progress
1339,50.0,10.226638879347412,Passed
1340,84.0,17.396939795818568,In Progress
1341,55.0,10.226638879347412,Passed
1342,86.0,4.736418114106216,Failed
1343,54.0,15.011095629642869,Failed
1344,82.0,6.443871429615336,In Progress
1345,98.0,16.250165934705663,Passed
1346,63.0,19.94752009816845,In Progress
1347,61.0,1.5704941012584634,In Progress
1348,74.0,18.049951450027702,Passed
1349,69.0,12.829980138374504,In Progress
1350,99.0,19.4942697641316,Failed
1351,73.0,9.835180833002124,In Progress
1352,92.0,17.100370680856102,Passed
1353,83.0,2.1854873033672675,Passed
1354,74.0,7.370301951487619,Failed
1355,99.0,2.273314217272989,Passed
1356,78.0,19.53151953610234,Passed
1357,74.0,16.5225042381649,Failed
1358,80.0,17.19840100367344,In Progress
1359,96.0,18.82133939724399,Failed
1360,92.0,2.6169662362759216,In Progress
1361,99.0,8.326354257753334,Failed
1362,72.0,2.3496628918360405,In Progress
1363,93.0,5.005068929450544,Failed
1364,87.0,5.357949763715775,In Progress
1365,69.0,9.913037009903997,Failed
1366,72.0,6.102681181619209,In Progress
1367,94.0,2.9185840295374605,Failed
1368,65.0,4.182330692788046,Passed
1369,99.0,3.798235707489728,In Progress
1370,91.0,19.48845916033367,Failed
1371,57.0,10.226638879347412,In Progress
1372,74.0,19.38746784012168,In Progress
1373,70.0,9.355069243650265,Failed
1374,50.0,6.289001151590475,In Progress
1375,57.0,16.167570746974548,Failed
1376,78.0,7.198824442781789,Passed
1377,81.0,6.688284100401617,In Progress
1378,74.0,5.417613851948793,Passed
1379,54.0,3.463900586260472,In Progress
1380,96.0,5.872798159318553,In Progress
1381,71.0,7.751075221003866,In Progress
1382,96.0,13.805889954768878,Failed
1383,83.0,2.18873200216958,Passed
1384,50.0,4.999631853641516,In Progress
1385,75.0,16.37144916554185,Failed
1386,92.0,3.7915165480916446,In Progress
1387,59.0,7.510257783927909,Failed
1388,79.0,17.42851951530466,In Progress
1389,99.0,3.9435809117254106,Passed
1390,67.0,2.571999876745608,Passed
1391,66.0,10.206221906520206,In Progress
1392,75.0,6.745970714292191,Failed
1393,57.0,10.226638879347412,In Progress
1394,96.0,16.27229291918603,Failed
1395,89.0,3.60582127490212,In Progress
1396,98.0,12.033282606531415,Failed
1397,61.0,10.604666447407414,Passed
1398,76.0,3.737496934250792,In Progress
1399,57.0,12.855971225050666,Passed
1400,74.0,6.199167939354661,Passed
1401,95.0,10.268852052336236,In Progress
1402,53.0,2.563174161264176,In Progress
1403,82.0,9.732097087058838,Failed
1404,50.0,10.226638879347412,Failed
1405,68.0,16.625243012521732,Passed
1406,80.0,2.082595812949997,Failed
1407,65.0,8.95353822344827,Failed
1408,74.0,9.710197058497322,In Progress
1409,97.0,10.226638879347412,Failed
1410,54.0,11.91146392671401,Passed
1411,90.0,13.67703440668944,Failed
1412,75.0,15.763936427383369,Passed
1413,77.0,17.381856499505588,In Progress
1414,51.0,6.96363443772694,Passed
1415,99.0,11.222431401914156,Failed
1416,55.0,16.962053490344797,In Progress
1417,58.0,19.79957148833607,Failed
1418,82.0,17.9008669098315,In Progress
1419,90.0,8.057877989863158,In Progress
1420,74.0,4.708163827154358,Failed
1421,97.0,10.298458210725183,Failed
1422,62.0,15.091187584884803,In Progress
1423,58.0,10.358812344312652,In Progress
1424,62.0,10.1804364029597,Failed
1425,80.0,16.92637800055421,Passed
1426,90.0,7.8666718022765405,Failed
1427,60.0,17.336098821421267,In Progress
1428,53.0,8.729291218082746,Failed
1429,83.0,7.236429007888448,Passed
1430,87.0,9.62580831279428,Failed
1431,95.0,15.4864922148225,In Progress
1432,53.0,3.3940385294158912,Failed
1433,87.0,4.73196510156833,In Progress
1434,68.0,19.077451687598742,In Progress
1435,55.0,4.33434092024579,Failed
1436,83.0,11.786819040690036,In Progress
1437,67.0,12.00697486657682,In Progress
1438,62.0,10.302864778954651,Passed
1439,90.0,13.250159722959554,Passed
1440,72.0,5.36670779015475,Passed
1441,68.0,10.226638879347412,Passed
1442,94.0,8.071291849691047,In Progress
1443,60.0,13.571677932954591,Failed
1444,50.0,3.68324732408984,In Progress
1445,73.0,11.846670919950048,In Progress
1446,56.0,4.52013675228315,In Progress
1447,74.0,6.294218199185692,Failed
1448,70.0,5.1554862061480815,Passed
1449,64.0,4.473917817507525,In Progress
1450,50.0,16.68850807965267,In Progress
1451,61.0,6.428443785556916,Passed
1452,56.0,18.61535185542454,In Progress
1453,64.0,19.428603981558627,Failed
1454,70.0,11.853948928804847,In Progress
1455,68.0,3.7170213306488016,In Progress
1456,78.0,8.116416624212043,Passed
1457,74.0,10.226638879347412,In Progress
1458,82.0,7.980423845244339,In Progress
1459,98.0,2.6533271477529863,Failed
1460,81.0,11.57891330763557,Passed
1461,98.0,10.226638879347412,Passed
1462,84.0,10.226638879347412,Failed
1463,93.0,4.327339662476712,In Progress
1464,87.0,13.782527673836867,Passed
1465,75.0,10.226638879347412,Passed
1466,60.0,5.145943156491272,In Progress
1467,84.0,17.60736369279852,In Progress
1468,57.0,5.743710102064373,Passed
1469,95.0,6.001699583842212,In Progress
1470,63.0,1.0124144244646915,Passed
1471,74.0,17.542711648384834,In Progress
1472,51.0,16.05930145097356,In Progress
1473,74.0,12.91924976672288,Failed
1474,58.0,15.255049514838005,In Progress
1475,52.0,3.888922781065344,Failed
1476,70.0,9.708148297163934,In Progress
1477,75.0,7.673168359626837,Passed
1478,57.0,2.781753998883313,Passed
1479,97.0,10.236479219083558,In Progress
1480,51.0,18.494053356510072,In Progress
1481,55.0,1.7611232619631951,Passed
1482,77.0,6.537757356382084,In Progress
1483,78.0,4.943277787908366,Failed
1484,75.0,5.52478641964823,Failed
1485,74.0,18.26025648570813,Failed
1486,61.0,9.893312030451511,Failed
1487,74.0,9.859688845856557,Failed
1488,83.0,15.450937206650364,In Progress
1489,97.0,3.9353518760935904,In Progress
1490,86.0,10.258041727900965,Failed
1491,64.0,9.169719068300134,In Progress
1492,93.0,12.341303120386469,In Progress
1493,85.0,19.991596361758333,Failed
1494,64.0,15.619528987558894,In Progress
1495,92.0,8.559448357331117,In Progress
1496,97.0,16.723507993206894,In Progress
1497,72.0,4.243458902937124,Failed
1498,55.0,1.5788100398702425,In Progress
1499,95.0,4.884519076821189,Passed
1500,99.0,7.467819566170934,Passed
1501,93.0,10.701034391731636,Failed
1502,92.0,12.687453670282796,Passed
1503,94.0,18.30150862707401,Failed
1504,70.0,10.687226181458696,Passed
1505,72.0,10.52423724788886,Passed
1506,92.0,1.9546171866366608,Passed
1507,65.0,1.6633195004682524,Failed
1508,96.0,11.472039276411069,Failed
1509,64.0,9.325393651718546,In Progress
1510,74.0,16.944427504625672,Failed
1511,85.0,10.226638879347412,Passed
1512,60.0,1.4744615802239425,Passed
1513,64.0,9.531736590672391,Failed
1514,53.0,5.512092578292892,Failed
1515,74.0,1.9426730934379115,Failed
1516,74.0,14.76736745010495,In Progress
1517,71.0,3.120266999187702,Passed
1518,68.0,12.558070500147664,In Progress
1519,83.0,6.339945253170894,In Progress
1520,63.0,4.296424956745419,Passed
1521,53.0,8.215278935467031,Passed
1522,97.0,16.227469748236118,Failed
1523,95.0,8.449777961186882,Failed
1524,76.0,15.26462333501006,In Progress
1525,78.0,3.384239639183863,Failed
1526,96.0,15.682656973636504,Failed
1527,77.0,5.501733173226325,Passed
1528,84.0,13.870469467888585,Passed
1529,57.0,11.74984954197893,Failed
1530,65.0,18.65374962702206,Passed
1531,91.0,8.359127841530967,Failed
1532,85.0,2.2571385878543686,Passed
1533,79.0,1.363954225473805,Passed
1534,67.0,16.71031265848231,Passed
1535,51.0,10.969977115567213,Passed
1536,98.0,15.729636984864037,Failed
1537,62.0,5.454086400218779,In Progress
1538,53.0,7.556591164751441,Passed
1539,75.0,1.5719735720150598,Failed
1540,74.0,19.26835416690813,Failed
1541,79.0,13.689490227315456,Passed
1542,60.0,18.73089666742682,In Progress
1543,56.0,6.044431741152375,Passed
1544,80.0,12.617808613287556,Failed
1545,93.0,13.891499397560118,In Progress
1546,59.0,7.03344430489418,Failed
1547,88.0,17.11407546529697,Passed
1548,62.0,18.996067795104707,In Progress
1549,80.0,17.81224723622408,Failed
1550,56.0,15.042272542848078,Failed
1551,98.0,6.271828914774127,Failed
1552,91.0,6.350704800007003,Passed
1553,91.0,19.30384608847472,In Progress
1554,85.0,1.1954054227781483,Passed
1555,69.0,14.604949491600744,Passed
1556,53.0,14.418677088549982,Passed
1557,56.0,12.831101278046152,In Progress
1558,74.0,19.81206807565045,Passed
1559,93.0,6.925709279510779,Passed
1560,94.0,10.226638879347412,Passed
1561,91.0,2.499848655984556,Passed
1562,96.0,9.413164594331011,Failed
1563,62.0,5.9599219984621135,Passed
1564,74.0,7.52434734137524,Failed
1565,70.0,16.856864014856924,Passed
1566,71.0,18.77420575702242,In Progress
1567,77.0,4.528928368098526,Failed
1568,58.0,8.077669699515852,Failed
1569,75.0,18.643980680192488,Failed
1570,58.0,2.17436075309523,Failed
1571,64.0,2.754850034116192,In Progress
1572,59.0,10.226638879347412,Passed
1573,73.0,12.30904384841062,Failed
1574,91.0,3.858973149113952,In Progress
1575,57.0,19.393451247563934,Failed
1576,73.0,9.487576017911886,Passed
1577,65.0,10.226638879347412,Failed
1578,98.0,5.686513700302723,In Progress
1579,75.0,9.948244796259935,Passed
1580,76.0,13.57635902010322,In Progress
1581,86.0,15.272365602126811,Passed
1582,53.0,15.323493571488347,Passed
1583,99.0,11.97993114118768,Passed
1584,73.0,18.182835724883287,Failed
1585,68.0,16.53074909881608,In Progress
1586,85.0,15.383914179273884,In Progress
1587,88.0,2.056504911928752,In Progress
1588,59.0,1.130681282173337,Passed
1589,74.0,5.036498266713986,Failed
1590,67.0,13.606948284355592,Passed
1591,68.0,8.81275228876837,In Progress
1592,85.0,8.645718926686923,Failed
1593,59.0,17.807150876362662,Failed
1594,82.0,18.01569411450493,Failed
1595,99.0,18.27433001701813,In Progress
1596,54.0,6.963683453785519,Failed
1597,96.0,14.130060442045972,Failed
1598,98.0,6.161030444213023,Passed
1599,84.0,4.6215868284145465,Passed
1600,74.0,4.508016689600015,Failed
1601,83.0,7.500044796408287,Failed
1602,82.0,9.169194775816612,Passed
1603,70.0,16.7880342500463,Passed
1604,66.0,3.2779307759815297,Passed
1605,71.0,14.96359110050299,In Progress
1606,97.0,11.0976433695968,In Progress
1607,86.0,6.470961510843857,Passed
1608,64.0,10.363572106123668,Failed
1609,84.0,6.69889932576343,Passed
1610,77.0,12.325557149527814,In Progress
1611,74.0,9.24303453424964,Failed
1612,81.0,4.123705052498696,In Progress
1613,60.0,3.215078416558238,Failed
1614,59.0,11.387217959370473,In Progress
1615,58.0,18.145847632435967,Failed
1616,63.0,7.5351960445960255,Failed
1617,62.0,14.92700203722984,Failed
1618,74.0,13.514565743855572,Failed
1619,51.0,18.69954337188014,In Progress
1620,84.0,16.598639328683674,In Progress
1621,56.0,11.765499919203796,Failed
1622,70.0,13.483579466448038,Failed
1623,67.0,18.06934286509666,In Progress
1624,52.0,8.59085690715176,Failed
1625,91.0,7.20909941129777,Failed
1626,88.0,1.2054105890687303,Failed
1627,90.0,16.70447040963782,Passed
1628,98.0,16.218633307663932,Failed
1629,74.0,2.9846358439028764,Passed
1630,88.0,11.960290241521305,Failed
1631,73.0,9.81565226517086,In Progress
1632,95.0,3.2554728146731176,Passed
1633,68.0,19.63079631415375,Passed
1634,53.0,5.079221861803753,Failed
1635,75.0,2.277449421720662,Failed
1636,87.0,12.30210021053628,Passed
1637,91.0,15.03846686552762,In Progress
1638,81.0,1.6164254748965523,In Progress
1639,88.0,13.51563513581342,Failed
1640,94.0,11.113545643077634,In Progress
1641,74.0,2.96203516862592,In Progress
1642,85.0,4.277953661980879,Failed
1643,89.0,11.79151164900553,In Progress
1644,86.0,6.630794656752479,Failed
1645,82.0,18.827998844375006,Passed
1646,85.0,16.556064360196963,Failed
1647,52.0,19.6877769237596,Passed
1648,58.0,10.226638879347412,Passed
1649,57.0,19.424749023161564,In Progress
1650,82.0,10.226638879347412,In Progress
1651,55.0,7.602857110961338,In Progress
1652,90.0,1.956641012417712,Failed
1653,88.0,2.00253989933245,In Progress
1654,53.0,14.14821386298644,Passed
1655,62.0,10.226638879347412,In Progress
1656,98.0,5.303910894686008,In Progress
1657,51.0,12.66543582017942,Failed
1658,54.0,5.804304246752112,Failed
1659,93.0,11.975003332544029,Passed
1660,76.0,7.824966192671116,Failed
1661,81.0,16.64749230562456,In Progress
1662,70.0,16.593227054568807,Failed
1663,57.0,10.069657564325626,Passed
1664,87.0,7.665563077365296,In Progress
1665,57.0,7.8886361346227964,Passed
1666,99.0,16.308575987696138,Failed
1667,52.0,7.235410173154628,Failed
1668,93.0,4.972128100430075,Passed
1669,52.0,2.60907849563083,In Progress
1670,71.0,9.86716929680376,Failed
1671,55.0,10.160509879476995,Failed
1672,51.0,16.977265497655235,In Progress
1673,72.0,5.203535232475216,Failed
1674,93.0,8.238834199699598,Passed
1675,51.0,16.359709038980128,Failed
1676,87.0,10.226638879347412,Failed
1677,66.0,8.307610443596596,In Progress
1678,84.0,9.723356442446937,Passed
1679,83.0,6.762431926136376,In Progress
1680,72.0,18.71854268996693,Failed
1681,79.0,3.2542315490900258,Failed
1682,57.0,18.74123903702793,In Progress
1683,71.0,13.99346258487152,In Progress
1684,93.0,11.099870901047892,In Progress
1685,85.0,1.6205221549054216,Passed
1686,54.0,10.036327644618158,Failed
1687,62.0,8.747213995051913,In Progress
1688,78.0,10.226638879347412,Failed
1689,80.0,13.47178246651248,Passed
1690,96.0,19.45186723999743,Passed
1691,65.0,11.681587410225978,Passed
1692,91.0,14.58031225243497,Passed
1693,79.0,2.3005585987543187,Failed
1694,65.0,8.9356729205229,Passed
1695,61.0,3.2108112181254214,Passed
1696,66.0,12.6431208751937,In Progress
1697,65.0,18.83116100606894,Passed
1698,61.0,13.573776916961132,In Progress
1699,57.0,2.459257917974009,Passed
1700,69.0,7.738657894716574,Passed
1701,52.0,11.46260420937618,In Progress
1702,65.0,8.660947366531792,Passed
1703,79.0,16.839236199028274,Failed
1704,94.0,16.478749089489796,Failed
1705,72.0,12.624789381961207,Passed
1706,77.0,8.0957009575214,Failed
1707,89.0,5.851391101501639,In Progress
1708,54.0,3.011612046049457,Passed
1709,69.0,7.743055986244527,Passed
1710,89.0,8.850277826946671,In Progress
1711,93.0,13.840635576977398,In Progress
1712,50.0,13.505036661653897,In Progress
1713,79.0,2.332054653183882,Passed
1714,70.0,8.509926993191998,In Progress
1715,69.0,4.453798477129876,In Progress
1716,55.0,3.979441401019308,Failed
1717,71.0,16.718740845007673,Failed
1718,67.0,1.796389117608893,Passed
1719,57.0,8.964474642140306,Failed
1720,88.0,4.195869459563846,Failed
1721,81.0,17.707274097891005,In Progress
1722,82.0,11.583769752225669,In Progress
1723,65.0,5.396232091160113,Failed
1724,61.0,10.546118456161151,Failed
1725,87.0,14.8982408343592,Failed
1726,83.0,10.226638879347412,Passed
1727,63.0,5.18847408066296,Passed
1728,85.0,17.837453670457556,Passed
1729,82.0,10.226638879347412,Failed
1730,72.0,18.41199034610926,Failed
1731,99.0,13.072872780376288,Passed
1732,94.0,12.966592434259448,Passed
1733,51.0,8.661002030492632,Failed
1734,90.0,15.295559763771973,In Progress
1735,70.0,11.094586348667706,Passed
1736,51.0,10.226638879347412,Failed
1737,76.0,9.140700173127112,Failed
1738,58.0,14.898432816819644,In Progress
1739,50.0,16.664958834486434,Failed
1740,60.0,3.7822888754535056,Failed
1741,52.0,16.825664595910332,Passed
1742,72.0,11.265634104015838,Passed
1743,75.0,17.04865227271426,In Progress
1744,53.0,9.194732420479278,In Progress
1745,67.0,8.201769222277665,Failed
1746,55.0,18.386153917827222,Passed
1747,84.0,10.226638879347412,In Progress
1748,71.0,17.04003418043672,In Progress
1749,92.0,10.196390877678676,In Progress
1750,64.0,10.767813408473934,Failed
1751,71.0,6.860897348300196,Passed
1752,86.0,10.226638879347412,In Progress
1753,91.0,7.179012729248015,Passed
1754,61.0,1.746118870591394,In Progress
1755,96.0,6.167973501542765,In Progress
1756,98.0,1.121201824725223,Passed
1757,91.0,19.58874095408028,Passed
1758,87.0,10.226638879347412,Passed
1759,67.0,8.507950651973797,Failed
1760,94.0,14.839046232453274,In Progress
1761,84.0,7.570315869798074,Failed
1762,79.0,13.750769984633544,Passed
1763,73.0,10.226638879347412,In Progress
1764,91.0,18.988368649152573,Failed
1765,74.0,8.604033241143767,In Progress
1766,63.0,15.882661676164906,Failed
1767,55.0,6.052640562010257,Passed
1768,52.0,19.81631377207932,Failed
1769,65.0,1.4896223765226717,In Progress
1770,56.0,12.467047323521298,In Progress
1771,63.0,13.530613651375216,In Progress
1772,58.0,14.072865584408447,In Progress
1773,64.0,3.287363996992691,Passed
1774,70.0,18.83206588598948,Failed
1775,84.0,4.442482301951573,Passed
1776,51.0,12.83231466155698,Passed
1777,76.0,5.230845503338614,Passed
1778,51.0,6.837111923404147,In Progress
1779,84.0,11.382712292834364,In Progress
1780,67.0,8.926674952726954,In Progress
1781,63.0,4.04428641855362,Failed
1782,69.0,4.247791645996117,In Progress
1783,67.0,8.944750975093193,Failed
1784,59.0,15.388376587234514,In Progress
1785,74.0,18.061328290107983,In Progress
1786,51.0,2.598425582928274,Passed
1787,74.0,8.468974243628619,Passed
1788,82.0,2.904665710734656,Passed
1789,85.0,1.3152571320193598,Failed
1790,80.0,13.572654970235176,Failed
1791,63.0,12.446539397365168,In Progress
1792,50.0,4.0973631624828375,Failed
1793,95.0,5.442443828768218,In Progress
1794,65.0,1.4504473192458494,Failed
1795,74.0,16.86399690819367,Failed
1796,52.0,19.51912132492248,Failed
1797,84.0,3.573731199099125,Passed
1798,90.0,5.398029061540664,Failed
1799,55.0,17.499780954991746,Passed
1800,74.0,18.602812161167517,Passed
1801,62.0,8.972920273329397,Failed
1802,83.0,1.9618269731124085,In Progress
1803,57.0,1.7484448401635686,In Progress
1804,70.0,11.905047455311198,In Progress
1805,83.0,10.226638879347412,Failed
1806,53.0,1.5443961239754358,In Progress
1807,74.0,12.08179545393858,Passed
1808,64.0,1.214748195191427,In Progress
1809,53.0,15.960067204836186,Failed
1810,94.0,6.82222363136406,In Progress
1811,61.0,1.76490205717541,Passed
1812,81.0,12.178692198679911,Failed
1813,81.0,8.55600387422804,In Progress
1814,77.0,19.50220785378584,Failed
1815,62.0,11.33977458757034,Failed
1816,80.0,6.229544439703157,Failed
1817,63.0,14.47933842804552,In Progress
1818,69.0,6.158348048311515,Failed
1819,67.0,18.180622536743737,In Progress
1820,78.0,10.226638879347412,Passed
1821,55.0,11.4475026927479,In Progress
1822,74.0,1.9608889726603485,Passed
1823,78.0,9.096303521092384,In Progress
1824,92.0,10.226638879347412,Failed
1825,51.0,16.3073273019035,In Progress
1826,72.0,5.262052618216999,Failed
1827,68.0,5.2955023492006905,Passed
1828,80.0,16.5288009320515,In Progress
1829,54.0,18.677569983217182,Failed
1830,68.0,2.8118575041870675,Passed
1831,83.0,9.55111414909828,Passed
1832,59.0,7.411631300320351,In Progress
1833,74.0,17.543080653691348,Passed
1834,51.0,2.586973378920357,Failed
1835,60.0,5.01139290860271,Passed
1836,99.0,15.296898414143392,Passed
1837,80.0,1.974583130643096,Failed
1838,64.0,10.358172233571496,Passed
1839,58.0,9.40003365891468,Passed
1840,72.0,7.353622400786224,Passed
1841,74.0,8.496873991059552,Passed
1842,58.0,11.068871151674426,Failed
1843,84.0,4.065979809379279,Passed
1844,70.0,11.867921687388264,Failed
1845,58.0,16.30321425669974,Passed
1846,77.0,15.443057666013022,Passed
1847,95.0,3.9240981891817,Passed
1848,56.0,3.835739925088004,Passed
1849,65.0,6.095312987153353,Failed
1850,65.0,7.860419800479707,Failed
1851,82.0,8.76065604676117,Failed
1852,53.0,13.91424711983356,In Progress
1853,53.0,2.0769282111508724,Passed
1854,88.0,1.6587813802952611,Passed
1855,89.0,8.446300695934271,Failed
1856,66.0,14.246110150621629,In Progress
1857,74.0,4.675271516173169,Passed
1858,88.0,13.188585143868782,Failed
1859,78.0,5.93673462086569,Passed
1860,85.0,17.83563606745681,Passed
1861,87.0,10.226638879347412,Failed
1862,88.0,10.226638879347412,Failed
1863,99.0,5.36988132530157,Passed
1864,86.0,8.814775469258393,Passed
1865,84.0,5.570100118422825,Failed
1866,56.0,13.77529302254237,Passed
1867,76.0,16.695229006417424,Passed
1868,77.0,13.788750487313123,Failed
1869,71.0,16.662658497737638,Passed
1870,63.0,8.542851081942008,Passed
1871,56.0,3.970022443468357,In Progress
1872,86.0,15.021068000554251,Failed
1873,71.0,10.226638879347412,In Progress
1874,54.0,13.754145679353517,In Progress
1875,74.0,6.142234897653548,In Progress
1876,76.0,2.543363061326781,Passed
1877,70.0,19.859054114267504,Passed
1878,87.0,3.9678286506813865,In Progress
1879,74.0,19.77999888530614,In Progress
1880,70.0,19.568318718762495,In Progress
1881,59.0,10.226638879347412,Passed
1882,72.0,13.529036279557952,In Progress
1883,74.0,11.978333954770608,In Progress
1884,54.0,17.45592936217886,Failed
1885,50.0,6.499350910770271,Failed
1886,62.0,9.885943037212664,Passed
1887,70.0,12.768409417963536,Failed
1888,75.0,8.812619041520332,Failed
1889,99.0,9.122242627715092,Failed
1890,94.0,7.275408682539604,Passed
1891,70.0,11.720404517006184,Failed
1892,67.0,17.160916032287204,Passed
1893,86.0,4.829039182119944,In Progress
1894,94.0,18.754227736315386,Failed
1895,81.0,14.092665421216363,Passed
1896,85.0,16.642191040920572,Failed
1897,66.0,11.56762315997022,In Progress
1898,84.0,15.810817327057206,Passed
1899,74.0,1.307807549449877,Passed
1900,60.0,16.549228070811168,Passed
1901,70.0,10.226638879347412,In Progress
1902,74.0,10.226638879347412,In Progress
1903,53.0,19.847292197534223,In Progress
1904,83.0,6.5872817813587785,Passed
1905,97.0,4.99605256943008,In Progress
1906,67.0,15.541903913302772,Failed
1907,89.0,5.807500477484811,In Progress
1908,84.0,17.445685280271867,Passed
1909,90.0,2.954009250992057,Failed
1910,78.0,3.393148731207807,In Progress
1911,78.0,19.603879546911696,Failed
1912,87.0,13.802939067130088,Failed
1913,91.0,17.090857264150102,Passed
1914,70.0,7.162258169678842,Failed
1915,91.0,13.853191240891483,Failed
1916,62.0,12.290594718863346,Passed
1917,98.0,12.459852282335993,Passed
1918,90.0,13.96811673121671,Passed
1919,66.0,11.931824289452871,Failed
1920,58.0,9.152185016750654,Failed
1921,90.0,6.2425311932303895,Failed
1922,50.0,15.603045287350838,Passed
1923,51.0,5.299176170060537,In Progress
1924,97.0,14.15473181693387,Failed
1925,78.0,5.433323630337206,In Progress
1926,74.0,12.881273229134624,Passed
1927,59.0,15.19448707545155,Failed
1928,99.0,5.155563889224245,In Progress
1929,89.0,2.138922716364857,Failed
1930,70.0,3.4885011168893074,Failed
1931,77.0,12.513942378149483,Failed
1932,60.0,17.139481718288977,In Progress
1933,83.0,1.854939603473063,Passed
1934,57.0,14.94887392179128,Failed
1935,71.0,7.485054273050991,Passed
1936,57.0,10.092039028470928,Passed
1937,74.0,18.648331447065747,In Progress
1938,64.0,7.307458589981064,In Progress
1939,66.0,9.841401744850234,Passed
1940,72.0,1.259965880452941,Failed
1941,73.0,2.550375680091929,In Progress
1942,94.0,5.913240231560897,Failed
1943,68.0,10.226638879347412,Failed
1944,54.0,12.996131194916767,Failed
1945,81.0,9.101568779230828,Passed
1946,74.0,10.226638879347412,Failed
1947,50.0,4.318296532030262,Passed
1948,72.0,6.622708559295706,Passed
1949,86.0,13.612665022201778,Failed
1950,57.0,19.3407517489776,Failed
1951,62.0,1.9579186984419747,Failed
1952,57.0,17.917302096250054,Failed
1953,72.0,11.96074282491296,Passed
1954,92.0,11.71447176835685,Failed
1955,50.0,10.226638879347412,Failed
1956,94.0,2.3184876321794845,Passed
1957,73.0,2.707660182987053,In Progress
1958,74.0,12.417328107522636,In Progress
1959,73.0,7.478212857275608,Passed
1960,66.0,18.42809326497593,In Progress
1961,54.0,8.725220209829974,Passed
1962,69.0,3.722347715350181,Failed
1963,70.0,14.579657836538685,Failed
1964,89.0,6.573715007379187,In Progress
1965,80.0,10.98393583976197,Failed
1966,95.0,14.258822924598231,In Progress
1967,85.0,18.10501811283934,In Progress
1968,60.0,16.051632701231846,Failed
1969,64.0,13.85086028958176,Failed
1970,68.0,13.913030465507727,In Progress
1971,56.0,18.972568236609643,Failed
1972,77.0,6.620657852434185,Passed
1973,92.0,1.0211297897275609,Failed
1974,54.0,6.167136628565775,Failed
1975,74.0,5.139936212908136,Passed
1976,79.0,13.574857117165966,Failed
1977,81.0,13.040520395545052,Failed
1978,57.0,12.275766271389752,In Progress
1979,59.0,1.3086254209796202,Failed
1980,87.0,14.846783034562302,Failed
1981,96.0,7.147077837224339,Passed
1982,81.0,13.636063791125991,In Progress
1983,97.0,10.226638879347412,In Progress
1984,77.0,7.511887583130236,In Progress
1985,66.0,3.5569490749780472,Failed
1986,80.0,2.793959055549138,In Progress
1987,57.0,16.798848329132248,Passed
1988,89.0,18.449553299549603,In Progress
1989,74.0,13.345972888521692,Passed
1990,58.0,2.965248182349184,In Progress
1991,51.0,8.638517120876575,In Progress
1992,64.0,14.849844801997987,Passed
1993,99.0,15.816596796191297,In Progress
1994,52.0,3.2461538235306837,In Progress
1995,98.0,1.0005836580622658,In Progress
1996,85.0,14.530603871731495,Failed
1997,53.0,7.775327343737907,Passed
1998,63.0,5.8351453007469445,In Progress
1999,90.0,1.2450519260009834,Passed
2000,90.0,11.265688728468492,Passed
2001,74.0,17.171863973093654,Passed
2002,99.0,19.19500127917917,In Progress
2003,59.0,11.749154061652495,In Progress
2004,70.0,10.774765227057989,Passed
2005,85.0,2.616071324295581,Failed
2006,61.0,11.428583229309396,Passed
2007,76.0,8.219602500342498,Failed
2008,89.0,12.53557033678796,Passed
2009,51.0,8.385800609654387,Passed
2010,62.0,5.565683345556968,Passed
2011,81.0,2.8043402293391537,In Progress
2012,80.0,6.983450447189019,Failed
2013,65.0,2.8362518514672934,Failed
2014,74.0,4.361042065655695,Passed
2015,81.0,19.759387013011374,In Progress
2016,83.0,9.437967581225754,In Progress
2017,60.0,11.105563563595314,Failed
2018,59.0,17.598752046007093,In Progress
2019,64.0,10.226638879347412,Failed
2020,74.0,12.07157453754895,Failed
2021,89.0,10.226638879347412,Failed
2022,67.0,7.21187946239683,In Progress
2023,58.0,6.809135191498531,Failed
2024,74.0,8.651370698896644,Failed
2025,89.0,13.777637990799333,Passed
2026,63.0,13.961642095846877,Failed
2027,74.0,6.989549258339565,Failed
2028,99.0,3.5309885585959453,Passed
2029,71.0,13.015528872844662,Passed
2030,79.0,3.4381913815865257,In Progress
2031,74.0,11.991357656357271,Failed
2032,70.0,14.175020433069871,In Progress
2033,93.0,14.311618431494582,In Progress
2034,81.0,15.315970102532338,Passed
2035,95.0,17.584329009747627,In Progress
2036,98.0,10.49922084733098,Failed
2037,70.0,14.874734601061853,Passed
2038,84.0,12.764281971950895,Failed
2039,81.0,4.5461588561559685,Failed
2040,79.0,1.4881032525187552,Passed
2041,88.0,6.406286327861742,Failed
2042,98.0,9.417640420414768,Passed
2043,61.0,12.725012944144469,Failed
2044,90.0,17.149227279560904,Passed
2045,96.0,4.728668617417148,In Progress
2046,67.0,3.3854460080710647,Failed
2047,70.0,19.306119002012224,Passed
2048,74.0,3.0528466281517352,Failed
2049,70.0,10.091330332036597,Failed
2050,74.0,12.125710847072735,Failed
2051,95.0,10.226638879347412,Passed
2052,89.0,2.6346109836259206,In Progress
2053,95.0,2.083511366068768,In Progress
2054,56.0,3.0041851217596776,In Progress
2055,72.0,12.126165993579638,Passed
2056,93.0,11.3425528650521,In Progress
2057,81.0,5.44107504869814,Passed
2058,60.0,13.11770869506624,Failed
2059,71.0,16.581282539057337,Failed
2060,71.0,1.7900002370852817,In Progress
2061,92.0,10.464468927412806,Passed
2062,74.0,14.096897829951116,Failed
2063,71.0,5.793926614324055,Passed
2064,77.0,6.847647200569833,Passed
2065,78.0,12.659120156798291,Failed
2066,62.0,18.060770575431,Passed
2067,67.0,16.388563985755088,Failed
2068,51.0,12.079474162892089,Failed
2069,78.0,14.874212637387735,Failed
2070,70.0,7.931626933948175,Passed
2071,64.0,13.178345033876395,Failed
2072,76.0,9.857450231423584,Passed
2073,74.0,4.608786592693657,Failed
2074,74.0,14.333027203667886,Failed
2075,64.0,11.572828109627618,In Progress
2076,72.0,7.8138100571182365,In Progress
2077,73.0,18.315444611493984,In Progress
2078,93.0,1.397748238707932,Passed
2079,62.0,6.999689873740424,Passed
2080,71.0,2.0807465577752846,Failed
2081,92.0,15.564019008210916,Failed
2082,86.0,14.34004162816206,Failed
2083,82.0,7.295692155990023,Failed
2084,52.0,13.837595141934388,Passed
2085,68.0,8.522807297723048,Failed
2086,72.0,15.368822037026252,Failed
2087,78.0,9.629489591997416,In Progress
2088,79.0,8.833314828801646,Failed
2089,88.0,18.75986839427772,Failed
2090,93.0,5.766702897923304,Failed
2091,96.0,3.288499459934743,Passed
2092,74.0,12.106319151929704,In Progress
2093,86.0,19.4171144333994,Failed
2094,96.0,8.178945060816545,Failed
2095,57.0,2.178698508946849,In Progress
2096,91.0,7.446800078881782,Failed
2097,65.0,10.61270143207161,Passed
2098,57.0,4.07653712601206,Failed
2099,50.0,13.503942143073347,Passed
2100,93.0,19.95723839119381,Passed
2101,54.0,9.583050043647432,Failed
2102,52.0,7.73984257787404,In Progress
2103,50.0,8.613379169854866,Passed
2104,53.0,3.1877773895088217,In Progress
2105,89.0,17.78219842709825,Failed
2106,84.0,8.881687454905688,Passed
2107,81.0,8.358213817071984,Failed
2108,91.0,13.534115185679012,In Progress
2109,83.0,9.398634997691348,Failed
2110,92.0,10.226638879347412,Failed
2111,74.0,2.167479512484962,Passed
2112,59.0,16.460743530722322,Failed
2113,70.0,18.869575104708648,Failed
2114,95.0,13.326542337028332,Failed
2115,88.0,19.136752648317405,Passed
2116,76.0,3.877213973029303,In Progress
2117,76.0,10.07090760012672,In Progress
2118,51.0,12.434327944963496,Failed
2119,90.0,12.052996301002548,Passed
2120,97.0,8.627773802691822,Failed
2121,62.0,7.4236037779589665,In Progress
2122,58.0,3.409656428457957,Passed
2123,85.0,8.443106560683287,In Progress
2124,71.0,4.090555487004218,In Progress
2125,91.0,14.95294785335215,Passed
2126,75.0,4.967787774397209,Passed
2127,61.0,2.112740800406143,Failed
2128,66.0,11.494956618527452,Failed
2129,63.0,12.30936492166863,In Progress
2130,63.0,17.566348164329604,Passed
2131,83.0,10.226638879347412,Passed
2132,69.0,7.5641362207454685,Failed
2133,60.0,16.257225749000092,In Progress
2134,65.0,11.265298970561,In Progress
2135,80.0,2.506325407992643,Failed
2136,55.0,11.751160645951686,Passed
2137,68.0,18.252352363011585,Failed
2138,86.0,8.529939884466192,Failed
2139,53.0,6.630190236096201,Failed
2140,96.0,3.725919683342381,Failed
2141,53.0,3.877464916771789,Passed
2142,69.0,10.226638879347412,Failed
2143,59.0,12.31791665906906,Passed
2144,73.0,2.5316926982224333,Failed
2145,84.0,18.851803191478147,In Progress
2146,75.0,15.347538731458725,Passed
2147,86.0,12.14585444738959,In Progress
2148,87.0,16.740334747840826,Failed
2149,70.0,2.5235483794301525,Failed
2150,89.0,10.059938676929365,Failed
2151,88.0,10.226638879347412,Passed
2152,70.0,16.744405216247493,In Progress
2153,59.0,15.885921640936086,Passed
2154,87.0,6.264315744554593,Passed
2155,95.0,18.87672322162488,Failed
2156,53.0,3.362570987186537,In Progress
2157,94.0,17.62753875380189,Failed
2158,69.0,19.447864742487752,Passed
2159,66.0,4.3659169412298855,Failed
2160,74.0,14.71925521987192,In Progress
2161,53.0,10.226638879347412,Failed
2162,78.0,8.703033677643944,In Progress
2163,63.0,10.809382684755809,In Progress
2164,52.0,12.032259292283047,Failed
2165,73.0,18.78280771672263,Passed
2166,86.0,13.7727630585897,Failed
2167,65.0,10.144281073165503,Passed
2168,53.0,16.383825689051896,Passed
2169,74.0,19.06012359813377,Failed
2170,83.0,1.419256824963526,Passed
2171,79.0,19.66790417286473,Passed
2172,67.0,2.6365106422099265,Failed
2173,68.0,16.473348806106465,Failed
2174,80.0,6.326360298476837,Failed
2175,68.0,3.511413497323564,Passed
2176,98.0,9.357257154562864,In Progress
2177,95.0,13.235175009504657,Passed
2178,68.0,8.238085055446025,In Progress
2179,71.0,2.03674275737128,Failed
2180,73.0,12.389761653515617,In Progress
2181,94.0,18.14566224610282,Failed
2182,61.0,8.281091952997782,Failed
2183,79.0,5.110322774985714,In Progress
2184,87.0,9.408969572723493,Failed
2185,80.0,1.9188915099268369,In Progress
2186,85.0,16.58926410512522,Failed
2187,68.0,16.70047540805355,Passed
2188,97.0,12.17200880516294,Passed
2189,94.0,7.7089548898294,Failed
2190,85.0,16.195883924469882,Failed
2191,79.0,11.539053470978976,In Progress
2192,98.0,16.692713862450308,Passed
2193,82.0,12.997717059077392,In Progress
2194,67.0,15.903703991043148,Failed
2195,74.0,12.37269687113744,Failed
2196,77.0,8.868680296097658,In Progress
2197,96.0,19.200971338596613,Failed
2198,60.0,11.28116267269805,Passed
2199,94.0,12.49670085227023,In Progress
2200,82.0,5.189265148880236,Passed
