customer_id,revenue,age,customer_segment
10001,534.42,20,SMB
10002,367.08,45,SMB
10003,345.34,46,Retail
10004,345.35,26,Retail
10005,924.92,20,Retail
10006,618.97,42,Enterprise
10007,295.67,51,Retail
10008,548.16,29,Retail
10009,462.24,59,SMB
10010,90.55,26,Retail
10011,199.66,32,Enterprise
10012,482.02,57,Retail
10013,877.13,42,Enterprise
10014,347.21,22,Retail
10015,280.92,28,Retail
10016,427.79,51,Retail
10017,270.18,41,Retail
10018,332.72,32,Enterprise
10019,396.7,55,Enterprise
10020,192.83,25,SMB
10021,637.2,22,Enterprise
10022,169.29,65,Retail
10023,154.89,43,SMB
10024,450.18,35,SMB
10025,609.52,23,SMB
10026,443.46,54,Retail
10027,372.34,65,Enterprise
10028,330.69,30,Retail
10029,297.44,45,SMB
10030,718.84,22,Retail
10031,484.75,30,Retail
10032,312.89,34,Enterprise
10033,256.04,67,Enterprise
10034,569.32,57,SMB
10035,709.42,62,Retail
10036,674.23,49,Retail
10037,227.64,46,Enterprise
10038,328.94,68,Retail
10039,293.73,75,Retail
10040,356.22,20,Retail
10041,633.86,73,Enterprise
10042,832.67,57,SMB
10043,495.28,51,SMB
10044,261.87,57,Retail
10045,391.29,44,SMB
10046,918.69,30,Enterprise
10047,421.7,62,Enterprise
10048,331.14,50,SMB
10049,348.57,23,SMB
10050,494.01,41,Retail
10051,232.85,36,SMB
10052,289.25,33,Retail
10053,668.73,57,Retail
10054,486.05,45,Enterprise
10055,424.25,50,Enterprise
10056,687.27,65,Enterprise
10057,251.5,58,Enterprise
10058,324.99,30,SMB
10059,477.01,60,Enterprise
10060,467.41,62,SMB
10061,143.82,42,Enterprise
10062,305.56,70,SMB
10063,361.78,59,Retail
10064,507.36,53,SMB
10065,466.46,44,SMB
10066,382.04,55,Enterprise
10067,90.05,24,SMB
10068,393.54,22,Retail
10069,414.94,60,Retail
10070,1357.59,62,Enterprise
10071,354.71,75,Retail
10072,478.5,74,SMB
10073,750.31,68,Retail
10074,613.9,48,Enterprise
10075,851.4,40,SMB
10076,145.5,59,Enterprise
10077,203.12,27,SMB
10078,276.7,49,Retail
10079,127.71,60,Enterprise
10080,417.03,70,Enterprise
10081,214.41,47,SMB
10082,912.44,56,Enterprise
10083,237.18,48,SMB
10084,326.18,35,SMB
10085,634.19,53,SMB
10086,167.91,19,SMB
10087,121.32,31,Retail
10088,446.95,30,SMB
10089,467.09,46,Enterprise
10090,623.69,29,Retail
10091,541.95,56,Enterprise
10092,477.25,19,Retail
10093,255.48,49,SMB
10094,459.63,30,Retail
10095,476.17,63,Retail
10096,249.3,44,Enterprise
10097,1053.17,66,Enterprise
10098,527.65,58,SMB
10099,205.6,34,Retail
10100,625.43,57,Retail
10101,685.42,48,Retail
10102,509.87,51,SMB
10103,342.85,41,SMB
10104,242.32,62,SMB
10105,381.41,52,SMB
10106,489.52,65,SMB
10107,403.19,23,Enterprise
10108,872.13,36,Retail
10109,573.66,47,Retail
10110,224.63,24,Retail
10111,190.85,27,Retail
10112,530.2,58,Retail
10113,347.72,49,Retail
10114,601.62,51,Retail
10115,527.48,45,Retail
10116,382.42,32,Enterprise
10117,226.37,47,Retail
10118,131.85,54,Enterprise
10119,454.77,46,SMB
10120,165.87,39,Retail
10121,220.21,21,SMB
10122,438.85,37,SMB
10123,414.43,49,SMB
10124,180.27,53,Enterprise
10125,728.26,67,SMB
10126,717.63,21,SMB
10127,539.89,44,SMB
10128,539.51,34,Retail
10129,539.89,29,Retail
10130,682.14,39,Enterprise
10131,581.71,34,Enterprise
10132,238.99,27,Retail
10133,344.75,71,Enterprise
10134,1277.04,18,Retail
10135,94.8,39,SMB
10136,295.18,43,SMB
10137,730.42,73,Enterprise
10138,249.12,35,Retail
10139,590.63,67,Retail
10140,411.27,31,Enterprise
10141,260.68,64,Retail
10142,80.75,46,SMB
10143,447.43,29,Enterprise
10144,235.58,53,Enterprise
10145,372.55,52,Retail
10146,536.88,69,Enterprise
10147,651.75,29,Retail
10148,294.58,24,Retail
10149,260.36,46,Retail
10150,163.82,28,Retail
10151,669.58,50,Retail
10152,1177.51,23,Enterprise
10153,709.94,64,SMB
10154,797.5,32,SMB
10155,250.49,49,Enterprise
10156,518.86,68,Enterprise
10157,621.33,28,SMB
10158,15.5,75,SMB
10159,197.89,40,SMB
10160,947.89,43,SMB
10161,142.0,51,SMB
10162,867.09,63,Retail
10163,141.3,51,Enterprise
10164,204.53,46,Retail
10165,524.2,21,SMB
10166,417.34,34,SMB
10167,312.85,52,SMB
10168,927.84,30,Retail
10169,166.96,58,Retail
10170,363.96,56,SMB
10171,562.11,32,Retail
10172,472.85,72,Retail
10173,266.04,46,SMB
10174,272.31,46,Retail
10175,646.29,28,Enterprise
10176,663.3,69,Enterprise
10177,480.09,49,Enterprise
10178,229.36,19,Enterprise
10179,277.88,64,SMB
10180,394.9,31,SMB
10181,429.43,37,SMB
10182,549.53,39,Enterprise
10183,352.49,28,Enterprise
10184,638.16,44,Retail
10185,634.19,20,Retail
10186,812.56,34,Enterprise
10187,405.17,61,Enterprise
10188,484.77,73,Enterprise
10189,368.96,45,Enterprise
10190,231.19,46,Retail
10191,1162.6,38,Enterprise
10192,756.02,64,Retail
10193,626.94,33,Enterprise
10194,397.01,54,Enterprise
10195,218.01,37,Enterprise
10196,689.55,23,Retail
10197,365.05,36,Retail
10198,509.91,74,SMB
10199,277.2,22,Enterprise
10200,463.05,20,SMB
10201,288.23,18,SMB
10202,295.36,75,Retail
10203,459.58,55,Retail
10204,139.81,32,SMB
10205,144.81,51,Enterprise
10206,248.56,52,Retail
10207,349.96,66,Enterprise
10208,649.01,42,Enterprise
10209,362.09,41,SMB
10210,395.48,29,SMB
10211,333.38,35,SMB
10212,484.37,32,SMB
10213,229.66,61,Retail
10214,373.95,33,Retail
10215,506.69,44,SMB
10216,457.44,25,Retail
10217,403.09,63,SMB
10218,406.03,42,Enterprise
10219,534.8,34,Enterprise
10220,1193.19,46,Enterprise
10221,239.94,70,SMB
10222,1211.88,25,Enterprise
10223,232.88,32,Retail
10224,72.71,44,Enterprise
10225,284.54,63,Enterprise
10226,489.69,67,Enterprise
10227,1058.03,69,Retail
10228,217.82,24,SMB
10229,533.0,20,Retail
10230,155.93,46,SMB
10231,1037.23,61,SMB
10232,764.04,70,Enterprise
10233,295.73,41,SMB
10234,831.72,75,Retail
10235,372.59,20,Retail
10236,786.26,37,SMB
10237,401.29,63,Enterprise
10238,411.62,32,Enterprise
10239,299.57,42,Retail
10240,572.79,47,Enterprise
10241,430.2,31,SMB
10242,539.71,24,SMB
10243,129.61,34,Retail
10244,801.68,61,SMB
10245,912.95,37,Retail
10246,429.01,53,SMB
10247,1146.88,26,Retail
10248,1002.43,55,Enterprise
10249,579.82,65,SMB
10250,837.62,74,SMB
10251,719.31,39,Retail
10252,105.35,71,Retail
10253,337.57,70,SMB
10254,602.76,70,Retail
10255,946.24,19,SMB
10256,148.24,41,Enterprise
10257,111.02,25,Retail
10258,386.55,28,SMB
10259,77.23,30,Enterprise
10260,378.56,34,Enterprise
10261,496.69,25,SMB
10262,211.12,38,Retail
10263,384.84,35,SMB
10264,682.54,47,Enterprise
10265,283.67,35,SMB
10266,235.52,63,Retail
10267,374.35,64,Enterprise
10268,196.23,48,SMB
10269,1100.07,55,Retail
10270,408.7,49,Enterprise
10271,251.92,28,Retail
10272,454.74,62,Enterprise
10273,373.11,42,SMB
10274,348.28,50,Retail
10275,283.62,55,Enterprise
10276,274.88,58,Retail
10277,131.81,25,Retail
10278,836.92,28,SMB
10279,558.5,39,Retail
10280,481.19,68,Enterprise
10281,369.48,41,Enterprise
10282,208.63,58,Enterprise
10283,241.86,34,Enterprise
10284,142.97,29,SMB
10285,261.61,74,Retail
10286,189.26,63,SMB
10287,971.92,49,Retail
10288,657.15,32,Retail
10289,419.25,33,Retail
10290,223.95,71,SMB
10291,195.93,39,Retail
10292,355.16,45,SMB
10293,672.46,37,Enterprise
10294,145.92,50,Enterprise
10295,554.35,27,Retail
10296,260.86,57,SMB
10297,292.15,49,Enterprise
10298,412.0,67,SMB
10299,229.03,50,SMB
10300,344.28,19,Retail
10301,216.33,50,Enterprise
10302,274.7,50,Retail
10303,615.03,58,Retail
10304,424.83,30,Enterprise
10305,613.72,47,Enterprise
10306,258.65,50,SMB
10307,556.68,30,Enterprise
10308,119.11,69,SMB
10309,411.89,43,SMB
10310,577.7,39,SMB
10311,115.44,56,Enterprise
10312,260.64,19,Retail
10313,411.72,55,SMB
10314,700.59,56,Retail
10315,274.68,43,Retail
10316,544.32,63,Enterprise
10317,867.21,75,Retail
10318,558.66,67,Retail
10319,352.3,32,Enterprise
10320,497.97,51,SMB
10321,269.54,59,Retail
10322,421.59,72,Enterprise
10323,363.07,61,Retail
10324,488.53,66,Retail
10325,307.36,57,SMB
10326,504.61,28,Retail
10327,305.49,20,Enterprise
10328,653.57,23,Retail
10329,325.34,26,SMB
10330,79.66,23,SMB
10331,200.4,26,Enterprise
10332,404.53,56,SMB
10333,967.19,48,Retail
10334,639.5,49,SMB
10335,66.06,58,Enterprise
10336,136.14,67,SMB
10337,750.66,29,SMB
10338,575.88,25,SMB
10339,1253.84,25,Enterprise
10340,297.7,67,SMB
10341,225.86,45,SMB
10342,417.79,37,Retail
10343,294.04,64,Enterprise
10344,711.77,24,SMB
10345,287.63,28,Enterprise
10346,337.47,37,SMB
10347,204.96,33,SMB
10348,615.55,21,SMB
10349,213.97,23,Retail
10350,510.06,75,Retail
10351,1058.33,39,Retail
10352,103.35,43,Enterprise
10353,889.75,20,Enterprise
10354,472.57,58,Retail
10355,182.8,59,Enterprise
10356,427.4,31,SMB
10357,605.41,28,SMB
10358,235.94,35,SMB
10359,526.96,71,Retail
10360,930.92,29,Enterprise
10361,287.39,40,Retail
10362,203.27,29,Enterprise
10363,369.97,30,SMB
10364,413.81,42,Retail
10365,732.34,62,Enterprise
10366,362.53,68,Enterprise
10367,304.28,75,SMB
10368,199.78,36,Retail
10369,116.15,72,Retail
10370,159.92,63,Retail
10371,159.24,53,SMB
10372,339.72,62,Retail
10373,133.22,25,SMB
10374,386.85,46,SMB
10375,1045.34,72,SMB
10376,744.27,70,Enterprise
10377,337.68,72,Retail
10378,1419.43,49,Retail
10379,414.68,68,SMB
10380,450.51,61,SMB
10381,365.67,35,Retail
10382,392.03,23,SMB
10383,281.11,35,Retail
10384,340.74,36,Enterprise
10385,893.08,39,SMB
10386,789.45,54,Retail
10387,76.75,49,SMB
10388,144.8,73,Retail
10389,238.12,58,Retail
10390,675.76,20,SMB
10391,799.3,45,Enterprise
10392,604.09,27,Retail
10393,182.28,68,Retail
10394,284.78,52,Retail
10395,532.24,46,Enterprise
10396,343.97,71,Enterprise
10397,315.03,32,SMB
10398,317.94,50,Enterprise
10399,756.48,24,SMB
10400,563.58,29,SMB
10401,328.87,66,Enterprise
10402,485.32,47,SMB
10403,165.14,38,Enterprise
10404,285.14,48,SMB
10405,715.9,75,Enterprise
10406,127.03,41,Enterprise
10407,567.56,37,SMB
10408,76.05,54,Retail
10409,976.05,21,SMB
10410,280.82,45,Enterprise
10411,505.95,61,Retail
10412,428.64,37,SMB
10413,437.96,41,SMB
10414,480.23,67,SMB
10415,110.31,66,Retail
10416,443.33,68,Enterprise
10417,356.6,49,SMB
10418,281.82,58,SMB
10419,238.04,53,SMB
10420,449.92,75,SMB
10421,205.02,70,SMB
10422,708.76,51,Enterprise
10423,527.29,53,Enterprise
10424,466.05,19,SMB
10425,692.22,32,Retail
10426,97.3,51,Enterprise
10427,161.31,53,Retail
10428,540.67,23,Enterprise
10429,247.26,56,SMB
10430,268.13,59,Enterprise
10431,144.91,68,SMB
10432,205.42,68,Enterprise
10433,717.58,75,SMB
10434,533.41,71,SMB
10435,447.01,29,SMB
10436,274.92,20,SMB
10437,430.64,62,Retail
10438,752.72,35,SMB
10439,251.3,57,Retail
10440,391.49,38,Retail
10441,1009.43,32,SMB
10442,599.61,50,Retail
10443,277.44,52,Enterprise
10444,572.46,43,SMB
10445,125.48,25,Retail
10446,382.04,53,SMB
10447,572.11,65,SMB
10448,500.54,47,SMB
10449,568.98,40,Retail
10450,641.01,59,Enterprise
10451,523.35,61,Enterprise
10452,514.73,31,Retail
10453,453.06,31,SMB
10454,189.33,19,Retail
10455,717.4,72,Retail
10456,390.39,54,Retail
10457,591.23,22,SMB
10458,676.66,55,Retail
10459,286.44,62,SMB
10460,302.73,58,Retail
10461,328.95,71,Enterprise
10462,793.18,64,Retail
10463,218.45,31,Retail
10464,869.43,73,Enterprise
10465,450.1,56,SMB
10466,469.04,42,SMB
10467,659.88,37,Retail
10468,420.5,19,Enterprise
10469,721.87,56,SMB
10470,286.2,23,Retail
10471,854.05,34,Enterprise
10472,300.5,42,SMB
10473,872.07,74,SMB
10474,305.65,45,Enterprise
10475,334.87,19,Enterprise
10476,201.01,52,Enterprise
10477,239.86,54,Enterprise
10478,391.56,22,Retail
10479,460.16,18,Enterprise
10480,692.8,57,SMB
10481,349.84,29,SMB
10482,183.2,73,Retail
10483,501.17,53,SMB
10484,442.17,62,SMB
10485,533.16,40,Enterprise
10486,263.24,64,SMB
10487,283.52,48,Retail
10488,263.3,28,Enterprise
10489,767.66,27,Enterprise
10490,858.59,20,Retail
10491,275.85,71,Enterprise
10492,279.41,31,Enterprise
10493,575.93,33,Retail
10494,911.41,27,Enterprise
10495,1020.86,46,Retail
10496,500000.0,35,Retail
10497,250000.0,42,SMB
10498,180000.0,29,SMB
10499,450.5,165,Enterprise
10500,620.0,195,Enterprise
