customer_id,customer_type,product,revenue,churn,support_tickets
11861,Startup,Developer API,1544.46,0,3
10354,SMB,Cloud Platform,1558.98,0,7
11334,Startup,Developer API,1249.88,0,3
10906,Startup,Analytics Suite,1564.15,0,5
11290,Startup,Cloud Platform,1093.31,1,5
11274,Startup,Developer API,1097.82,0,5
10939,Startup,Analytics Suite,1590.08,0,5
11732,Startup,Developer API,1536.81,0,2
10066,Enterprise,Cloud Platform,62867.61,0,1
11324,Startup,Cloud Platform,1139.45,0,1
10057,Enterprise,Analytics Suite,66686.31,0,0
11293,Startup,Analytics Suite,1736.78,0,5
11119,Startup,Developer API,1072.31,0,2
10585,SMB,Analytics Suite,1758.55,0,6
10375,SMB,Developer API,1855.76,0,4
10276,SMB,Cloud Platform,1568.16,0,3
10747,SMB,Analytics Suite,2108.51,0,5
10129,SMB,Cloud Platform,1728.17,0,3
11647,Startup,Developer API,1234.45,0,2
11853,Startup,Developer API,1132.32,0,4
10675,SMB,Analytics Suite,1808.62,0,5
11665,Startup,Analytics Suite,1027.49,0,5
11982,Startup,Analytics Suite,1280.41,0,6
11084,Startup,Developer API,1475.85,0,1
11923,Startup,Developer API,1741.08,0,5
10100,Enterprise,Cloud Platform,73706.2,0,0
11180,Startup,Cloud Platform,1265.96,0,5
10965,Startup,Developer API,1222.2,0,5
10793,SMB,Cloud Platform,1575.48,0,2
10030,Enterprise,Cloud Platform,81436.13,0,0
10629,SMB,Cloud Platform,2522.19,0,6
10945,Startup,Developer API,854.5,0,7
10573,SMB,Analytics Suite,1593.2,0,10
10908,Startup,Analytics Suite,1516.57,0,4
11081,Startup,Analytics Suite,1371.96,0,1
10451,SMB,Analytics Suite,1889.66,1,9
11610,Startup,Cloud Platform,1514.12,1,4
11291,Startup,Developer API,1028.38,0,3
11079,Startup,Cloud Platform,1372.88,0,3
10255,SMB,Analytics Suite,2189.87,0,5
10125,SMB,Cloud Platform,1870.07,0,6
11928,Startup,Analytics Suite,1736.22,0,3
10252,SMB,Cloud Platform,1993.05,0,9
10586,SMB,Developer API,1926.12,0,10
11569,Startup,Cloud Platform,1647.52,0,4
10825,SMB,Analytics Suite,1654.62,0,4
10508,SMB,Analytics Suite,1897.8,0,5
10890,SMB,Analytics Suite,2010.71,1,4
10071,Enterprise,Cloud Platform,66186.87,0,0
11609,Startup,Developer API,1509.18,0,0
11533,Startup,Developer API,1020.96,0,3
10248,SMB,Cloud Platform,2152.39,1,3
11451,Startup,Cloud Platform,1471.49,0,3
10213,SMB,Analytics Suite,1672.08,0,7
10910,Startup,Cloud Platform,1529.57,0,6
11742,Startup,Cloud Platform,1126.22,0,1
11245,Startup,Cloud Platform,1155.49,0,1
11697,Startup,Analytics Suite,1473.79,0,6
11183,Startup,Analytics Suite,1395.76,0,3
10362,SMB,Cloud Platform,1984.49,0,6
11474,Startup,Analytics Suite,1388.7,0,2
10679,SMB,Analytics Suite,2133.14,0,4
11622,Startup,Developer API,1204.56,0,3
11090,Startup,Analytics Suite,1089.45,0,3
11988,Startup,Cloud Platform,1660.86,0,4
11848,Startup,Developer API,1508.21,0,3
10988,Startup,Analytics Suite,1490.87,0,3
11513,Startup,Analytics Suite,1545.9,0,5
10112,SMB,Cloud Platform,1758.69,1,1
11488,Startup,Developer API,1264.2,0,2
11454,Startup,Analytics Suite,1199.7,1,4
10384,SMB,Developer API,1506.72,0,7
11396,Startup,Developer API,1283.32,0,1
11055,Startup,Analytics Suite,1427.69,0,4
10756,SMB,Analytics Suite,2318.26,1,5
10325,SMB,Cloud Platform,2325.23,0,7
11624,Startup,Analytics Suite,999.35,0,5
10788,SMB,Cloud Platform,2406.68,0,7
10369,SMB,Cloud Platform,2066.62,0,4
11820,Startup,Cloud Platform,1278.26,0,5
10070,Enterprise,Developer API,60300.44,0,2
10858,SMB,Cloud Platform,1406.04,1,5
11484,Startup,Cloud Platform,1386.21,0,7
11556,Startup,Cloud Platform,1213.32,0,6
11692,Startup,Analytics Suite,1128.77,0,5
11475,Startup,Cloud Platform,1341.62,1,5
11799,Startup,Developer API,1541.31,0,2
10479,SMB,Analytics Suite,1848.52,0,8
10282,SMB,Developer API,2347.2,0,4
11648,Startup,Analytics Suite,1325.56,0,3
11557,Startup,Developer API,1559.1,0,1
11730,Startup,Cloud Platform,970.06,0,3
10211,SMB,Analytics Suite,1848.08,0,9
10298,SMB,Cloud Platform,1993.74,0,5
11885,Startup,Cloud Platform,1562.24,0,5
11834,Startup,Cloud Platform,1200.93,0,3
10652,SMB,Developer API,1647.96,0,6
11234,Startup,Cloud Platform,1776.79,0,5
11503,Startup,Analytics Suite,917.25,0,5
11932,Startup,Analytics Suite,1194.04,0,5
10917,Startup,Analytics Suite,1619.55,0,5
10994,Startup,Analytics Suite,1272.66,0,3
10430,SMB,Cloud Platform,1403.85,0,5
11371,Startup,Developer API,1198.0,0,2
10240,SMB,Cloud Platform,1670.4,1,9
10880,SMB,Cloud Platform,2183.99,1,7
10621,SMB,Cloud Platform,2316.35,0,3
10257,SMB,Cloud Platform,2270.22,0,6
10612,SMB,Cloud Platform,1827.44,0,7
10545,SMB,Developer API,1955.22,0,8
10772,SMB,Cloud Platform,2201.62,0,5
11420,Startup,Analytics Suite,1201.13,0,1
11042,Startup,Developer API,1544.04,0,3
11790,Startup,Cloud Platform,1548.77,0,3
10760,SMB,Analytics Suite,1315.04,0,5
10383,SMB,Cloud Platform,2231.84,0,7
11104,Startup,Cloud Platform,1042.77,0,3
10974,Startup,Cloud Platform,691.51,0,5
10353,SMB,Analytics Suite,2058.83,0,5
11606,Startup,Cloud Platform,1711.59,0,5
11826,Startup,Developer API,1811.74,0,4
11037,Startup,Developer API,2252.54,0,2
11108,Startup,Developer API,1570.3,0,4
10495,SMB,Analytics Suite,1945.14,0,7
10394,SMB,Analytics Suite,1442.98,1,6
11547,Startup,Analytics Suite,1489.84,0,6
10465,SMB,Cloud Platform,1624.4,0,10
10887,SMB,Developer API,1882.27,1,5
11194,Startup,Analytics Suite,1717.03,0,2
10367,SMB,Analytics Suite,2206.66,0,5
11894,Startup,Analytics Suite,1325.79,0,6
11874,Startup,Cloud Platform,1444.32,0,2
10745,SMB,Cloud Platform,2182.22,0,3
10530,SMB,Developer API,2162.01,0,5
10803,SMB,Analytics Suite,2149.08,0,7
11224,Startup,Analytics Suite,1290.64,0,6
11979,Startup,Developer API,1270.85,0,4
11906,Startup,Developer API,1065.84,0,4
11700,Startup,Cloud Platform,1271.44,0,5
11545,Startup,Analytics Suite,1676.74,0,4
11314,Startup,Analytics Suite,1499.95,0,6
10307,SMB,Developer API,2106.51,1,8
11667,Startup,Developer API,1372.54,0,0
10863,SMB,Analytics Suite,1964.63,0,4
11567,Startup,Analytics Suite,1312.69,0,7
10531,SMB,Cloud Platform,1639.2,0,7
10655,SMB,Cloud Platform,1778.2,1,6
11260,Startup,Analytics Suite,1165.52,0,4
10234,SMB,Analytics Suite,2138.21,0,4
10121,SMB,Analytics Suite,1865.06,0,5
11698,Startup,Developer API,1430.56,0,1
10950,Startup,Developer API,1000.03,1,4
10618,SMB,Cloud Platform,2388.51,0,6
11179,Startup,Developer API,1064.19,0,4
10308,SMB,Analytics Suite,1020.44,0,3
10136,SMB,Developer API,2207.61,0,7
10555,SMB,Cloud Platform,2200.77,0,11
11674,Startup,Analytics Suite,1454.22,1,2
10584,SMB,Cloud Platform,1784.26,0,9
11641,Startup,Developer API,969.81,0,3
10671,SMB,Cloud Platform,1561.56,0,3
10835,SMB,Analytics Suite,1626.72,0,8
10110,SMB,Analytics Suite,2413.76,1,6
11165,Startup,Analytics Suite,1405.38,0,2
11960,Startup,Analytics Suite,1774.87,0,7
11465,Startup,Analytics Suite,1158.97,0,1
11729,Startup,Cloud Platform,1951.79,0,1
11243,Startup,Developer API,1014.67,0,1
10212,SMB,Analytics Suite,2307.04,0,5
11768,Startup,Analytics Suite,1663.71,1,0
11121,Startup,Analytics Suite,1380.35,0,5
10680,SMB,Analytics Suite,1700.08,0,8
11951,Startup,Developer API,1330.95,0,2
11839,Startup,Developer API,835.66,0,3
10412,SMB,Analytics Suite,2606.93,0,5
11325,Startup,Developer API,1165.91,0,5
10783,SMB,Cloud Platform,2029.08,0,5
11346,Startup,Developer API,854.92,0,2
10875,SMB,Cloud Platform,1895.36,0,5
11653,Startup,Analytics Suite,1386.74,0,3
11279,Startup,Developer API,1190.96,0,5
10786,SMB,Analytics Suite,1013.32,0,3
11819,Startup,Developer API,1486.02,0,3
11199,Startup,Analytics Suite,1702.29,0,4
10808,SMB,Developer API,1650.84,0,4
10713,SMB,Cloud Platform,2375.97,0,3
11991,Startup,Developer API,1529.06,0,3
11660,Startup,Cloud Platform,1514.87,0,5
11191,Startup,Analytics Suite,1412.04,0,2
11226,Startup,Developer API,1605.41,0,0
10603,SMB,Analytics Suite,1711.13,0,9
10271,SMB,Analytics Suite,2393.26,1,5
11385,Startup,Developer API,926.3,0,1
10232,SMB,Cloud Platform,1527.49,0,5
10050,Enterprise,Cloud Platform,84718.32,0,3
10463,SMB,Analytics Suite,1672.95,0,4
11106,Startup,Analytics Suite,1802.54,0,3
10856,SMB,Analytics Suite,1799.29,0,2
10694,SMB,Cloud Platform,2050.91,0,3
11552,Startup,Analytics Suite,1156.46,0,2
11873,Startup,Developer API,1393.35,0,2
10527,SMB,Analytics Suite,1915.06,0,7
10174,SMB,Analytics Suite,1988.16,0,8
10721,SMB,Cloud Platform,1639.53,0,7
10415,SMB,Cloud Platform,2053.43,0,6
10238,SMB,Cloud Platform,1262.48,0,3
11473,Startup,Developer API,940.46,0,5
11336,Startup,Analytics Suite,1648.27,0,3
11064,Startup,Cloud Platform,1681.62,0,0
10024,Enterprise,Developer API,69432.89,0,1
11767,Startup,Developer API,1282.75,0,3
10064,Enterprise,Analytics Suite,69579.17,0,3
10290,SMB,Analytics Suite,1863.45,0,8
10189,SMB,Cloud Platform,2070.06,0,6
10702,SMB,Analytics Suite,1346.77,0,4
11815,Startup,Developer API,1493.04,1,4
11138,Startup,Cloud Platform,955.93,0,3
10355,SMB,Cloud Platform,1687.87,0,5
10417,SMB,Cloud Platform,2102.68,0,9
11246,Startup,Developer API,1496.1,0,3
10931,Startup,Cloud Platform,1384.87,0,3
10197,SMB,Cloud Platform,1802.63,1,5
10580,SMB,Cloud Platform,2322.22,0,8
11135,Startup,Analytics Suite,1599.14,1,6
11814,Startup,Cloud Platform,1841.93,0,3
11935,Startup,Analytics Suite,1036.59,0,3
10434,SMB,Developer API,1807.61,1,6
10101,SMB,Cloud Platform,2301.15,0,8
11655,Startup,Developer API,1732.56,0,4
10395,SMB,Developer API,2353.35,0,8
11939,Startup,Developer API,1237.13,0,1
10221,SMB,Developer API,1741.14,0,5
11676,Startup,Cloud Platform,1365.85,0,3
11498,Startup,Developer API,1374.71,0,5
11785,Startup,Analytics Suite,827.13,0,2
10345,SMB,Developer API,2149.9,0,5
11028,Startup,Cloud Platform,886.17,0,6
10889,SMB,Cloud Platform,1851.11,0,4
11351,Startup,Developer API,1304.72,0,6
10553,SMB,Cloud Platform,1883.45,0,4
10744,SMB,Analytics Suite,2237.51,0,11
11542,Startup,Cloud Platform,1333.2,0,5
10539,SMB,Cloud Platform,1873.18,0,3
10907,Startup,Analytics Suite,1315.54,0,2
11395,Startup,Analytics Suite,1224.34,0,2
10116,SMB,Analytics Suite,2478.06,0,6
10830,SMB,Cloud Platform,1893.5,0,4
11938,Startup,Developer API,1109.38,0,3
10809,SMB,Cloud Platform,1147.73,1,3
11311,Startup,Analytics Suite,1198.28,0,3
11005,Startup,Cloud Platform,1334.75,0,4
10306,SMB,Analytics Suite,1763.82,0,3
11101,Startup,Cloud Platform,1300.14,0,2
10480,SMB,Developer API,2648.91,0,4
11424,Startup,Cloud Platform,1389.04,0,7
11076,Startup,Developer API,1093.12,0,5
10571,SMB,Cloud Platform,1894.34,0,4
10619,SMB,Analytics Suite,1463.43,1,6
11898,Startup,Developer API,1277.66,0,2
11266,Startup,Analytics Suite,1186.04,0,4
10079,Enterprise,Cloud Platform,72562.12,0,4
11912,Startup,Cloud Platform,1486.12,0,3
10033,Enterprise,Cloud Platform,71465.3,0,0
11538,Startup,Developer API,1779.89,0,7
11034,Startup,Cloud Platform,1164.48,0,2
11563,Startup,Analytics Suite,1228.02,0,3
10352,SMB,Analytics Suite,1563.03,1,8
10164,SMB,Analytics Suite,1930.98,0,3
10204,SMB,Cloud Platform,2012.03,0,6
11054,Startup,Developer API,1307.68,1,1
11365,Startup,Developer API,1356.4,0,1
11967,Startup,Developer API,834.76,0,5
10496,SMB,Cloud Platform,1408.23,0,3
11625,Startup,Developer API,1416.79,0,3
11966,Startup,Analytics Suite,1210.24,0,4
11963,Startup,Developer API,1410.16,0,2
10611,SMB,Analytics Suite,2233.97,0,9
10433,SMB,Analytics Suite,1580.25,0,4
11492,Startup,Analytics Suite,1481.86,0,3
10219,SMB,Analytics Suite,2127.19,0,11
11931,Startup,Developer API,861.2,0,5
11466,Startup,Cloud Platform,1588.09,0,2
10631,SMB,Analytics Suite,2097.63,0,8
11382,Startup,Developer API,2029.96,0,4
11302,Startup,Analytics Suite,1669.95,0,3
10060,Enterprise,Cloud Platform,65887.55,0,0
10299,SMB,Cloud Platform,2023.21,0,10
11711,Startup,Developer API,1029.63,0,2
10074,Enterprise,Cloud Platform,66658.77,0,2
10163,SMB,Cloud Platform,2057.37,0,7
11275,Startup,Cloud Platform,1251.87,0,4
11594,Startup,Cloud Platform,1681.57,0,2
11434,Startup,Cloud Platform,1583.0,0,3
11613,Startup,Developer API,1521.18,0,2
10592,SMB,Analytics Suite,1429.53,0,3
10317,SMB,Analytics Suite,1860.92,0,7
10046,Enterprise,Analytics Suite,63443.38,0,0
11720,Startup,Analytics Suite,1540.52,0,3
11832,Startup,Analytics Suite,1351.16,0,4
10428,SMB,Analytics Suite,2292.6,1,11
10582,SMB,Cloud Platform,1773.87,0,7
10077,Enterprise,Developer API,69772.99,0,5
11917,Startup,Analytics Suite,1008.69,0,2
11415,Startup,Analytics Suite,1118.57,0,2
10781,SMB,Cloud Platform,1735.19,0,6
11920,Startup,Developer API,1169.07,0,5
11174,Startup,Cloud Platform,1583.25,0,5
11320,Startup,Analytics Suite,1298.65,0,5
10938,Startup,Analytics Suite,659.96,0,3
10031,Enterprise,Cloud Platform,78114.6,0,0
11092,Startup,Cloud Platform,1205.15,0,4
11616,Startup,Analytics Suite,1137.19,0,1
11230,Startup,Developer API,1130.87,0,5
10975,Startup,Analytics Suite,1213.26,0,2
11085,Startup,Cloud Platform,1669.19,0,5
10515,SMB,Developer API,1654.34,0,4
11551,Startup,Cloud Platform,1011.52,0,1
11568,Startup,Analytics Suite,1503.63,0,7
11811,Startup,Analytics Suite,1531.33,0,2
11574,Startup,Developer API,1230.86,0,3
10045,Enterprise,Cloud Platform,74249.61,0,3
11687,Startup,Developer API,1097.97,0,6
10169,SMB,Cloud Platform,1914.89,0,4
10304,SMB,Cloud Platform,2226.82,0,6
10991,Startup,Analytics Suite,1432.59,0,2
10556,SMB,Analytics Suite,2017.41,0,7
11925,Startup,Developer API,1218.52,0,3
10608,SMB,Analytics Suite,2048.79,0,2
11619,Startup,Cloud Platform,1527.15,0,3
10758,SMB,Developer API,1816.9,0,4
10439,SMB,Analytics Suite,1694.59,0,2
10583,SMB,Cloud Platform,1690.98,0,2
11519,Startup,Developer API,1667.05,0,6
10528,SMB,Cloud Platform,1829.26,0,6
10343,SMB,Analytics Suite,1898.59,0,9
11737,Startup,Developer API,1414.2,0,4
10368,SMB,Analytics Suite,2231.11,0,3
10186,SMB,Developer API,1705.78,0,3
11117,Startup,Developer API,1166.26,0,3
11755,Startup,Developer API,1033.95,0,2
11426,Startup,Analytics Suite,1237.41,0,0
10301,SMB,Analytics Suite,1709.91,0,2
11904,Startup,Developer API,985.3,0,4
10833,SMB,Analytics Suite,1927.93,0,4
10544,SMB,Analytics Suite,1787.92,0,5
11601,Startup,Analytics Suite,1549.88,0,7
10351,SMB,Analytics Suite,2207.45,1,4
11933,Startup,Analytics Suite,1630.22,0,0
11511,Startup,Cloud Platform,948.24,0,6
10979,Startup,Cloud Platform,1016.06,0,4
10176,SMB,Analytics Suite,1855.27,0,8
10483,SMB,Developer API,2378.31,0,3
11413,Startup,Developer API,1270.62,0,2
11611,Startup,Analytics Suite,1495.94,0,3
10124,SMB,Analytics Suite,1942.14,0,2
10600,SMB,Analytics Suite,2102.75,0,8
11795,Startup,Cloud Platform,1343.51,0,4
11746,Startup,Analytics Suite,1470.1,0,2
11379,Startup,Developer API,900.38,0,3
11186,Startup,Developer API,1233.48,0,2
10486,SMB,Cloud Platform,2363.52,0,6
10332,SMB,Analytics Suite,2004.01,1,4
10789,SMB,Analytics Suite,2373.38,0,5
10195,SMB,Analytics Suite,1861.32,0,4
10638,SMB,Cloud Platform,1671.69,0,9
10472,SMB,Cloud Platform,1836.05,0,9
11714,Startup,Developer API,820.89,0,4
10323,SMB,Analytics Suite,1408.03,0,4
11197,Startup,Analytics Suite,1449.59,0,4
10267,SMB,Cloud Platform,2031.85,0,8
11544,Startup,Developer API,1579.13,0,3
11804,Startup,Developer API,1343.56,0,3
10068,Enterprise,Cloud Platform,79872.86,0,1
11738,Startup,Analytics Suite,1310.5,0,2
11593,Startup,Analytics Suite,1496.49,0,2
11564,Startup,Analytics Suite,1747.81,0,6
10481,SMB,Analytics Suite,1633.9,0,8
11757,Startup,Cloud Platform,1159.13,0,4
11913,Startup,Developer API,1281.31,0,2
11441,Startup,Developer API,1260.86,0,3
11461,Startup,Analytics Suite,1584.4,0,3
10888,SMB,Analytics Suite,2298.67,0,2
10423,SMB,Analytics Suite,1367.11,0,6
11675,Startup,Analytics Suite,1420.34,1,4
11450,Startup,Analytics Suite,1412.41,0,4
10765,SMB,Analytics Suite,1567.74,1,6
10520,SMB,Analytics Suite,1780.08,0,8
11432,Startup,Analytics Suite,1285.51,1,3
10614,SMB,Developer API,1595.02,0,5
11531,Startup,Analytics Suite,1844.48,1,1
11783,Startup,Cloud Platform,733.37,0,6
11659,Startup,Cloud Platform,1725.69,0,4
10454,SMB,Cloud Platform,1676.13,0,4
10731,SMB,Cloud Platform,1942.41,0,3
10535,SMB,Analytics Suite,1543.99,1,8
10966,Startup,Cloud Platform,1659.7,0,2
11285,Startup,Developer API,1681.71,0,3
11740,Startup,Analytics Suite,1289.11,0,5
10262,SMB,Analytics Suite,1934.37,0,4
10536,SMB,Developer API,1229.13,0,4
10969,Startup,Analytics Suite,1260.6,0,4
10241,SMB,Developer API,1574.51,0,5
10820,SMB,Analytics Suite,1468.03,0,6
10693,SMB,Analytics Suite,1716.41,0,7
10421,SMB,Developer API,1648.81,0,4
11086,Startup,Analytics Suite,1765.28,0,0
11999,Startup,Developer API,1064.01,0,3
10366,SMB,Developer API,2190.2,0,4
11023,Startup,Cloud Platform,1446.59,0,2
11241,Startup,Developer API,1397.87,0,4
10589,SMB,Analytics Suite,2006.08,0,9
10737,SMB,Cloud Platform,1709.44,0,6
11762,Startup,Developer API,1027.03,0,4
10942,Startup,Developer API,1542.71,0,2
10072,Enterprise,Analytics Suite,70843.3,0,2
11408,Startup,Cloud Platform,1382.77,0,6
10260,SMB,Developer API,1668.24,0,4
10052,Enterprise,Cloud Platform,74574.42,0,0
10199,SMB,Cloud Platform,1499.54,0,6
11789,Startup,Analytics Suite,1284.62,0,5
10651,SMB,Cloud Platform,2173.81,0,6
10333,SMB,Analytics Suite,2184.09,0,5
11360,Startup,Developer API,1370.91,0,9
10594,SMB,Analytics Suite,2155.3,0,5
11392,Startup,Developer API,1129.73,0,5
11801,Startup,Cloud Platform,1483.37,0,2
11315,Startup,Cloud Platform,1298.83,1,4
11112,Startup,Cloud Platform,1481.66,0,4
11007,Startup,Developer API,1661.5,0,6
11327,Startup,Cloud Platform,1374.51,0,2
10427,SMB,Developer API,1928.97,1,5
11559,Startup,Analytics Suite,1381.26,0,5
11294,Startup,Cloud Platform,1372.95,0,2
10591,SMB,Developer API,2159.87,0,5
11958,Startup,Analytics Suite,1768.4,0,2
11977,Startup,Analytics Suite,1675.98,0,0
11133,Startup,Developer API,1013.85,0,2
10986,Startup,Cloud Platform,1398.38,0,2
10399,SMB,Cloud Platform,1683.31,0,0
11512,Startup,Cloud Platform,1051.22,0,5
10437,SMB,Cloud Platform,1906.61,0,2
10193,SMB,Analytics Suite,1417.34,0,5
11436,Startup,Developer API,1660.31,0,0
10615,SMB,Cloud Platform,1742.02,0,6
11494,Startup,Cloud Platform,922.54,0,3
10577,SMB,Developer API,2334.23,0,7
10987,Startup,Analytics Suite,1314.76,0,3
11433,Startup,Cloud Platform,1244.07,0,4
10707,SMB,Analytics Suite,1833.46,0,6
11259,Startup,Cloud Platform,1255.59,0,4
10142,SMB,Analytics Suite,2069.61,0,4
11358,Startup,Analytics Suite,1431.98,1,5
10003,Enterprise,Analytics Suite,72380.21,0,4
11222,Startup,Analytics Suite,883.2,0,4
11870,Startup,Developer API,1291.51,0,3
11623,Startup,Cloud Platform,1757.63,0,4
10340,SMB,Cloud Platform,1890.58,0,9
11770,Startup,Analytics Suite,1368.93,0,4
11537,Startup,Developer API,1520.14,0,2
10484,SMB,Analytics Suite,1708.92,0,0
10266,SMB,Cloud Platform,2002.25,0,6
10377,SMB,Analytics Suite,1971.41,1,6
10742,SMB,Analytics Suite,2476.83,0,3
11014,Startup,Analytics Suite,1061.49,0,4
10440,SMB,Analytics Suite,1970.93,0,5
10272,SMB,Cloud Platform,2005.9,0,9
10185,SMB,Cloud Platform,1948.14,0,9
10940,Startup,Developer API,1103.92,0,5
10245,SMB,Analytics Suite,1703.65,1,6
10932,Startup,Developer API,1702.94,1,2
10446,SMB,Cloud Platform,2284.24,0,6
10597,SMB,Cloud Platform,1523.97,0,2
10818,SMB,Cloud Platform,1498.71,0,10
11273,Startup,Analytics Suite,1248.0,0,0
11677,Startup,Analytics Suite,1222.0,0,2
10487,SMB,Developer API,1761.26,1,3
10681,SMB,Developer API,1824.86,1,6
10416,SMB,Analytics Suite,2131.02,0,6
10274,SMB,Analytics Suite,1911.01,0,5
11472,Startup,Developer API,1854.8,0,1
11830,Startup,Analytics Suite,1630.2,0,4
11455,Startup,Developer API,1429.99,0,4
10251,SMB,Analytics Suite,2084.47,0,5
10414,SMB,Developer API,2044.17,0,5
11386,Startup,Cloud Platform,921.93,0,1
11308,Startup,Analytics Suite,1701.6,0,0
10716,SMB,Developer API,2008.38,0,6
10311,SMB,Analytics Suite,1766.27,1,6
10927,Startup,Developer API,1418.43,0,5
10382,SMB,Analytics Suite,2164.23,0,9
11566,Startup,Developer API,1178.31,0,2
10426,SMB,Cloud Platform,1543.92,0,6
11875,Startup,Analytics Suite,1406.95,0,3
10533,SMB,Cloud Platform,1324.14,0,11
10753,SMB,Cloud Platform,2083.92,1,6
10766,SMB,Cloud Platform,2431.23,0,4
11357,Startup,Developer API,1198.19,0,2
10409,SMB,Cloud Platform,1458.13,0,6
11615,Startup,Developer API,1225.79,0,8
10695,SMB,Analytics Suite,2246.48,0,7
11739,Startup,Developer API,1021.6,0,2
10549,SMB,Cloud Platform,1822.51,0,10
10937,Startup,Analytics Suite,1291.14,0,4
11390,Startup,Analytics Suite,1995.21,0,5
11608,Startup,Cloud Platform,1129.13,0,7
11940,Startup,Cloud Platform,1401.28,0,2
11482,Startup,Analytics Suite,1328.35,0,2
10183,SMB,Developer API,1568.63,0,2
11941,Startup,Analytics Suite,1550.14,0,6
11161,Startup,Developer API,1847.3,0,1
10171,SMB,Cloud Platform,2233.51,0,4
10293,SMB,Cloud Platform,2070.7,0,7
10562,SMB,Analytics Suite,1481.45,0,3
11457,Startup,Developer API,1303.8,0,2
11877,Startup,Developer API,1412.57,0,2
11652,Startup,Developer API,1997.7,0,2
10850,SMB,Analytics Suite,1635.24,0,8
10273,SMB,Analytics Suite,1886.4,0,7
11550,Startup,Analytics Suite,1130.08,1,3
11035,Startup,Cloud Platform,1315.02,0,3
11744,Startup,Developer API,1098.05,0,8
10372,SMB,Developer API,1531.1,0,4
11670,Startup,Developer API,1434.14,0,5
10722,SMB,Analytics Suite,2069.48,1,5
10734,SMB,Cloud Platform,1346.76,0,5
10778,SMB,Developer API,1344.47,0,8
10519,SMB,Analytics Suite,1547.31,0,10
10335,SMB,Analytics Suite,1797.29,0,6
10846,SMB,Analytics Suite,1656.6,1,9
11252,Startup,Analytics Suite,1166.2,0,0
11053,Startup,Cloud Platform,1028.95,0,2
11924,Startup,Analytics Suite,1666.63,0,6
10016,Enterprise,Cloud Platform,69594.41,0,2
10708,SMB,Cloud Platform,1507.71,0,5
10901,Startup,Cloud Platform,1512.73,0,2
11980,Startup,Cloud Platform,1624.07,0,5
11573,Startup,Cloud Platform,1454.29,0,5
10904,Startup,Cloud Platform,1503.81,0,1
10466,SMB,Analytics Suite,2518.54,0,7
11978,Startup,Analytics Suite,1168.83,0,2
10200,SMB,Developer API,2308.13,0,10
11207,Startup,Analytics Suite,1275.16,0,10
11056,Startup,Analytics Suite,932.62,0,6
11132,Startup,Analytics Suite,1618.31,0,5
11380,Startup,Developer API,1704.35,0,5
10999,Startup,Developer API,1926.33,0,2
10728,SMB,Cloud Platform,1763.15,0,5
11772,Startup,Developer API,1784.92,0,4
11910,Startup,Analytics Suite,1210.49,0,3
11822,Startup,Developer API,1597.74,1,3
10568,SMB,Cloud Platform,2033.91,0,9
10044,Enterprise,Cloud Platform,68721.18,0,0
10275,SMB,Cloud Platform,2059.06,0,7
11097,Startup,Analytics Suite,1159.81,0,1
10102,SMB,Analytics Suite,1703.78,0,7
11232,Startup,Cloud Platform,945.0,0,4
11722,Startup,Cloud Platform,1285.06,0,3
11833,Startup,Developer API,1303.84,0,5
10108,SMB,Cloud Platform,1420.28,0,7
11618,Startup,Cloud Platform,892.8,0,1
10498,SMB,Developer API,2125.06,0,4
11981,Startup,Analytics Suite,1523.01,0,2
10882,SMB,Analytics Suite,1753.91,0,4
10757,SMB,Cloud Platform,1532.49,0,6
10620,SMB,Cloud Platform,1390.93,1,3
11107,Startup,Developer API,1415.88,0,1
11936,Startup,Analytics Suite,1420.3,0,4
10810,SMB,Cloud Platform,2140.21,0,7
11038,Startup,Developer API,1425.41,0,3
10073,Enterprise,Cloud Platform,63390.62,0,2
11284,Startup,Cloud Platform,914.43,0,6
11272,Startup,Analytics Suite,1356.22,0,1
11335,Startup,Developer API,1337.92,0,6
11459,Startup,Developer API,1412.64,0,5
10482,SMB,Analytics Suite,2366.74,0,9
11069,Startup,Developer API,1499.52,0,3
10507,SMB,Analytics Suite,2042.5,0,8
11238,Startup,Analytics Suite,1667.98,0,1
11862,Startup,Analytics Suite,1594.04,0,3
11990,Startup,Analytics Suite,1188.73,0,6
11477,Startup,Analytics Suite,1343.44,0,1
11867,Startup,Developer API,1681.79,0,4
11456,Startup,Analytics Suite,1373.92,0,4
10312,SMB,Developer API,1539.1,1,5
10963,Startup,Developer API,1333.35,0,3
10406,SMB,Developer API,1777.55,0,3
11331,Startup,Developer API,804.07,0,4
11650,Startup,Cloud Platform,1616.19,1,2
10310,SMB,Cloud Platform,1353.09,0,4
10227,SMB,Cloud Platform,2110.74,0,6
11858,Startup,Developer API,1239.67,0,0
10711,SMB,Analytics Suite,1700.84,0,8
11944,Startup,Analytics Suite,1841.78,0,2
11384,Startup,Developer API,1698.78,0,2
11786,Startup,Cloud Platform,1040.13,0,2
10149,SMB,Analytics Suite,1883.62,0,6
11555,Startup,Analytics Suite,1205.33,0,4
11957,Startup,Cloud Platform,989.0,0,2
10926,Startup,Developer API,1338.71,0,2
10943,Startup,Developer API,1393.42,0,3
10837,SMB,Analytics Suite,1553.36,0,6
10576,SMB,Analytics Suite,2054.98,0,4
10558,SMB,Developer API,2120.33,0,7
11236,Startup,Developer API,1193.4,0,1
11361,Startup,Developer API,1660.96,0,3
11348,Startup,Cloud Platform,1697.93,0,3
11162,Startup,Developer API,1565.13,0,4
11443,Startup,Cloud Platform,1659.95,1,5
10287,SMB,Cloud Platform,2380.18,0,3
11605,Startup,Developer API,1296.72,0,5
11058,Startup,Analytics Suite,1653.71,0,2
10599,SMB,Analytics Suite,2037.44,0,9
10933,Startup,Developer API,1396.08,1,3
11462,Startup,Analytics Suite,1680.97,0,6
11638,Startup,Developer API,1529.04,0,4
11588,Startup,Developer API,1541.76,0,3
11041,Startup,Developer API,1169.92,0,5
11231,Startup,Developer API,1576.99,0,4
10807,SMB,Analytics Suite,1868.59,0,2
10905,Startup,Analytics Suite,1225.38,0,5
11680,Startup,Cloud Platform,1147.36,0,6
11205,Startup,Analytics Suite,809.43,0,6
10768,SMB,Cloud Platform,2049.63,1,8
10610,SMB,Developer API,1583.08,0,7
11993,Startup,Analytics Suite,1522.49,0,3
11565,Startup,Cloud Platform,741.36,0,5
11423,Startup,Analytics Suite,1743.89,0,2
11011,Startup,Cloud Platform,1400.38,1,2
10494,SMB,Cloud Platform,1644.01,0,3
11321,Startup,Developer API,1196.65,0,6
10278,SMB,Cloud Platform,1374.42,0,3
11847,Startup,Developer API,1420.54,0,0
10359,SMB,Analytics Suite,2136.02,0,6
11111,Startup,Analytics Suite,1325.62,0,6
10237,SMB,Analytics Suite,1937.51,0,5
10552,SMB,Analytics Suite,1605.46,0,5
11868,Startup,Cloud Platform,1473.49,0,2
11813,Startup,Analytics Suite,1369.14,0,2
10209,SMB,Analytics Suite,1933.96,0,3
11387,Startup,Analytics Suite,1374.22,0,4
11561,Startup,Developer API,1481.34,0,4
10059,Enterprise,Cloud Platform,65769.91,0,1
10632,SMB,Analytics Suite,1964.79,0,3
11962,Startup,Analytics Suite,1684.63,0,2
11860,Startup,Developer API,1664.56,0,3
11817,Startup,Developer API,1106.65,0,5
10364,SMB,Cloud Platform,1857.71,0,12
10506,SMB,Cloud Platform,1858.27,1,6
11166,Startup,Cloud Platform,1414.24,0,3
11122,Startup,Developer API,1589.16,0,1
11630,Startup,Analytics Suite,1492.88,1,3
11217,Startup,Analytics Suite,1607.49,0,4
11152,Startup,Developer API,1463.78,0,2
11125,Startup,Developer API,1162.32,0,3
11595,Startup,Developer API,1105.54,0,4
10119,SMB,Cloud Platform,1461.2,0,8
11250,Startup,Analytics Suite,1462.19,0,3
11994,Startup,Developer API,1273.5,0,5
10523,SMB,Cloud Platform,2570.8,0,10
10514,SMB,Developer API,1603.83,0,3
10082,Enterprise,Developer API,64014.56,0,0
10916,Startup,Analytics Suite,1814.53,0,4
11019,Startup,Developer API,1488.83,0,0
10381,SMB,Analytics Suite,1801.75,0,9
11030,Startup,Analytics Suite,1195.37,0,5
11689,Startup,Analytics Suite,1797.67,0,3
10085,Enterprise,Cloud Platform,64516.24,0,1
11678,Startup,Analytics Suite,1931.69,0,4
10330,SMB,Analytics Suite,2498.02,0,6
10007,Enterprise,Cloud Platform,65518.32,0,3
10746,SMB,Analytics Suite,2052.76,0,7
11554,Startup,Analytics Suite,1038.53,1,3
10915,Startup,Cloud Platform,1411.65,0,5
10874,SMB,Analytics Suite,2259.3,0,8
10452,SMB,Cloud Platform,1887.18,0,5
10491,SMB,Developer API,1680.22,0,10
11481,Startup,Developer API,1385.67,0,6
10288,SMB,Developer API,1737.33,0,5
10949,Startup,Analytics Suite,1214.55,0,6
11986,Startup,Analytics Suite,1311.07,0,4
11369,Startup,Analytics Suite,1560.61,1,5
11147,Startup,Developer API,1505.41,0,4
10706,SMB,Cloud Platform,2076.95,0,4
11727,Startup,Analytics Suite,1637.88,0,5
11702,Startup,Cloud Platform,1461.64,1,2
11629,Startup,Developer API,1394.5,0,3
11600,Startup,Analytics Suite,1579.28,1,1
11539,Startup,Developer API,1229.21,0,2
11406,Startup,Developer API,1217.52,0,5
11651,Startup,Developer API,1298.19,0,5
10328,SMB,Analytics Suite,1770.22,0,2
10443,SMB,Analytics Suite,1869.11,0,6
10775,SMB,Developer API,1728.35,0,8
11088,Startup,Developer API,1218.89,0,4
11221,Startup,Cloud Platform,868.11,0,2
11636,Startup,Developer API,1171.07,0,7
10178,SMB,Cloud Platform,2439.35,1,4
11323,Startup,Developer API,1548.36,0,5
10705,SMB,Cloud Platform,2261.93,0,5
10087,Enterprise,Cloud Platform,74437.56,0,0
11884,Startup,Cloud Platform,1201.28,0,9
11948,Startup,Cloud Platform,916.92,0,2
10458,SMB,Developer API,1667.13,0,6
11829,Startup,Analytics Suite,1805.25,0,4
10055,Enterprise,Analytics Suite,71506.61,0,1
11502,Startup,Analytics Suite,1270.91,0,3
10644,SMB,Cloud Platform,1583.52,0,5
10678,SMB,Developer API,2119.72,0,4
10222,SMB,Analytics Suite,1308.14,0,12
10114,SMB,Analytics Suite,1975.34,0,7
10983,Startup,Cloud Platform,1087.18,1,2
11229,Startup,Cloud Platform,1649.71,1,1
11000,Startup,Developer API,1650.55,0,4
10175,SMB,Analytics Suite,2344.66,1,5
10782,SMB,Cloud Platform,1396.59,1,5
10590,SMB,Cloud Platform,2232.19,0,3
11560,Startup,Cloud Platform,1476.41,0,2
10019,Enterprise,Developer API,66101.49,0,1
10424,SMB,Analytics Suite,1845.5,0,8
11344,Startup,Analytics Suite,1349.03,0,1
10286,SMB,Cloud Platform,2189.13,0,6
11584,Startup,Cloud Platform,1527.94,0,5
10429,SMB,Analytics Suite,2150.49,0,4
11510,Startup,Analytics Suite,1608.94,0,4
11319,Startup,Cloud Platform,1749.6,0,5
10670,SMB,Cloud Platform,1623.24,0,4
10032,Enterprise,Analytics Suite,74118.67,0,1
10941,Startup,Analytics Suite,1209.22,0,0
10723,SMB,Cloud Platform,1838.72,0,4
10995,Startup,Cloud Platform,1255.34,0,4
10215,SMB,Analytics Suite,1862.95,0,2
10814,SMB,Cloud Platform,2029.78,0,6
10327,SMB,Cloud Platform,1770.4,0,4
10561,SMB,Developer API,1878.11,0,8
11113,Startup,Cloud Platform,1526.14,0,3
10701,SMB,Analytics Suite,2044.65,0,6
11579,Startup,Developer API,1467.0,0,3
11190,Startup,Developer API,1526.71,0,3
10342,SMB,Cloud Platform,1850.79,0,7
10630,SMB,Cloud Platform,1693.29,0,7
10148,SMB,Analytics Suite,1757.0,0,4
11310,Startup,Analytics Suite,1486.21,0,3
10361,SMB,Cloud Platform,1920.13,0,9
10084,Enterprise,Cloud Platform,72157.45,0,1
10049,Enterprise,Cloud Platform,63450.25,0,0
10469,SMB,Analytics Suite,2065.13,1,5
10156,SMB,Developer API,2523.98,0,5
10773,SMB,Cloud Platform,2440.38,0,6
11240,Startup,Analytics Suite,1433.26,0,6
11201,Startup,Analytics Suite,1797.12,0,9
11403,Startup,Developer API,1304.16,0,3
11203,Startup,Analytics Suite,1302.03,0,2
11631,Startup,Developer API,1335.52,0,3
10501,SMB,Cloud Platform,2243.3,1,4
11765,Startup,Cloud Platform,1701.59,0,4
10180,SMB,Analytics Suite,1215.36,0,6
11048,Startup,Developer API,1353.09,0,3
11756,Startup,Developer API,1343.46,0,2
10951,Startup,Analytics Suite,1612.33,0,4
11317,Startup,Developer API,1368.41,0,2
11620,Startup,Analytics Suite,1482.87,0,6
10529,SMB,Analytics Suite,2087.43,0,5
10347,SMB,Cloud Platform,2174.4,0,5
11388,Startup,Analytics Suite,1076.61,0,4
11961,Startup,Cloud Platform,1432.16,0,6
11051,Startup,Developer API,1264.59,0,5
11973,Startup,Cloud Platform,1782.63,0,2
11442,Startup,Cloud Platform,1732.13,0,3
10602,SMB,Analytics Suite,1097.69,0,6
11282,Startup,Analytics Suite,1190.89,0,3
10244,SMB,Analytics Suite,2067.25,0,2
11337,Startup,Developer API,1075.13,0,2
11068,Startup,Analytics Suite,1182.26,0,2
11476,Startup,Analytics Suite,1249.51,0,4
10313,SMB,Cloud Platform,1486.6,1,6
10436,SMB,Cloud Platform,1584.5,0,4
11899,Startup,Developer API,1241.53,0,6
11329,Startup,Analytics Suite,1197.97,0,1
10309,SMB,Developer API,2219.63,0,4
10431,SMB,Analytics Suite,1578.11,0,3
10661,SMB,Analytics Suite,1681.94,0,6
10371,SMB,Cloud Platform,2365.03,0,4
10567,SMB,Analytics Suite,1891.99,0,5
10980,Startup,Analytics Suite,1621.85,1,3
10182,SMB,Cloud Platform,1724.38,0,4
11363,Startup,Developer API,1637.06,0,1
10622,SMB,Analytics Suite,1812.2,0,6
10819,SMB,Analytics Suite,1963.07,0,6
11193,Startup,Developer API,983.89,0,6
10953,Startup,Developer API,1520.68,0,2
11422,Startup,Analytics Suite,1441.33,0,3
11841,Startup,Developer API,1383.17,0,5
10923,Startup,Developer API,1615.99,0,2
11074,Startup,Cloud Platform,1422.13,0,4
10297,SMB,Developer API,1687.33,1,5
10967,Startup,Analytics Suite,1377.41,0,4
10462,SMB,Analytics Suite,2249.32,0,10
11303,Startup,Developer API,1553.73,0,3
11177,Startup,Developer API,1383.04,0,6
10378,SMB,Analytics Suite,2001.58,0,5
10799,SMB,Analytics Suite,1611.61,0,3
11103,Startup,Developer API,1152.22,0,5
10106,SMB,Analytics Suite,2064.88,0,7
10127,SMB,Cloud Platform,2633.08,0,7
11996,Startup,Developer API,1116.07,0,7
10839,SMB,Developer API,2005.97,0,4
10356,SMB,Cloud Platform,2449.21,0,8
11617,Startup,Analytics Suite,1559.32,0,5
10683,SMB,Developer API,1800.39,0,8
10813,SMB,Analytics Suite,1895.1,0,6
11681,Startup,Analytics Suite,1377.25,0,3
10210,SMB,Cloud Platform,2087.7,0,8
11493,Startup,Analytics Suite,1203.17,0,4
10141,SMB,Analytics Suite,2289.65,0,7
11975,Startup,Analytics Suite,1199.03,0,5
11340,Startup,Developer API,1619.25,0,2
11798,Startup,Developer API,1556.27,0,3
11575,Startup,Analytics Suite,1067.58,0,3
11182,Startup,Cloud Platform,1221.82,0,4
11394,Startup,Developer API,1108.66,0,9
11816,Startup,Developer API,1153.4,0,1
10712,SMB,Cloud Platform,2051.57,1,5
11794,Startup,Developer API,1419.35,0,2
10893,SMB,Cloud Platform,1818.86,1,8
10860,SMB,Cloud Platform,1851.65,1,4
10011,Enterprise,Analytics Suite,74750.03,0,1
11695,Startup,Developer API,1488.48,0,5
11428,Startup,Analytics Suite,874.05,0,1
10283,SMB,Analytics Suite,1507.27,0,5
10811,SMB,Developer API,2096.05,0,6
11342,Startup,Developer API,1220.65,0,5
10292,SMB,Cloud Platform,2140.1,0,6
10755,SMB,Analytics Suite,1901.52,0,6
10627,SMB,Developer API,2078.38,0,5
10944,Startup,Analytics Suite,1253.5,0,4
10862,SMB,Analytics Suite,2832.93,0,4
10130,SMB,Analytics Suite,2188.25,0,6
11176,Startup,Analytics Suite,1755.06,0,2
10324,SMB,Developer API,1746.57,0,6
11091,Startup,Developer API,1847.45,0,5
10844,SMB,Cloud Platform,2492.25,0,7
10964,Startup,Developer API,1723.27,0,3
11865,Startup,Developer API,1220.3,0,5
10866,SMB,Cloud Platform,2219.53,0,7
10922,Startup,Cloud Platform,1259.22,0,4
10696,SMB,Analytics Suite,1881.38,0,9
10216,SMB,Developer API,1445.77,1,4
11781,Startup,Cloud Platform,1838.23,0,6
11262,Startup,Developer API,1512.31,1,6
10159,SMB,Analytics Suite,1949.82,0,4
11059,Startup,Cloud Platform,1525.72,0,10
10989,Startup,Cloud Platform,1358.98,0,4
10842,SMB,Analytics Suite,1572.08,0,8
10635,SMB,Cloud Platform,1884.6,0,9
10517,SMB,Cloud Platform,2202.39,0,9
11429,Startup,Analytics Suite,1102.97,0,6
11748,Startup,Analytics Suite,1410.85,0,2
10598,SMB,Developer API,1334.41,0,7
10196,SMB,Cloud Platform,1948.0,1,6
11784,Startup,Developer API,1043.23,1,7
10870,SMB,Developer API,1674.56,0,4
10411,SMB,Analytics Suite,2181.77,1,7
10097,Enterprise,Cloud Platform,71028.25,0,1
11001,Startup,Analytics Suite,1264.78,0,8
11506,Startup,Cloud Platform,1584.42,0,2
10157,SMB,Cloud Platform,1782.67,0,6
10420,SMB,Cloud Platform,1856.22,0,5
11803,Startup,Analytics Suite,1491.39,0,2
10478,SMB,Cloud Platform,1464.06,0,1
11856,Startup,Developer API,1394.82,0,4
10669,SMB,Cloud Platform,1765.51,0,9
11418,Startup,Cloud Platform,1070.13,1,3
11872,Startup,Cloud Platform,1491.67,0,6
11300,Startup,Cloud Platform,1305.02,0,8
10448,SMB,Cloud Platform,1746.18,0,7
10554,SMB,Cloud Platform,1872.26,0,4
10179,SMB,Developer API,1440.6,1,8
10391,SMB,Cloud Platform,1823.08,0,2
10579,SMB,Cloud Platform,1810.97,0,8
11478,Startup,Cloud Platform,1228.09,0,3
11707,Startup,Cloud Platform,1249.43,0,8
11288,Startup,Developer API,1220.08,0,3
11645,Startup,Developer API,1466.24,0,5
11024,Startup,Analytics Suite,972.98,0,1
10821,SMB,Analytics Suite,2014.93,0,8
11825,Startup,Cloud Platform,1011.5,0,2
10985,Startup,Developer API,1124.55,0,7
11339,Startup,Analytics Suite,1104.13,1,5
10665,SMB,Analytics Suite,2333.54,0,2
10143,SMB,Analytics Suite,1824.86,0,1
11517,Startup,Developer API,1151.01,0,4
11430,Startup,Analytics Suite,1416.8,0,5
10865,SMB,Analytics Suite,1747.09,1,3
10422,SMB,Cloud Platform,1790.8,0,9
10637,SMB,Cloud Platform,2012.99,0,10
11407,Startup,Cloud Platform,1879.78,0,3
10800,SMB,Cloud Platform,1626.94,1,4
11404,Startup,Developer API,1132.39,0,1
10616,SMB,Analytics Suite,1609.56,0,6
10295,SMB,Analytics Suite,2317.96,0,8
10924,Startup,Cloud Platform,1452.76,0,2
11269,Startup,Developer API,1143.91,0,6
11903,Startup,Analytics Suite,1568.12,0,2
10089,Enterprise,Cloud Platform,66398.51,0,1
10042,Enterprise,Cloud Platform,68201.11,0,1
11802,Startup,Analytics Suite,1265.36,0,3
11934,Startup,Developer API,1223.71,0,6
10132,SMB,Cloud Platform,2429.01,0,6
11002,Startup,Cloud Platform,1260.47,0,3
11158,Startup,Analytics Suite,1144.27,0,3
11095,Startup,Analytics Suite,1146.9,0,2
11855,Startup,Analytics Suite,1823.26,0,5
11345,Startup,Developer API,1645.82,0,4
11499,Startup,Cloud Platform,1569.57,0,4
10165,SMB,Analytics Suite,1741.07,0,7
10725,SMB,Developer API,1608.75,1,7
10291,SMB,Cloud Platform,1823.21,0,2
11209,Startup,Developer API,1678.54,0,2
11589,Startup,Developer API,1525.25,0,4
11897,Startup,Cloud Platform,1698.14,0,4
11642,Startup,Analytics Suite,1261.88,0,1
11362,Startup,Analytics Suite,1288.95,0,4
10779,SMB,Cloud Platform,1971.95,0,7
10840,SMB,Cloud Platform,2146.18,0,3
10349,SMB,Cloud Platform,2501.51,0,4
11945,Startup,Developer API,1295.13,0,5
10572,SMB,Analytics Suite,1282.36,0,4
10918,Startup,Analytics Suite,1577.52,0,5
10977,Startup,Analytics Suite,1643.71,0,2
11914,Startup,Analytics Suite,1476.33,0,5
11469,Startup,Analytics Suite,1161.02,0,6
11592,Startup,Analytics Suite,1490.81,0,6
11318,Startup,Analytics Suite,1171.97,0,4
11845,Startup,Analytics Suite,1313.55,0,3
10137,SMB,Analytics Suite,2121.14,0,10
10459,SMB,Cloud Platform,1659.48,0,3
10376,SMB,Cloud Platform,1973.63,1,4
11343,Startup,Developer API,1573.53,1,3
10334,SMB,Cloud Platform,1946.64,1,10
11160,Startup,Analytics Suite,1746.51,0,1
11761,Startup,Developer API,1177.85,0,4
11458,Startup,Developer API,1327.7,0,2
10817,SMB,Analytics Suite,2113.28,0,2
11115,Startup,Analytics Suite,1437.57,0,1
11006,Startup,Developer API,1680.95,0,2
11857,Startup,Analytics Suite,1324.81,0,3
11955,Startup,Developer API,1835.56,0,3
11851,Startup,Developer API,1229.69,0,2
10911,Startup,Developer API,1118.95,1,3
11930,Startup,Analytics Suite,1096.43,0,4
11126,Startup,Developer API,1500.88,0,5
10329,SMB,Cloud Platform,1778.51,0,3
11248,Startup,Developer API,1667.5,1,1
10319,SMB,Cloud Platform,1898.05,1,8
11690,Startup,Cloud Platform,1434.0,0,6
11359,Startup,Cloud Platform,1050.68,0,2
11733,Startup,Cloud Platform,1659.31,0,2
10168,SMB,Analytics Suite,1567.05,0,7
10013,Enterprise,Cloud Platform,72289.43,0,1
11927,Startup,Cloud Platform,1517.03,0,4
10172,SMB,Analytics Suite,1418.04,0,2
10650,SMB,Developer API,2090.69,0,3
11062,Startup,Cloud Platform,1220.21,0,1
10261,SMB,Analytics Suite,2395.79,0,9
11367,Startup,Analytics Suite,1482.86,0,4
11549,Startup,Analytics Suite,1540.5,0,2
10902,Startup,Developer API,1555.88,0,0
10673,SMB,Analytics Suite,2491.86,1,5
10259,SMB,Analytics Suite,2497.58,0,10
10845,SMB,Developer API,1881.24,1,9
10868,SMB,Cloud Platform,1443.52,0,5
11800,Startup,Analytics Suite,1756.53,0,3
10139,SMB,Analytics Suite,2195.0,0,4
10894,SMB,Cloud Platform,2170.72,0,5
11838,Startup,Analytics Suite,1158.58,0,2
10550,SMB,Cloud Platform,1648.28,0,6
10320,SMB,Cloud Platform,1490.1,0,6
11527,Startup,Developer API,1129.82,0,3
11806,Startup,Analytics Suite,1697.22,0,2
11178,Startup,Analytics Suite,1092.32,0,2
10559,SMB,Analytics Suite,2292.06,0,4
10140,SMB,Analytics Suite,2225.79,0,5
11735,Startup,Cloud Platform,1633.57,0,2
10532,SMB,Cloud Platform,1475.63,0,6
10225,SMB,Analytics Suite,1399.83,1,4
10724,SMB,Cloud Platform,2000.86,0,6
10787,SMB,Cloud Platform,1866.75,0,6
11718,Startup,Developer API,1134.65,0,4
11008,Startup,Analytics Suite,1411.03,0,3
10410,SMB,Analytics Suite,1381.38,0,9
10326,SMB,Analytics Suite,2130.07,1,7
11766,Startup,Analytics Suite,1315.05,0,4
10300,SMB,Cloud Platform,1953.2,0,5
11263,Startup,Analytics Suite,1540.24,0,3
11946,Startup,Analytics Suite,1426.0,0,2
10026,Enterprise,Analytics Suite,64874.55,0,1
11859,Startup,Developer API,1470.86,0,4
10715,SMB,Developer API,1516.24,1,7
11010,Startup,Developer API,1340.16,0,3
10194,SMB,Cloud Platform,1667.43,0,8
10441,SMB,Cloud Platform,1397.1,0,5
10574,SMB,Analytics Suite,1831.77,0,5
10947,Startup,Developer API,1544.41,0,5
10998,Startup,Analytics Suite,1775.64,0,3
10504,SMB,Analytics Suite,2000.71,0,3
10606,SMB,Analytics Suite,1930.01,0,5
11717,Startup,Analytics Suite,1095.43,0,3
11164,Startup,Analytics Suite,1395.57,0,4
11787,Startup,Analytics Suite,955.24,0,1
10847,SMB,Analytics Suite,1820.13,0,6
10004,Enterprise,Cloud Platform,76518.31,0,0
11287,Startup,Analytics Suite,1436.47,0,4
11223,Startup,Analytics Suite,947.71,0,9
10468,SMB,Cloud Platform,1967.95,0,7
10322,SMB,Cloud Platform,1726.87,0,7
10006,Enterprise,Analytics Suite,72985.22,0,5
10223,SMB,Cloud Platform,1739.31,0,10
11375,Startup,Developer API,1128.69,0,4
10548,SMB,Developer API,2172.61,0,4
10229,SMB,Cloud Platform,1584.91,0,5
10040,Enterprise,Developer API,68951.54,0,1
10543,SMB,Analytics Suite,2150.72,0,4
10243,SMB,Analytics Suite,2414.31,0,7
10899,SMB,Cloud Platform,1933.32,0,6
11134,Startup,Analytics Suite,1199.05,0,3
11449,Startup,Developer API,1511.23,0,4
11869,Startup,Developer API,1770.32,0,4
10843,SMB,Developer API,2060.75,0,6
11419,Startup,Cloud Platform,1412.85,0,3
11654,Startup,Analytics Suite,1276.9,0,3
11970,Startup,Developer API,1111.81,0,4
10662,SMB,Developer API,2153.35,0,5
11211,Startup,Analytics Suite,1431.71,0,4
10315,SMB,Analytics Suite,1734.69,0,8
10692,SMB,Developer API,1679.59,0,1
11504,Startup,Analytics Suite,1367.03,0,2
10425,SMB,Analytics Suite,1578.42,0,4
10595,SMB,Cloud Platform,1464.94,0,6
11964,Startup,Analytics Suite,1633.57,0,1
10623,SMB,Cloud Platform,1674.28,0,7
11171,Startup,Cloud Platform,1239.04,0,5
11044,Startup,Developer API,1103.19,0,2
10228,SMB,Analytics Suite,2002.64,0,7
11118,Startup,Analytics Suite,1346.19,0,2
11332,Startup,Developer API,1325.03,0,5
11316,Startup,Developer API,1078.84,0,4
10067,Enterprise,Cloud Platform,71690.11,0,0
10025,Enterprise,Analytics Suite,83167.64,0,0
10145,SMB,Analytics Suite,2236.95,0,7
10537,SMB,Cloud Platform,1991.57,0,4
10812,SMB,Cloud Platform,1790.6,0,3
11467,Startup,Cloud Platform,1692.76,1,3
10086,Enterprise,Cloud Platform,66588.49,0,1
11661,Startup,Developer API,1398.42,0,2
11646,Startup,Analytics Suite,1320.92,0,4
11805,Startup,Cloud Platform,1579.99,0,1
11818,Startup,Developer API,1116.87,0,2
11577,Startup,Developer API,1549.98,0,3
11145,Startup,Cloud Platform,2017.34,0,3
10363,SMB,Cloud Platform,2596.02,0,1
11612,Startup,Developer API,1463.54,0,2
11866,Startup,Developer API,1390.4,1,4
11027,Startup,Cloud Platform,1236.09,0,3
11031,Startup,Analytics Suite,1497.5,0,5
11304,Startup,Analytics Suite,1267.2,1,2
11356,Startup,Analytics Suite,1504.16,0,2
11731,Startup,Developer API,1020.92,0,2
10666,SMB,Cloud Platform,2027.35,0,4
10365,SMB,Developer API,1935.33,0,7
10078,Enterprise,Analytics Suite,71084.68,0,3
10028,Enterprise,Analytics Suite,72119.72,0,0
11437,Startup,Analytics Suite,1383.36,0,5
10526,SMB,Cloud Platform,1782.27,0,9
11835,Startup,Analytics Suite,1292.88,0,5
10056,Enterprise,Analytics Suite,62707.42,0,1
10639,SMB,Cloud Platform,2479.02,0,4
10303,SMB,Developer API,1867.33,0,8
10719,SMB,Analytics Suite,1834.79,0,6
10625,SMB,Developer API,1693.32,0,9
10008,Enterprise,Cloud Platform,69440.06,0,1
10804,SMB,Analytics Suite,1634.05,0,5
11050,Startup,Cloud Platform,1672.35,0,3
10337,SMB,Analytics Suite,1853.52,0,3
10048,Enterprise,Cloud Platform,67466.78,0,1
11764,Startup,Analytics Suite,1316.47,0,5
10107,SMB,Cloud Platform,1935.88,0,11
10350,SMB,Cloud Platform,1833.12,0,7
11080,Startup,Cloud Platform,1394.08,0,3
10239,SMB,Cloud Platform,1800.85,1,4
10214,SMB,Developer API,2415.28,0,7
11776,Startup,Cloud Platform,1355.68,0,2
11139,Startup,Analytics Suite,1697.97,0,6
10794,SMB,Cloud Platform,1965.54,0,8
11587,Startup,Analytics Suite,1627.08,0,4
11583,Startup,Cloud Platform,1044.86,0,1
11672,Startup,Analytics Suite,1110.53,0,6
10524,SMB,Analytics Suite,1993.0,0,1
10233,SMB,Analytics Suite,2326.02,0,8
10645,SMB,Cloud Platform,2235.12,0,4
11508,Startup,Cloud Platform,1645.08,0,2
10534,SMB,Analytics Suite,2027.4,0,4
11942,Startup,Developer API,1201.42,0,2
10604,SMB,Analytics Suite,1992.54,0,2
11330,Startup,Developer API,1538.92,0,1
11075,Startup,Analytics Suite,1534.87,0,6
11305,Startup,Developer API,1260.91,0,3
10061,Enterprise,Cloud Platform,75433.64,0,2
11264,Startup,Analytics Suite,1044.67,0,4
10093,Enterprise,Cloud Platform,76244.7,0,0
10667,SMB,Analytics Suite,2036.49,0,6
10281,SMB,Analytics Suite,1730.04,0,12
11114,Startup,Cloud Platform,1013.9,0,3
10360,SMB,Cloud Platform,2023.7,1,11
11129,Startup,Analytics Suite,1688.84,0,3
11170,Startup,Analytics Suite,1183.09,0,1
10848,SMB,Cloud Platform,2287.46,1,5
11522,Startup,Analytics Suite,1526.78,0,4
10111,SMB,Analytics Suite,1691.16,0,6
10043,Enterprise,Analytics Suite,73620.42,0,1
10126,SMB,Analytics Suite,2231.52,0,8
10205,SMB,Analytics Suite,2045.93,0,3
10053,Enterprise,Analytics Suite,66669.7,0,0
10546,SMB,Cloud Platform,1971.51,0,7
10069,Enterprise,Developer API,79825.17,0,0
11741,Startup,Cloud Platform,1327.42,1,3
11548,Startup,Cloud Platform,1380.67,0,4
10184,SMB,Cloud Platform,2087.51,0,6
10138,SMB,Developer API,2027.18,0,7
10900,SMB,Cloud Platform,1769.05,0,8
10797,SMB,Cloud Platform,1844.95,0,5
10133,SMB,Cloud Platform,2050.18,0,7
10081,Enterprise,Developer API,70140.5,0,0
11987,Startup,Analytics Suite,987.17,0,5
11541,Startup,Cloud Platform,691.38,0,3
10542,SMB,Developer API,1845.33,0,3
11669,Startup,Developer API,1380.88,0,3
10984,Startup,Analytics Suite,1170.34,0,0
10166,SMB,Developer API,1933.23,0,8
10249,SMB,Analytics Suite,1892.89,0,3
10447,SMB,Cloud Platform,1912.57,0,7
11515,Startup,Analytics Suite,1467.96,0,5
10859,SMB,Cloud Platform,2139.93,0,7
11212,Startup,Cloud Platform,1415.04,0,5
10098,Enterprise,Analytics Suite,62782.58,0,1
11974,Startup,Developer API,1329.15,0,3
10738,SMB,Analytics Suite,2642.46,0,8
11256,Startup,Analytics Suite,1379.54,0,1
10103,SMB,Developer API,1625.29,0,5
10435,SMB,Analytics Suite,2040.02,0,3
10075,Enterprise,Cloud Platform,69313.54,0,0
11792,Startup,Cloud Platform,1303.56,1,3
11235,Startup,Developer API,1312.68,0,5
10919,Startup,Analytics Suite,1528.15,0,0
11712,Startup,Analytics Suite,1631.28,0,3
11671,Startup,Analytics Suite,1199.92,0,2
11621,Startup,Cloud Platform,777.26,0,2
10763,SMB,Cloud Platform,2329.03,1,5
10990,Startup,Cloud Platform,984.17,0,3
10389,SMB,Cloud Platform,1829.98,0,5
10236,SMB,Cloud Platform,1883.07,0,5
11507,Startup,Developer API,1344.57,0,1
10268,SMB,Developer API,1702.89,0,4
11188,Startup,Developer API,1286.12,0,3
10118,SMB,Cloud Platform,1635.51,0,6
11607,Startup,Analytics Suite,1652.01,0,3
10674,SMB,Developer API,1544.04,0,6
10250,SMB,Analytics Suite,1680.92,0,10
11453,Startup,Analytics Suite,1652.82,0,6
11995,Startup,Developer API,1062.32,0,5
10095,Enterprise,Cloud Platform,75846.04,0,0
10034,Enterprise,Cloud Platform,74483.15,0,2
11464,Startup,Analytics Suite,1693.22,1,7
11668,Startup,Developer API,922.88,0,3
10449,SMB,Cloud Platform,1911.69,1,6
10717,SMB,Cloud Platform,2233.99,0,9
11810,Startup,Developer API,1368.06,0,3
11518,Startup,Developer API,1284.81,0,5
10001,Enterprise,Cloud Platform,73181.53,0,0
11376,Startup,Developer API,1425.31,0,3
11102,Startup,Developer API,1598.9,0,1
11109,Startup,Developer API,1737.42,0,5
11227,Startup,Analytics Suite,1562.07,0,2
10083,Enterprise,Cloud Platform,73948.36,0,1
11289,Startup,Cloud Platform,1046.67,0,3
10677,SMB,Developer API,1967.22,1,5
11921,Startup,Analytics Suite,871.57,0,5
11047,Startup,Developer API,1303.8,0,4
10771,SMB,Developer API,1763.34,0,4
11947,Startup,Cloud Platform,1525.73,0,3
11281,Startup,Developer API,1599.69,0,2
11581,Startup,Developer API,1368.24,0,2
11489,Startup,Analytics Suite,1552.01,0,3
10405,SMB,Developer API,2169.53,0,10
11728,Startup,Developer API,1724.02,0,3
11299,Startup,Developer API,1356.36,1,3
11341,Startup,Developer API,952.39,0,2
10105,SMB,Cloud Platform,1709.33,0,4
10689,SMB,Developer API,1929.31,0,7
11306,Startup,Analytics Suite,1243.22,0,3
10827,SMB,Cloud Platform,1935.17,1,8
10063,Enterprise,Cloud Platform,67791.17,0,0
10853,SMB,Cloud Platform,1911.8,0,5
11354,Startup,Cloud Platform,1471.1,0,4
10224,SMB,Cloud Platform,1147.84,1,5
10146,SMB,Analytics Suite,1629.92,0,9
11089,Startup,Cloud Platform,1980.99,0,4
10374,SMB,Cloud Platform,1648.72,0,7
11421,Startup,Developer API,1266.24,0,0
11143,Startup,Analytics Suite,1625.41,0,6
11827,Startup,Analytics Suite,999.36,0,5
11495,Startup,Analytics Suite,1095.79,0,3
11602,Startup,Cloud Platform,1393.72,0,4
11271,Startup,Developer API,1463.76,0,2
10010,Enterprise,Cloud Platform,64380.51,1,0
10450,SMB,Cloud Platform,2037.99,0,5
10709,SMB,Analytics Suite,1812.29,0,3
10256,SMB,Developer API,1714.43,1,5
10883,SMB,Developer API,1588.46,0,5
10390,SMB,Developer API,1912.67,0,3
10909,Startup,Developer API,1255.19,0,0
10925,Startup,Cloud Platform,1267.86,0,1
11704,Startup,Analytics Suite,1491.19,0,3
11233,Startup,Cloud Platform,1069.36,0,4
10461,SMB,Developer API,1786.52,0,5
11270,Startup,Analytics Suite,1017.24,0,1
11760,Startup,Cloud Platform,1163.98,0,4
11169,Startup,Cloud Platform,1397.29,0,3
10959,Startup,Developer API,1640.65,1,2
10502,SMB,Cloud Platform,1512.11,0,5
10740,SMB,Cloud Platform,1930.37,0,6
11850,Startup,Analytics Suite,1300.48,0,1
10869,SMB,Developer API,2150.77,0,6
10732,SMB,Developer API,2154.78,0,6
10540,SMB,Analytics Suite,2126.55,0,4
11202,Startup,Developer API,1531.53,0,2
10698,SMB,Analytics Suite,2385.66,0,5
11393,Startup,Developer API,772.11,0,1
11377,Startup,Cloud Platform,1332.86,0,5
11146,Startup,Developer API,1464.21,1,6
11032,Startup,Cloud Platform,1914.18,0,2
10373,SMB,Analytics Suite,1965.79,0,8
10668,SMB,Cloud Platform,2196.75,0,9
11526,Startup,Developer API,1638.06,1,3
10358,SMB,Analytics Suite,1940.23,0,3
10968,Startup,Developer API,1541.77,0,3
10784,SMB,Analytics Suite,1715.19,1,4
10736,SMB,Cloud Platform,2253.78,1,7
11036,Startup,Cloud Platform,1686.56,0,2
10971,Startup,Cloud Platform,1472.82,0,1
11525,Startup,Cloud Platform,1351.24,0,2
11487,Startup,Cloud Platform,1153.78,0,5
11524,Startup,Cloud Platform,1413.71,0,4
11491,Startup,Analytics Suite,1355.21,0,6
11643,Startup,Analytics Suite,1640.9,0,2
11253,Startup,Analytics Suite,1164.44,0,4
11694,Startup,Analytics Suite,1819.42,0,5
11750,Startup,Analytics Suite,1112.72,0,2
11237,Startup,Analytics Suite,1639.33,0,4
10886,SMB,Cloud Platform,1554.74,0,6
10080,Enterprise,Analytics Suite,72717.44,0,0
11173,Startup,Analytics Suite,1012.91,0,4
10815,SMB,Cloud Platform,1406.24,0,6
11286,Startup,Cloud Platform,1315.87,0,4
10672,SMB,Analytics Suite,1285.09,0,1
11532,Startup,Cloud Platform,1536.72,0,3
10058,Enterprise,Cloud Platform,69267.64,0,0
10134,SMB,Analytics Suite,1767.21,0,2
11141,Startup,Cloud Platform,1521.74,0,4
10934,Startup,Analytics Suite,1751.81,0,4
11685,Startup,Developer API,1081.2,0,3
10824,SMB,Analytics Suite,2224.42,0,6
11215,Startup,Developer API,1212.19,0,4
10505,SMB,Cloud Platform,1663.5,0,4
11775,Startup,Analytics Suite,1263.78,0,3
10348,SMB,Analytics Suite,1006.12,0,7
10387,SMB,Cloud Platform,1785.73,0,6
11025,Startup,Developer API,1677.03,0,6
10895,SMB,Cloud Platform,2231.22,0,4
10829,SMB,Analytics Suite,1570.25,0,8
11893,Startup,Developer API,1514.29,0,4
10476,SMB,Cloud Platform,2538.16,0,7
11471,Startup,Analytics Suite,1454.1,0,2
11448,Startup,Developer API,1069.48,1,6
11582,Startup,Analytics Suite,1262.78,0,2
10653,SMB,Cloud Platform,1448.46,0,3
10173,SMB,Analytics Suite,1707.32,0,4
11150,Startup,Developer API,1336.78,0,4
10039,Enterprise,Cloud Platform,74813.21,0,0
10714,SMB,Cloud Platform,1993.4,0,5
10091,Enterprise,Cloud Platform,69282.69,0,1
11937,Startup,Cloud Platform,1426.73,0,5
11206,Startup,Developer API,1151.58,0,3
10876,SMB,Cloud Platform,2130.83,0,9
11352,Startup,Developer API,1472.17,0,1
11890,Startup,Developer API,1258.99,0,2
11094,Startup,Analytics Suite,1368.28,0,6
11156,Startup,Cloud Platform,1016.28,0,1
11782,Startup,Analytics Suite,1469.09,0,4
11959,Startup,Cloud Platform,1067.02,0,3
10500,SMB,Analytics Suite,1987.22,0,7
10339,SMB,Analytics Suite,2093.29,0,8
11189,Startup,Developer API,1675.19,0,2
10029,Enterprise,Cloud Platform,74363.53,0,1
11218,Startup,Developer API,1493.52,0,5
11400,Startup,Developer API,1525.78,0,5
11821,Startup,Developer API,1446.96,0,1
10946,Startup,Cloud Platform,1688.84,0,3
10170,SMB,Cloud Platform,1664.96,0,0
11405,Startup,Analytics Suite,1213.99,1,6
11198,Startup,Analytics Suite,1317.76,0,3
11254,Startup,Developer API,1420.51,0,5
11614,Startup,Developer API,1739.01,0,4
10913,Startup,Analytics Suite,1608.8,0,4
10492,SMB,Cloud Platform,1507.82,0,2
10954,Startup,Analytics Suite,1768.62,0,3
11098,Startup,Developer API,1054.9,1,1
11033,Startup,Developer API,977.06,0,2
10588,SMB,Analytics Suite,1875.91,0,5
10751,SMB,Analytics Suite,1823.94,1,7
10658,SMB,Analytics Suite,2041.87,0,7
10235,SMB,Cloud Platform,1808.71,0,6
10733,SMB,Cloud Platform,1449.49,0,10
11989,Startup,Cloud Platform,1244.92,1,4
11633,Startup,Developer API,1067.41,0,4
11157,Startup,Analytics Suite,1875.96,0,5
11470,Startup,Analytics Suite,1216.47,0,5
11425,Startup,Cloud Platform,1185.88,0,0
11628,Startup,Developer API,1842.72,1,6
10935,Startup,Cloud Platform,1232.44,0,2
11210,Startup,Cloud Platform,1873.03,0,2
11066,Startup,Analytics Suite,1177.07,0,2
10109,SMB,Analytics Suite,2339.25,1,5
11543,Startup,Analytics Suite,1544.97,0,4
10569,SMB,Cloud Platform,1853.85,0,4
11168,Startup,Developer API,1678.67,0,4
11175,Startup,Analytics Suite,1422.32,0,3
10891,SMB,Cloud Platform,1556.28,0,6
10948,Startup,Cloud Platform,1877.57,0,4
11049,Startup,Analytics Suite,1375.86,0,3
11353,Startup,Analytics Suite,1679.8,1,0
11778,Startup,Analytics Suite,976.94,0,2
11447,Startup,Cloud Platform,1695.79,0,3
10885,SMB,Analytics Suite,2493.76,0,4
11673,Startup,Developer API,1486.68,0,2
10851,SMB,Cloud Platform,1730.18,0,8
10735,SMB,Developer API,1417.3,1,5
10718,SMB,Analytics Suite,1692.07,0,8
10455,SMB,Cloud Platform,1454.22,0,6
10265,SMB,Developer API,1778.9,0,4
10076,Enterprise,Cloud Platform,77006.61,0,2
11658,Startup,Analytics Suite,1345.44,0,1
10445,SMB,Cloud Platform,1942.17,0,7
10396,SMB,Cloud Platform,1620.91,0,5
10177,SMB,Cloud Platform,1708.44,0,6
11043,Startup,Developer API,1457.86,0,1
11736,Startup,Analytics Suite,1707.85,0,3
11402,Startup,Cloud Platform,1598.26,0,2
11381,Startup,Cloud Platform,1492.94,0,7
10596,SMB,Analytics Suite,1807.57,0,8
10062,Enterprise,Cloud Platform,75024.93,0,0
11297,Startup,Developer API,1679.89,0,6
10873,SMB,Developer API,1740.8,0,5
11490,Startup,Cloud Platform,1184.21,1,3
11879,Startup,Developer API,1632.67,0,3
10279,SMB,Developer API,1994.77,0,9
10037,Enterprise,Analytics Suite,62587.88,0,0
11976,Startup,Developer API,1129.37,0,0
10663,SMB,Cloud Platform,1892.1,0,7
11954,Startup,Cloud Platform,947.04,0,3
11445,Startup,Analytics Suite,1483.43,0,4
10978,Startup,Cloud Platform,1481.83,0,5
11572,Startup,Developer API,1357.46,1,3
10739,SMB,Developer API,1705.73,0,2
10192,SMB,Cloud Platform,1553.97,0,8
10920,Startup,Cloud Platform,1559.31,0,4
10457,SMB,Cloud Platform,1501.84,0,9
10676,SMB,Cloud Platform,1791.96,0,8
10761,SMB,Cloud Platform,1850.2,0,8
11808,Startup,Developer API,1802.97,0,5
11603,Startup,Developer API,825.63,0,3
10729,SMB,Analytics Suite,2393.09,1,7
10413,SMB,Developer API,2290.28,0,6
11099,Startup,Developer API,1353.96,0,3
10826,SMB,Analytics Suite,1631.92,0,4
11640,Startup,Developer API,1171.19,0,4
10617,SMB,Developer API,1823.12,0,7
10115,SMB,Analytics Suite,2072.56,0,6
10418,SMB,Cloud Platform,1959.36,0,4
11911,Startup,Developer API,1352.0,0,3
10970,Startup,Analytics Suite,1384.74,0,3
10605,SMB,Analytics Suite,1431.33,0,6
11919,Startup,Cloud Platform,1603.23,0,5
10090,Enterprise,Cloud Platform,68650.33,0,2
10849,SMB,Cloud Platform,1681.21,0,7
11520,Startup,Analytics Suite,1278.01,0,4
11918,Startup,Cloud Platform,1400.9,0,9
10754,SMB,Cloud Platform,2161.59,0,6
10499,SMB,Analytics Suite,1276.88,0,6
11277,Startup,Cloud Platform,1772.31,1,3
11326,Startup,Analytics Suite,1482.19,0,6
10012,Enterprise,Cloud Platform,78632.58,0,1
10397,SMB,Cloud Platform,1577.58,0,6
10285,SMB,Analytics Suite,1942.34,0,5
11067,Startup,Developer API,893.96,0,3
11192,Startup,Developer API,1311.72,1,1
11745,Startup,Cloud Platform,1641.97,0,4
10691,SMB,Cloud Platform,1994.91,0,11
11753,Startup,Analytics Suite,1398.94,0,2
11876,Startup,Developer API,1242.53,0,3
10690,SMB,Cloud Platform,1485.95,0,3
10852,SMB,Developer API,1589.0,0,4
10160,SMB,Cloud Platform,2348.24,0,10
10896,SMB,Analytics Suite,2651.87,0,5
11576,Startup,Developer API,1339.58,0,4
10258,SMB,Analytics Suite,1934.28,0,5
10336,SMB,Cloud Platform,1816.1,0,6
11880,Startup,Analytics Suite,1241.26,0,4
11040,Startup,Analytics Suite,1277.26,0,5
10516,SMB,Analytics Suite,2245.83,0,8
11349,Startup,Developer API,1081.92,0,1
11016,Startup,Developer API,1306.75,0,3
10769,SMB,Cloud Platform,1807.05,0,7
11747,Startup,Developer API,1248.74,0,5
10762,SMB,Analytics Suite,1838.48,0,4
11247,Startup,Analytics Suite,1429.4,0,2
11204,Startup,Developer API,1304.83,0,2
11468,Startup,Analytics Suite,1340.01,0,3
11984,Startup,Analytics Suite,1730.03,1,4
10522,SMB,Cloud Platform,1917.52,0,5
10023,Enterprise,Analytics Suite,70752.45,0,3
10357,SMB,Analytics Suite,1817.8,0,5
11278,Startup,Analytics Suite,1612.89,0,2
11313,Startup,Developer API,1335.17,0,4
11683,Startup,Developer API,1283.26,0,4
10341,SMB,Analytics Suite,2094.79,0,5
10432,SMB,Developer API,2157.23,0,4
10474,SMB,Cloud Platform,1830.9,0,7
10218,SMB,Analytics Suite,1670.68,0,8
10912,Startup,Analytics Suite,1372.68,0,1
11228,Startup,Analytics Suite,1234.87,0,2
11597,Startup,Cloud Platform,1097.38,0,3
11012,Startup,Developer API,1683.12,0,2
11950,Startup,Analytics Suite,952.21,0,2
10094,Enterprise,Cloud Platform,70328.25,0,2
11009,Startup,Cloud Platform,1000.73,0,3
11071,Startup,Developer API,1446.16,0,3
11093,Startup,Developer API,1346.41,0,4
11915,Startup,Developer API,1362.62,0,4
11309,Startup,Cloud Platform,1166.68,1,4
10697,SMB,Analytics Suite,1967.65,0,2
11828,Startup,Analytics Suite,989.53,0,4
10997,Startup,Cloud Platform,1706.43,0,3
10154,SMB,Developer API,2098.88,0,12
11100,Startup,Developer API,1761.11,0,4
11719,Startup,Analytics Suite,1949.81,0,3
11998,Startup,Developer API,1252.63,0,3
10790,SMB,Developer API,1737.87,0,6
10581,SMB,Cloud Platform,1919.6,1,7
10704,SMB,Analytics Suite,1989.35,0,7
11213,Startup,Developer API,1241.05,0,5
11296,Startup,Cloud Platform,1487.79,0,4
11666,Startup,Developer API,1453.26,0,2
11261,Startup,Cloud Platform,1233.99,0,5
10488,SMB,Analytics Suite,1813.93,0,3
10560,SMB,Cloud Platform,2042.34,0,4
11142,Startup,Developer API,1230.38,0,2
11120,Startup,Analytics Suite,985.91,1,2
10802,SMB,Cloud Platform,1985.21,1,6
10513,SMB,Cloud Platform,1841.63,0,4
10634,SMB,Analytics Suite,2343.45,0,3
11922,Startup,Analytics Suite,1283.75,0,4
11788,Startup,Analytics Suite,1426.78,0,4
11546,Startup,Analytics Suite,1436.09,0,6
11151,Startup,Analytics Suite,1812.66,0,3
10791,SMB,Cloud Platform,1694.34,0,10
10117,SMB,Cloud Platform,1821.92,0,9
10741,SMB,Developer API,2337.63,0,8
11691,Startup,Developer API,1430.98,0,4
11082,Startup,Developer API,1608.21,0,3
10831,SMB,Analytics Suite,2003.64,0,8
10120,SMB,Cloud Platform,1655.72,0,3
10657,SMB,Analytics Suite,2273.46,0,11
11908,Startup,Cloud Platform,1599.16,0,2
10636,SMB,Developer API,1648.97,0,6
10370,SMB,Developer API,1532.1,1,5
10269,SMB,Analytics Suite,1867.69,0,5
10656,SMB,Analytics Suite,1799.75,0,8
10936,Startup,Developer API,1089.37,0,3
10823,SMB,Analytics Suite,1390.46,0,7
10867,SMB,Cloud Platform,1908.98,0,5
10047,Enterprise,Cloud Platform,65648.48,0,1
11374,Startup,Developer API,1589.0,0,5
11709,Startup,Developer API,1372.37,0,4
10992,Startup,Cloud Platform,923.1,0,2
10877,SMB,Analytics Suite,2020.42,0,8
10774,SMB,Cloud Platform,2337.97,0,3
11220,Startup,Developer API,1218.44,0,8
12000,Startup,Analytics Suite,1437.27,0,4
10005,Enterprise,Developer API,71057.94,0,3
11004,Startup,Cloud Platform,1860.05,0,5
11724,Startup,Developer API,994.41,0,5
10264,SMB,Analytics Suite,1729.83,0,4
11570,Startup,Analytics Suite,1827.82,0,8
11831,Startup,Developer API,1484.85,1,6
10444,SMB,Analytics Suite,2040.75,0,7
11003,Startup,Developer API,1246.67,1,3
11078,Startup,Developer API,1545.18,0,2
10838,SMB,Developer API,998.59,0,2
11791,Startup,Developer API,1354.12,0,3
10305,SMB,Developer API,2038.08,0,3
11366,Startup,Analytics Suite,1517.19,0,5
11558,Startup,Developer API,1528.66,0,5
10314,SMB,Cloud Platform,2223.25,0,9
10150,SMB,Cloud Platform,2258.54,0,7
11149,Startup,Cloud Platform,1330.29,0,6
11214,Startup,Analytics Suite,934.86,0,5
10575,SMB,Analytics Suite,1512.09,0,3
10051,Enterprise,Cloud Platform,64518.67,0,1
11553,Startup,Developer API,1417.05,0,5
10727,SMB,Cloud Platform,2091.71,0,6
10834,SMB,Cloud Platform,1764.89,0,4
11378,Startup,Developer API,1208.46,0,3
11116,Startup,Developer API,1363.47,0,0
11167,Startup,Cloud Platform,1056.13,0,5
10471,SMB,Developer API,1819.41,0,6
10972,Startup,Analytics Suite,1092.83,0,3
10654,SMB,Analytics Suite,2325.4,0,2
10400,SMB,Cloud Platform,1478.07,0,3
10512,SMB,Developer API,1450.89,0,4
10321,SMB,Developer API,2173.88,0,4
10020,Enterprise,Cloud Platform,65780.52,0,1
10685,SMB,Cloud Platform,2022.29,0,3
10036,Enterprise,Cloud Platform,68419.17,0,1
10903,Startup,Developer API,1173.21,0,4
11779,Startup,Developer API,1634.31,0,3
10828,SMB,Analytics Suite,2219.59,0,7
11854,Startup,Cloud Platform,1093.11,0,2
10408,SMB,Cloud Platform,2562.28,0,4
10921,Startup,Cloud Platform,1777.92,0,2
10538,SMB,Developer API,2622.9,0,5
10759,SMB,Developer API,1659.95,1,5
11905,Startup,Analytics Suite,1024.71,0,4
11063,Startup,Cloud Platform,1186.91,0,2
11200,Startup,Developer API,1058.3,0,2
10246,SMB,Analytics Suite,2046.77,0,3
11417,Startup,Developer API,1346.18,0,4
11128,Startup,Cloud Platform,1556.25,0,3
10785,SMB,Cloud Platform,1524.02,0,7
11743,Startup,Developer API,1354.08,1,1
10490,SMB,Cloud Platform,1570.57,0,4
10155,SMB,Cloud Platform,2068.65,0,5
10962,Startup,Analytics Suite,984.79,0,1
10854,SMB,Analytics Suite,2362.4,1,9
11312,Startup,Analytics Suite,1244.33,0,0
10626,SMB,Cloud Platform,2422.8,0,5
10686,SMB,Analytics Suite,2095.46,0,7
11562,Startup,Developer API,1272.74,0,1
10570,SMB,Analytics Suite,2020.95,0,2
11909,Startup,Analytics Suite,1739.63,1,2
10018,Enterprise,Developer API,73680.61,0,3
10128,SMB,Cloud Platform,1715.74,0,3
11347,Startup,Analytics Suite,1283.24,1,3
11280,Startup,Cloud Platform,1404.94,0,5
11969,Startup,Cloud Platform,1468.53,0,8
10928,Startup,Analytics Suite,1148.65,1,2
10981,Startup,Developer API,1078.85,0,4
11965,Startup,Cloud Platform,1134.03,0,2
10191,SMB,Developer API,2428.99,0,5
11140,Startup,Analytics Suite,850.29,0,3
10993,Startup,Cloud Platform,1142.68,0,3
11956,Startup,Developer API,1076.88,0,4
11657,Startup,Developer API,1483.65,0,5
10607,SMB,Developer API,1870.41,0,5
10181,SMB,Developer API,2007.0,0,7
10302,SMB,Cloud Platform,1673.51,0,9
10497,SMB,Analytics Suite,1974.26,0,5
11721,Startup,Analytics Suite,719.3,0,1
11710,Startup,Analytics Suite,1327.92,0,4
11888,Startup,Developer API,1013.77,0,4
11992,Startup,Analytics Suite,1007.26,0,2
10518,SMB,Developer API,2057.74,0,6
11985,Startup,Analytics Suite,1084.55,0,12
11070,Startup,Analytics Suite,1199.07,0,2
10477,SMB,Analytics Suite,1707.75,0,8
10158,SMB,Cloud Platform,1940.75,0,4
11244,Startup,Analytics Suite,1599.2,1,1
11196,Startup,Analytics Suite,1386.32,0,3
10017,Enterprise,Developer API,72338.97,0,2
11536,Startup,Cloud Platform,1523.88,0,3
11073,Startup,Analytics Suite,1340.38,0,2
11972,Startup,Cloud Platform,1434.09,1,1
10547,SMB,Cloud Platform,1674.57,0,9
11540,Startup,Analytics Suite,1178.58,1,2
10659,SMB,Analytics Suite,2011.77,0,3
11626,Startup,Analytics Suite,1112.41,0,1
11020,Startup,Analytics Suite,1152.91,0,5
11663,Startup,Analytics Suite,1099.74,0,2
11505,Startup,Developer API,1692.71,0,6
10960,Startup,Developer API,1656.66,0,0
11882,Startup,Cloud Platform,1732.92,0,6
10284,SMB,Analytics Suite,1435.69,0,9
10798,SMB,Cloud Platform,1813.9,0,8
11627,Startup,Developer API,1186.4,0,3
10226,SMB,Cloud Platform,2103.12,0,6
10027,Enterprise,Analytics Suite,66089.76,0,3
11771,Startup,Developer API,1133.25,0,3
10438,SMB,Cloud Platform,1474.79,0,7
11949,Startup,Analytics Suite,1359.01,0,6
11389,Startup,Developer API,1193.32,0,2
10230,SMB,Analytics Suite,1860.69,0,3
10038,Enterprise,Analytics Suite,68855.76,0,1
10750,SMB,Analytics Suite,1873.99,0,10
11046,Startup,Developer API,1273.63,0,3
11399,Startup,Analytics Suite,1185.77,0,1
10470,SMB,Analytics Suite,1999.14,0,9
11693,Startup,Analytics Suite,1257.48,0,2
11968,Startup,Analytics Suite,1606.59,0,3
10688,SMB,Developer API,2227.04,0,6
11844,Startup,Analytics Suite,1224.63,0,3
10640,SMB,Developer API,1915.96,0,4
11713,Startup,Cloud Platform,1316.52,0,5
11219,Startup,Cloud Platform,1419.03,0,3
11159,Startup,Developer API,1354.04,0,3
11416,Startup,Analytics Suite,1826.15,0,3
11528,Startup,Cloud Platform,1252.64,0,3
11656,Startup,Analytics Suite,854.07,0,5
11301,Startup,Developer API,1354.35,0,10
11823,Startup,Developer API,1870.82,0,4
10801,SMB,Analytics Suite,1807.06,0,5
11604,Startup,Developer API,1474.85,0,4
10161,SMB,Analytics Suite,1846.41,0,4
10957,Startup,Cloud Platform,1421.14,0,3
11187,Startup,Analytics Suite,1521.57,0,2
10822,SMB,Cloud Platform,1864.31,0,3
11682,Startup,Cloud Platform,1318.4,0,3
10878,SMB,Developer API,1621.09,0,4
10914,Startup,Developer API,1480.44,0,3
10153,SMB,Developer API,1467.04,0,7
11871,Startup,Developer API,1161.9,0,7
11777,Startup,Analytics Suite,1329.04,0,8
10510,SMB,Cloud Platform,1598.8,0,7
11136,Startup,Developer API,1428.25,0,4
11251,Startup,Developer API,1347.29,0,5
11684,Startup,Analytics Suite,1832.21,0,3
10104,SMB,Cloud Platform,2016.42,0,8
11446,Startup,Cloud Platform,1613.04,0,4
11444,Startup,Developer API,650.66,0,3
10587,SMB,Cloud Platform,1923.17,0,2
11769,Startup,Cloud Platform,1232.54,0,6
11144,Startup,Cloud Platform,1103.1,0,4
10054,Enterprise,Analytics Suite,67431.06,0,2
10152,SMB,Analytics Suite,1888.93,1,6
10404,SMB,Cloud Platform,2550.73,0,7
11943,Startup,Developer API,1165.4,0,3
10208,SMB,Developer API,2273.75,0,6
11895,Startup,Cloud Platform,1755.17,0,5
11123,Startup,Analytics Suite,1276.82,0,4
11891,Startup,Analytics Suite,942.62,0,1
10009,Enterprise,Cloud Platform,77344.71,0,2
11015,Startup,Analytics Suite,1610.62,0,4
11907,Startup,Developer API,1184.65,0,2
11061,Startup,Cloud Platform,1518.94,0,2
10453,SMB,Developer API,1664.4,0,2
10254,SMB,Analytics Suite,2065.55,0,3
11328,Startup,Cloud Platform,1586.18,1,3
10897,SMB,Analytics Suite,2048.89,0,6
11734,Startup,Analytics Suite,1565.88,0,1
10881,SMB,Cloud Platform,1774.57,0,4
11596,Startup,Developer API,1515.46,0,6
11889,Startup,Developer API,1416.53,0,1
10624,SMB,Cloud Platform,2186.97,0,6
10346,SMB,Developer API,1978.95,0,5
11703,Startup,Developer API,971.38,0,1
10263,SMB,Analytics Suite,1679.57,0,5
11635,Startup,Cloud Platform,1401.86,1,3
11322,Startup,Developer API,1857.34,0,3
11439,Startup,Analytics Suite,1016.77,0,3
10151,SMB,Analytics Suite,1932.33,0,8
10473,SMB,Developer API,1888.14,0,5
10641,SMB,Analytics Suite,1765.4,0,6
11983,Startup,Developer API,1188.9,0,1
11883,Startup,Developer API,1246.67,0,4
10551,SMB,Analytics Suite,2035.95,0,5
11780,Startup,Analytics Suite,1306.86,0,6
10929,Startup,Cloud Platform,1579.64,0,2
10489,SMB,Cloud Platform,1700.5,0,4
11812,Startup,Developer API,1440.01,1,6
11172,Startup,Developer API,1431.1,1,7
10147,SMB,Developer API,1985.6,1,7
11705,Startup,Analytics Suite,1689.41,0,3
11929,Startup,Developer API,975.99,0,3
10403,SMB,Analytics Suite,1668.55,0,7
10955,Startup,Analytics Suite,1460.68,0,3
11878,Startup,Analytics Suite,1606.98,0,9
10660,SMB,Analytics Suite,2524.5,0,6
11373,Startup,Cloud Platform,1277.95,0,6
10464,SMB,Analytics Suite,1958.7,0,8
11350,Startup,Cloud Platform,1622.34,0,7
10187,SMB,Cloud Platform,1490.91,0,2
11148,Startup,Developer API,1170.38,1,3
11225,Startup,Developer API,1612.15,0,8
10609,SMB,Developer API,1910.87,0,7
10144,SMB,Cloud Platform,1919.01,0,2
10752,SMB,Cloud Platform,1739.03,0,2
11535,Startup,Cloud Platform,1187.72,0,4
10982,Startup,Developer API,1517.19,0,6
10198,SMB,Cloud Platform,1980.62,1,3
11634,Startup,Cloud Platform,1658.25,0,6
10884,SMB,Analytics Suite,2002.08,0,7
10280,SMB,Cloud Platform,2069.16,0,5
10294,SMB,Analytics Suite,1402.08,0,12
11824,Startup,Analytics Suite,1284.02,1,3
10401,SMB,Analytics Suite,2367.6,0,7
10123,SMB,Analytics Suite,1719.72,0,1
11208,Startup,Analytics Suite,1407.67,0,0
10203,SMB,Analytics Suite,1977.82,0,1
11463,Startup,Analytics Suite,1158.5,0,4
10836,SMB,Developer API,1900.84,1,4
10247,SMB,Analytics Suite,2294.81,0,4
11440,Startup,Analytics Suite,1767.92,0,4
11754,Startup,Developer API,1399.93,0,3
11902,Startup,Developer API,906.95,0,5
11708,Startup,Cloud Platform,1727.08,0,6
11881,Startup,Cloud Platform,1421.39,0,1
11154,Startup,Cloud Platform,1496.8,0,3
11662,Startup,Developer API,1529.3,0,6
11427,Startup,Analytics Suite,1527.75,0,5
10385,SMB,Cloud Platform,2054.22,0,7
11759,Startup,Analytics Suite,2132.54,0,9
10855,SMB,Cloud Platform,1971.92,1,7
11590,Startup,Developer API,913.78,0,6
10220,SMB,Cloud Platform,1679.21,0,6
10642,SMB,Developer API,1930.4,0,1
10002,Enterprise,Developer API,65466.4,0,2
10113,SMB,Analytics Suite,1960.76,0,6
10699,SMB,Cloud Platform,1947.23,0,6
11916,Startup,Developer API,1300.28,0,2
10952,Startup,Developer API,1316.63,0,4
11649,Startup,Cloud Platform,1559.08,0,3
11637,Startup,Analytics Suite,1358.13,0,3
11886,Startup,Developer API,1518.38,0,3
11411,Startup,Cloud Platform,1363.62,0,4
11410,Startup,Analytics Suite,1584.15,0,3
11534,Startup,Cloud Platform,1662.35,0,4
11292,Startup,Analytics Suite,1576.14,0,5
11809,Startup,Developer API,1660.73,0,4
10442,SMB,Analytics Suite,2007.14,0,3
11521,Startup,Cloud Platform,1625.58,0,5
11137,Startup,Developer API,1122.36,0,3
11716,Startup,Cloud Platform,1223.24,0,0
11257,Startup,Developer API,1387.32,0,3
11864,Startup,Developer API,1362.61,0,3
11632,Startup,Cloud Platform,984.86,0,0
11696,Startup,Cloud Platform,1278.71,0,2
11398,Startup,Cloud Platform,1646.1,0,3
10664,SMB,Analytics Suite,1955.58,0,6
11836,Startup,Analytics Suite,1351.79,0,2
11258,Startup,Cloud Platform,1239.02,0,4
11774,Startup,Developer API,1325.39,0,1
11701,Startup,Developer API,1927.27,0,2
10318,SMB,Analytics Suite,2018.11,0,4
10649,SMB,Cloud Platform,2230.71,0,11
11435,Startup,Analytics Suite,1301.07,0,2
11480,Startup,Analytics Suite,1699.26,0,3
10710,SMB,Cloud Platform,1619.84,0,10
11383,Startup,Cloud Platform,1633.49,0,2
11283,Startup,Developer API,1009.36,0,9
10973,Startup,Analytics Suite,1432.12,0,3
10628,SMB,Developer API,1728.63,0,6
10633,SMB,Cloud Platform,2265.52,0,4
11307,Startup,Cloud Platform,1097.48,0,1
11401,Startup,Developer API,1377.11,0,1
11409,Startup,Developer API,1364.8,0,2
11249,Startup,Analytics Suite,1022.69,0,4
11953,Startup,Analytics Suite,1114.02,0,3
11255,Startup,Analytics Suite,1521.06,1,0
11497,Startup,Developer API,1306.43,0,2
11372,Startup,Developer API,982.06,0,3
11530,Startup,Cloud Platform,1050.06,0,2
11664,Startup,Cloud Platform,1605.34,0,1
11355,Startup,Cloud Platform,1215.83,0,2
11926,Startup,Cloud Platform,1477.52,0,4
11901,Startup,Analytics Suite,1479.91,0,2
11644,Startup,Developer API,1577.23,0,4
11849,Startup,Analytics Suite,1457.9,0,3
10796,SMB,Cloud Platform,2243.08,1,10
10646,SMB,Analytics Suite,1677.93,1,7
11013,Startup,Analytics Suite,1368.5,0,2
11840,Startup,Developer API,1383.12,0,4
10557,SMB,Developer API,1867.49,0,9
10682,SMB,Analytics Suite,1959.77,0,9
10578,SMB,Analytics Suite,2240.63,0,6
11110,Startup,Developer API,1354.51,1,3
11267,Startup,Developer API,1347.63,0,3
11723,Startup,Cloud Platform,1341.27,0,3
11184,Startup,Developer API,1215.48,0,0
10525,SMB,Analytics Suite,1932.61,0,5
11060,Startup,Analytics Suite,1457.0,0,3
10541,SMB,Cloud Platform,1899.55,0,2
11195,Startup,Analytics Suite,1193.45,0,2
11679,Startup,Analytics Suite,1289.06,0,1
10749,SMB,Cloud Platform,1629.54,0,2
11852,Startup,Analytics Suite,1216.25,0,3
11431,Startup,Analytics Suite,936.97,0,4
10485,SMB,Analytics Suite,2045.69,0,5
11758,Startup,Cloud Platform,511.4,0,4
10096,Enterprise,Cloud Platform,74366.58,0,2
11021,Startup,Developer API,1315.63,0,5
10564,SMB,Developer API,1783.43,0,5
11265,Startup,Cloud Platform,1139.53,0,2
10743,SMB,Cloud Platform,2493.45,1,5
10864,SMB,Analytics Suite,1649.46,0,6
11599,Startup,Cloud Platform,1348.15,0,1
11715,Startup,Analytics Suite,970.48,0,3
11485,Startup,Developer API,1825.6,0,1
10892,SMB,Cloud Platform,2003.49,0,7
11578,Startup,Developer API,1302.91,0,6
11039,Startup,Developer API,955.58,0,3
10207,SMB,Analytics Suite,2067.82,0,9
10393,SMB,Cloud Platform,1546.12,1,5
10795,SMB,Cloud Platform,2104.82,0,3
10871,SMB,Cloud Platform,2436.99,0,7
10398,SMB,Cloud Platform,1228.98,0,7
10767,SMB,Cloud Platform,2241.31,0,6
11842,Startup,Developer API,1808.27,1,2
11242,Startup,Analytics Suite,656.86,0,3
11029,Startup,Developer API,1556.42,0,5
11793,Startup,Cloud Platform,1864.44,0,8
10643,SMB,Cloud Platform,1470.86,0,10
11892,Startup,Analytics Suite,1191.84,0,2
10613,SMB,Analytics Suite,1866.81,0,5
11763,Startup,Developer API,1099.27,0,3
10961,Startup,Developer API,1496.28,0,1
11571,Startup,Developer API,1340.71,0,2
10726,SMB,Analytics Suite,1743.76,0,4
10684,SMB,Cloud Platform,2357.2,0,6
10099,Enterprise,Cloud Platform,64861.45,0,0
10805,SMB,Cloud Platform,2322.81,0,8
11752,Startup,Developer API,1315.66,0,3
11598,Startup,Developer API,1310.72,0,5
10407,SMB,Analytics Suite,1125.18,0,4
10503,SMB,Cloud Platform,2376.77,0,5
11072,Startup,Developer API,1718.58,1,3
11057,Startup,Developer API,1278.03,0,5
10930,Startup,Developer API,1337.93,0,2
10780,SMB,Cloud Platform,1830.72,0,6
10201,SMB,Cloud Platform,1850.35,0,11
10135,SMB,Cloud Platform,2052.2,0,4
11052,Startup,Analytics Suite,1227.75,0,3
10041,Enterprise,Cloud Platform,66129.79,0,1
11018,Startup,Analytics Suite,1444.89,0,5
10231,SMB,Cloud Platform,1873.92,0,5
11514,Startup,Developer API,1748.46,0,2
11797,Startup,Developer API,1069.66,0,2
10379,SMB,Cloud Platform,2359.11,1,3
10289,SMB,Analytics Suite,2198.6,0,9
10419,SMB,Analytics Suite,1906.26,0,6
11699,Startup,Developer API,1153.78,0,2
10392,SMB,Cloud Platform,1879.67,0,7
10593,SMB,Cloud Platform,1108.82,0,4
11523,Startup,Cloud Platform,1792.12,0,3
11163,Startup,Developer API,1237.47,0,3
11087,Startup,Developer API,1924.54,0,4
11496,Startup,Cloud Platform,1148.95,1,3
10648,SMB,Analytics Suite,2036.0,0,7
11153,Startup,Developer API,1499.6,0,3
11368,Startup,Developer API,1419.92,0,5
10521,SMB,Cloud Platform,2238.93,0,7
11863,Startup,Developer API,1217.01,0,2
10065,Enterprise,Developer API,76185.08,0,2
11837,Startup,Developer API,1020.03,0,1
10015,Enterprise,Analytics Suite,71634.23,0,1
11181,Startup,Cloud Platform,1292.41,0,3
11065,Startup,Analytics Suite,1570.8,0,4
10493,SMB,Developer API,1885.23,0,5
10380,SMB,Analytics Suite,2011.06,0,7
10188,SMB,Analytics Suite,2136.74,0,4
10764,SMB,Cloud Platform,2064.24,0,8
10217,SMB,Analytics Suite,1913.43,0,3
10792,SMB,Analytics Suite,2015.63,0,5
11077,Startup,Analytics Suite,1170.38,0,5
10879,SMB,Analytics Suite,1681.94,0,5
10338,SMB,Cloud Platform,1863.83,0,6
11773,Startup,Developer API,1625.77,1,2
10720,SMB,Developer API,1879.41,0,7
11749,Startup,Analytics Suite,1087.37,0,7
10296,SMB,Analytics Suite,2289.03,0,8
11726,Startup,Cloud Platform,853.29,1,3
11017,Startup,Developer API,727.33,0,6
11276,Startup,Analytics Suite,1222.47,0,3
11751,Startup,Cloud Platform,1205.18,0,2
11486,Startup,Cloud Platform,1337.71,0,4
10456,SMB,Cloud Platform,2399.87,0,3
11997,Startup,Analytics Suite,1192.59,0,3
10816,SMB,Analytics Suite,1716.28,0,4
11887,Startup,Analytics Suite,1154.4,1,5
10270,SMB,Analytics Suite,2517.68,0,4
10996,Startup,Analytics Suite,951.79,0,5
10202,SMB,Cloud Platform,2210.19,0,7
10162,SMB,Cloud Platform,1958.71,0,4
11580,Startup,Cloud Platform,896.44,0,5
10730,SMB,Analytics Suite,1755.11,0,8
10402,SMB,Cloud Platform,2177.95,0,4
10703,SMB,Cloud Platform,2101.0,0,5
11501,Startup,Analytics Suite,1533.21,0,2
11846,Startup,Cloud Platform,1485.35,0,3
11796,Startup,Analytics Suite,1150.28,0,3
11130,Startup,Developer API,1101.73,0,4
10566,SMB,Analytics Suite,1818.91,0,7
11414,Startup,Developer API,1245.23,0,2
11022,Startup,Developer API,1528.07,0,3
11026,Startup,Developer API,1790.22,0,4
11412,Startup,Developer API,1644.06,1,5
11896,Startup,Analytics Suite,841.83,1,8
11586,Startup,Developer API,1611.13,0,1
11105,Startup,Analytics Suite,1477.11,0,4
10206,SMB,Developer API,2009.31,1,7
10035,Enterprise,Cloud Platform,66948.39,0,1
10776,SMB,Analytics Suite,1539.11,0,3
10509,SMB,Analytics Suite,2036.63,0,5
11452,Startup,Developer API,1613.37,0,6
11479,Startup,Developer API,1674.43,0,2
11971,Startup,Analytics Suite,926.41,0,3
11391,Startup,Developer API,1661.11,0,2
10092,Enterprise,Cloud Platform,73085.02,0,2
11364,Startup,Analytics Suite,2137.0,0,4
10898,SMB,Analytics Suite,1972.74,0,3
10565,SMB,Analytics Suite,1692.15,0,6
11370,Startup,Analytics Suite,1301.62,0,1
10777,SMB,Cloud Platform,1917.27,0,6
10242,SMB,Analytics Suite,1790.67,0,4
10014,Enterprise,Developer API,61578.56,0,1
10316,SMB,Developer API,1978.95,0,5
10601,SMB,Cloud Platform,1702.05,0,5
10388,SMB,Cloud Platform,2287.71,0,3
11298,Startup,Developer API,1606.56,0,4
10167,SMB,Analytics Suite,2197.09,0,6
10841,SMB,Analytics Suite,1166.12,0,7
10021,Enterprise,Analytics Suite,69247.33,0,2
10647,SMB,Analytics Suite,1560.93,0,4
11843,Startup,Analytics Suite,1457.53,0,2
11509,Startup,Analytics Suite,1411.7,0,5
11155,Startup,Analytics Suite,1520.79,0,2
11529,Startup,Cloud Platform,943.64,0,3
10832,SMB,Cloud Platform,2082.93,0,8
11268,Startup,Analytics Suite,942.85,0,5
11591,Startup,Analytics Suite,1331.65,0,0
11900,Startup,Cloud Platform,975.84,1,3
10563,SMB,Cloud Platform,1555.47,0,11
11952,Startup,Cloud Platform,1706.92,0,6
10687,SMB,Analytics Suite,2073.86,0,5
10958,Startup,Developer API,954.33,0,0
10190,SMB,Analytics Suite,1845.25,0,4
11807,Startup,Developer API,1321.5,0,5
10976,Startup,Developer API,1499.61,0,4
10700,SMB,Developer API,2655.5,0,3
11500,Startup,Analytics Suite,1056.83,0,4
11706,Startup,Developer API,1137.55,0,1
10511,SMB,Cloud Platform,1925.81,0,5
11083,Startup,Analytics Suite,1472.57,0,3
10475,SMB,Cloud Platform,2164.16,0,9
11585,Startup,Cloud Platform,1825.05,0,3
10857,SMB,Analytics Suite,1787.46,1,9
10748,SMB,Developer API,1709.64,0,3
10253,SMB,Cloud Platform,2143.56,0,7
10022,Enterprise,Cloud Platform,65172.21,0,3
11338,Startup,Developer API,816.63,0,7
10460,SMB,Developer API,2143.48,0,3
11185,Startup,Cloud Platform,1427.19,0,5
10277,SMB,Developer API,1797.79,0,5
10956,Startup,Developer API,1405.46,0,2
11216,Startup,Cloud Platform,1312.26,0,6
10386,SMB,Cloud Platform,2085.35,0,9
10806,SMB,Cloud Platform,1793.66,0,7
11438,Startup,Developer API,1807.75,0,4
11516,Startup,Analytics Suite,1239.31,0,2
10344,SMB,Cloud Platform,1275.54,1,3
10770,SMB,Cloud Platform,1587.17,0,9
11333,Startup,Cloud Platform,1209.35,0,2
11686,Startup,Developer API,1373.0,0,3
10131,SMB,Developer API,2079.57,0,3
11688,Startup,Developer API,1228.38,0,1
10872,SMB,Analytics Suite,2199.01,0,5
11124,Startup,Developer API,1123.46,0,5
11397,Startup,Analytics Suite,1043.88,0,2
10088,Enterprise,Analytics Suite,73027.42,0,2
11483,Startup,Cloud Platform,1240.38,1,5
10331,SMB,Cloud Platform,1989.58,0,6
11239,Startup,Analytics Suite,1255.32,0,5
10467,SMB,Cloud Platform,1518.72,0,6
10122,SMB,Developer API,2413.37,1,4
11639,Startup,Analytics Suite,1477.26,0,3
11045,Startup,Analytics Suite,1155.27,0,2
11725,Startup,Developer API,1497.24,1,1
11096,Startup,Developer API,1385.32,0,4
11131,Startup,Developer API,1345.16,0,5
11295,Startup,Developer API,984.19,0,1
10861,SMB,Analytics Suite,1820.86,0,1
11460,Startup,Analytics Suite,1213.14,0,2
11127,Startup,Cloud Platform,1780.49,0,7
