customer_id,customer_pain_index,support_tickets,churn,transactions_per_month,engagement,tenure_days,revenue
10001,37.5,6,0,16.99,70.13,718,997.55
10002,95.1,15,1,6.01,27.55,1064,585.35
10003,73.2,11,1,7.92,26.27,582,461.82
10004,59.9,9,1,12.04,64.54,475,1047.47
10005,15.6,2,0,16.03,62.76,1167,1474.23
10006,15.6,2,0,20.66,96.02,735,1844.08
10007,5.8,1,0,21.83,94.24,225,1840.19
10008,86.6,13,1,6.07,30.47,889,408.06
10009,60.1,9,0,9.73,42.86,1376,618.8
10010,70.8,9,1,4.14,21.73,657,334.56
10011,2.1,1,0,16.73,80.54,1010,597.82
10012,97.0,15,1,2.77,2.94,659,301.44
10013,83.2,12,1,7.78,43.93,1218,811.29
10014,21.2,3,0,16.16,77.06,1305,988.58
10015,18.2,3,0,14.58,59.6,73,1181.18
10016,18.3,3,0,16.69,103.64,518,1901.0
10017,30.4,4,0,16.45,83.96,210,895.66
10018,52.5,8,0,13.18,61.65,1130,1276.1
10019,43.2,6,1,9.72,61.52,403,363.97
10020,29.1,4,0,15.38,93.16,657,1185.85
10021,61.2,9,1,8.06,37.16,986,883.03
10022,13.9,2,0,19.71,98.26,96,1569.98
10023,29.2,5,0,17.19,72.14,1145,1469.1
10024,36.6,6,0,12.71,59.46,808,1419.55
10025,45.6,7,0,11.63,53.73,680,1097.67
10026,78.5,12,1,7.3,36.98,1297,676.19
10027,20.0,3,0,12.5,63.49,370,1034.68
10028,51.4,8,1,12.96,68.09,932,1127.12
10029,59.2,9,1,10.57,53.23,1357,1081.66
10030,4.6,1,0,21.24,89.24,427,2509.1
10031,60.8,10,1,8.69,31.86,732,882.72
10032,17.1,3,0,16.2,72.02,126,1517.59
10033,6.5,1,0,16.01,73.88,1384,675.61
10034,94.9,15,1,3.76,29.08,1258,389.3
10035,96.6,14,1,3.15,2.91,478,303.15
10036,80.8,12,1,9.87,43.62,1471,980.47
10037,30.5,5,0,14.03,77.35,106,712.71
10038,9.8,1,0,18.78,87.0,925,2090.4
10039,68.4,10,1,8.97,47.89,578,347.64
10040,44.0,7,0,10.86,50.66,827,573.68
10041,12.2,2,0,17.83,88.28,1478,1598.85
10042,49.5,7,1,13.77,63.7,1482,1248.03
10043,3.4,0,0,17.07,88.94,844,993.46
10044,90.9,14,1,7.98,22.08,1051,743.23
10045,25.9,4,0,14.42,65.4,164,936.06
10046,66.3,10,1,9.1,46.79,683,273.14
10047,31.2,5,0,16.39,84.28,1307,731.56
10048,52.0,8,1,10.87,67.85,1308,1189.57
10049,54.7,8,0,11.87,52.87,675,594.0
10050,18.5,2,0,16.6,95.21,749,666.69
10051,97.0,14,1,5.71,20.49,642,521.88
10052,77.5,11,1,3.61,31.28,513,251.49
10053,93.9,14,1,2.25,19.38,1099,228.81
10054,89.5,13,1,7.81,27.9,1496,839.81
10055,59.8,9,0,13.11,66.15,677,1391.48
10056,92.2,13,1,4.35,20.34,821,253.04
10057,8.8,2,0,18.18,93.83,608,1372.57
10058,19.6,2,0,17.65,82.38,1057,1562.25
10059,4.5,1,0,20.71,96.18,30,1221.44
10060,32.5,5,0,11.06,67.46,1343,372.71
10061,38.9,6,0,12.4,58.48,138,925.16
10062,27.1,4,0,15.26,81.93,489,475.4
10063,82.9,11,1,8.98,40.74,295,1037.71
10064,35.7,5,0,19.65,111.82,1191,1998.44
10065,28.1,5,0,15.33,66.46,1487,724.82
10066,54.3,9,1,9.05,36.99,73,505.73
10067,14.1,2,0,18.69,105.72,915,2213.93
10068,80.2,12,1,10.61,46.26,973,675.0
10069,7.5,1,0,19.1,108.49,1012,1920.22
10070,98.7,14,1,3.38,25.59,291,237.32
10071,77.2,12,1,10.33,47.96,757,1113.25
10072,19.9,3,0,18.35,69.04,662,1712.75
10073,0.6,1,0,17.87,85.57,181,572.95
10074,81.5,13,1,8.53,42.01,242,481.9
10075,70.7,11,1,11.39,66.93,1045,913.7
10076,72.9,11,1,11.43,71.54,1287,1295.66
10077,77.1,12,1,8.3,32.65,892,325.22
10078,7.4,0,0,18.17,95.63,652,1528.18
10079,35.8,5,0,17.08,90.02,390,976.91
10080,11.6,2,0,15.84,87.3,349,1743.03
10081,86.3,13,1,7.93,43.3,251,784.0
10082,62.3,9,1,7.91,17.57,239,500.49
10083,33.1,5,0,17.17,80.78,1449,773.32
10084,6.4,1,0,18.53,76.81,960,575.08
10085,31.1,5,0,17.87,83.65,518,1535.07
10086,32.5,5,0,16.11,87.62,630,1072.14
10087,73.0,11,1,6.61,34.93,803,385.55
10088,63.8,10,1,13.29,75.85,907,1577.46
10089,88.7,14,1,9.79,50.58,729,704.42
10090,47.2,7,0,14.68,56.83,481,1431.09
10091,12.0,2,0,16.68,53.6,442,766.73
10092,71.3,11,1,8.69,43.27,505,271.22
10093,76.1,11,1,8.88,40.38,285,600.12
10094,56.1,8,0,10.17,38.56,1203,914.38
10095,77.1,11,1,11.82,38.88,156,893.52
10096,49.4,8,0,12.88,54.11,421,1418.63
10097,52.3,8,0,6.75,30.36,509,466.14
10098,42.8,6,0,14.27,75.49,1022,827.52
10099,2.5,1,0,18.92,92.8,1450,2127.45
10100,10.8,2,0,18.23,104.39,952,1214.34
10101,3.1,1,0,18.79,79.32,431,1019.7
10102,63.6,10,1,12.07,67.19,303,468.19
10103,31.4,5,0,17.52,84.59,874,1776.49
10104,50.9,7,0,12.94,69.41,168,1349.1
10105,90.8,13,1,5.71,22.82,132,188.41
10106,24.9,4,0,16.18,88.92,1295,1007.66
10107,41.0,7,0,13.88,69.72,1170,1353.15
10108,75.6,12,1,7.06,26.75,1267,813.13
10109,22.9,4,0,17.73,84.98,513,1134.78
10110,7.7,2,0,19.77,92.38,558,2144.74
10111,29.0,4,0,18.73,95.04,253,1225.59
10112,16.1,2,0,20.09,84.04,1323,927.24
10113,93.0,14,1,4.68,22.16,1187,141.85
10114,80.8,12,1,9.52,49.85,143,568.5
10115,63.3,10,1,8.6,41.63,1494,550.94
10116,87.1,14,1,8.32,54.08,673,957.3
10117,80.4,12,1,6.91,41.3,680,335.46
10118,18.7,3,0,15.15,72.64,1418,975.67
10119,89.3,13,1,7.17,36.69,1285,231.33
10120,53.9,8,0,6.56,34.59,487,647.59
10121,80.7,12,1,4.39,25.31,404,493.27
10122,89.6,13,1,6.2,10.59,640,318.7
10123,31.8,5,0,15.39,70.71,236,1055.9
10124,11.0,1,0,17.61,68.94,1496,721.84
10125,22.8,3,0,13.42,77.84,946,954.37
10126,42.7,6,0,11.96,56.77,350,502.33
10127,81.8,12,1,8.51,38.82,122,656.13
10128,86.1,13,1,8.25,49.02,1461,792.96
10129,0.7,0,0,19.86,99.76,1211,1584.84
10130,51.1,8,1,14.65,58.47,901,762.82
10131,41.7,7,0,14.53,69.0,128,898.56
10132,22.2,3,0,15.17,69.3,254,1326.94
10133,12.0,2,0,17.64,66.35,881,1465.5
10134,33.8,5,0,12.13,50.98,470,513.22
10135,94.3,14,1,5.64,25.14,749,598.1
10136,32.3,4,0,17.38,82.22,614,1264.69
10137,51.9,7,1,13.59,49.67,1454,606.29
10138,70.3,11,1,12.26,70.94,93,503.33
10139,36.4,6,0,13.94,65.84,797,1629.58
10140,97.2,14,1,8.12,39.37,589,449.35
10141,96.2,14,1,5.18,29.07,1332,578.99
10142,25.2,4,0,19.17,83.74,699,1283.48
10143,49.7,7,0,12.5,64.79,1301,809.16
10144,30.1,5,0,16.9,77.27,397,1573.11
10145,28.5,4,0,18.68,80.25,773,577.02
10146,3.7,1,0,19.06,97.51,647,1151.76
10147,61.0,9,1,11.29,69.85,1035,646.22
10148,50.3,8,0,15.04,79.8,1151,1626.26
10149,5.1,1,0,18.96,100.7,1321,1471.7
10150,27.9,4,0,13.18,57.8,1113,827.85
10151,90.8,14,1,10.66,34.39,529,575.08
10152,24.0,3,0,15.47,89.9,1361,1286.27
10153,14.5,2,0,18.14,108.64,1036,791.82
10154,48.9,7,0,14.97,88.06,440,780.81
10155,98.6,15,1,4.0,15.67,1047,225.7
10156,24.2,3,0,14.35,56.76,1193,1215.61
10157,67.2,9,1,10.43,38.87,1381,663.27
10158,76.2,11,1,4.99,6.27,493,376.85
10159,23.8,5,0,15.86,75.0,731,1404.24
10160,72.8,11,1,9.57,62.8,192,1110.74
10161,36.8,6,0,13.94,65.42,89,1377.76
10162,63.2,9,0,7.43,38.84,1084,493.9
10163,63.4,10,1,13.69,80.16,362,1332.65
10164,53.6,8,1,12.17,54.17,105,1405.3
10165,9.0,1,0,21.51,124.62,346,1612.05
10166,83.5,13,1,6.95,54.28,1470,465.27
10167,32.1,5,0,13.43,63.09,219,497.2
10168,18.7,3,0,17.74,79.09,1368,1956.96
10169,4.1,1,0,18.96,98.33,325,989.32
10170,59.1,9,1,8.78,38.49,530,313.94
10171,67.8,10,1,12.78,49.2,206,1001.29
10172,1.7,0,0,18.51,102.3,829,1964.48
10173,51.2,8,0,8.64,54.24,835,575.4
10174,22.6,3,0,19.26,94.08,889,1935.17
10175,64.5,10,1,9.31,31.43,244,980.12
10176,17.4,3,0,16.17,64.71,682,1146.39
10177,69.1,10,1,6.11,30.45,626,508.27
10178,38.7,5,1,17.68,79.62,1385,1379.96
10179,93.7,14,1,3.37,12.59,157,385.96
10180,13.8,2,0,18.05,97.37,1322,1720.08
10181,34.1,5,0,16.71,87.91,580,1892.92
10182,11.3,2,0,19.14,106.34,1419,953.19
10183,92.5,14,1,6.01,18.45,648,348.11
10184,87.7,14,1,3.44,12.91,377,125.15
10185,25.8,3,0,14.51,77.62,171,1088.13
10186,66.0,10,1,10.48,55.01,1198,1138.68
10187,81.7,12,1,6.17,45.71,821,366.6
10188,55.5,8,1,12.08,62.4,274,501.87
10189,53.0,8,1,13.42,83.82,1495,485.27
10190,24.2,4,0,18.3,93.51,732,1286.03
10191,9.3,1,0,16.15,88.67,1343,722.91
10192,89.7,14,1,10.94,49.12,1165,668.97
10193,90.0,13,1,8.03,38.69,243,833.5
10194,63.3,9,1,10.5,59.96,229,677.92
10195,33.9,5,0,17.09,98.97,434,1450.74
10196,34.9,5,0,19.49,101.21,450,1465.54
10197,72.6,11,1,6.23,29.03,36,589.78
10198,89.7,14,1,6.09,43.69,621,268.29
10199,88.7,13,1,1.94,-13.7,315,218.91
10200,78.0,12,1,8.69,26.78,700,764.09
10201,64.2,10,1,11.1,60.44,418,603.68
10202,8.4,2,0,18.66,89.72,445,766.79
10203,16.2,3,0,16.27,84.45,813,707.34
10204,89.9,13,1,2.42,12.29,1036,243.06
10205,60.6,9,1,11.65,61.91,1203,966.13
10206,0.9,0,0,22.77,100.74,1044,1463.39
10207,10.1,1,0,17.3,89.03,457,1037.33
10208,66.4,10,1,10.93,62.91,1034,1169.71
10209,0.5,0,0,16.79,93.41,1346,1825.55
10210,16.1,2,0,18.5,109.94,363,1522.8
10211,54.9,8,1,10.98,55.27,301,847.75
10212,69.2,10,1,8.1,41.76,1096,838.19
10213,65.2,9,1,8.7,25.77,348,847.73
10214,22.4,4,0,15.85,70.5,556,1046.56
10215,71.2,10,1,10.08,46.36,789,377.46
10216,23.7,4,0,13.82,77.36,1225,1370.46
10217,32.5,6,0,14.32,62.32,350,647.02
10218,74.6,11,1,8.72,50.22,768,274.45
10219,65.0,10,1,8.06,38.67,1097,853.53
10220,84.9,13,1,10.85,50.22,483,890.16
10221,65.8,10,1,8.43,43.08,775,929.41
10222,56.8,9,1,10.14,44.56,958,746.44
10223,9.4,1,0,16.64,75.37,877,1886.7
10224,36.8,6,0,18.08,68.88,897,1118.38
10225,26.5,3,0,17.13,79.62,803,1630.9
10226,24.4,4,0,14.47,64.42,112,826.07
10227,97.3,14,1,7.62,31.16,572,229.4
10228,39.3,6,0,14.5,73.98,351,930.57
10229,89.2,13,1,7.13,41.14,815,687.32
10230,63.1,10,1,9.84,49.67,1287,428.06
10231,79.5,13,1,6.58,42.04,569,496.34
10232,50.3,7,0,13.14,69.12,281,645.29
10233,57.7,9,1,10.26,46.15,865,376.71
10234,49.3,7,0,16.25,73.14,478,1390.52
10235,19.5,3,0,14.53,73.03,1292,1680.79
10236,72.2,11,1,12.24,64.78,519,709.47
10237,28.1,4,0,15.57,89.41,493,1280.76
10238,2.4,1,0,20.23,109.61,343,2343.13
10239,64.5,10,1,11.98,51.82,1228,1060.75
10240,17.7,3,0,16.08,76.11,1233,1456.53
10241,94.0,14,1,7.62,43.62,414,351.31
10242,95.4,14,1,0.5,13.61,324,37.17
10243,91.5,13,1,4.84,33.09,1268,305.1
10244,37.0,6,0,12.6,59.81,1015,912.07
10245,1.5,1,0,17.26,69.68,791,1761.8
10246,92.8,14,1,5.65,16.63,798,403.77
10247,42.8,6,0,14.35,71.74,1128,511.67
10248,96.7,14,1,6.91,36.76,373,770.46
10249,96.4,14,1,6.03,17.41,171,476.57
10250,85.3,13,1,5.87,28.64,747,664.51
10251,29.4,5,0,16.32,84.96,1252,1330.27
10252,38.5,6,0,14.47,57.37,1224,524.79
10253,85.1,13,1,9.11,55.33,435,726.6
10254,31.7,5,0,16.8,76.68,257,1374.52
10255,16.9,2,0,17.52,97.3,440,863.57
10256,55.7,8,1,9.85,41.68,981,713.07
10257,93.6,15,1,4.65,11.54,927,331.78
10258,69.6,10,1,8.46,35.8,720,728.06
10259,57.0,8,1,10.82,50.94,907,577.41
10260,9.7,1,0,19.08,87.5,816,1571.38
10261,61.5,10,1,12.21,56.34,91,631.08
10262,99.0,15,1,5.05,27.75,1380,354.41
10263,14.0,2,0,17.93,84.27,908,735.91
10264,51.8,8,1,12.51,59.35,1186,417.3
10265,87.7,14,1,5.81,9.94,1242,341.94
10266,74.1,11,1,7.04,37.9,385,385.17
10267,69.7,10,0,6.03,28.01,100,401.74
10268,70.2,11,1,8.07,55.64,292,940.79
10269,35.9,5,0,15.55,64.77,335,1197.36
10270,29.4,5,0,14.19,49.12,587,1132.16
10271,80.9,11,1,7.38,41.91,1277,846.81
10272,81.0,13,1,8.78,45.78,1381,991.29
10273,86.7,13,1,8.04,28.0,791,880.94
10274,91.3,14,1,4.14,3.81,617,160.71
10275,51.1,8,1,14.32,84.88,103,1247.08
10276,50.2,7,0,14.73,85.55,171,1513.2
10277,79.8,12,1,5.77,1.58,131,607.01
10278,65.0,10,1,8.6,36.47,1118,705.3
10279,70.2,11,1,11.85,74.35,222,374.16
10280,79.6,12,1,7.77,32.3,982,914.02
10281,89.0,14,1,2.21,5.46,1115,160.22
10282,33.8,4,0,12.13,55.26,1294,793.59
10283,37.6,6,0,13.87,54.81,439,909.11
10284,9.4,1,0,16.26,60.15,329,1108.5
10285,57.8,8,1,10.5,61.45,1248,543.86
10286,3.6,0,0,19.53,74.39,483,1161.25
10287,46.6,7,0,15.94,79.11,603,1891.79
10288,54.3,9,1,11.28,63.45,648,712.16
10289,28.7,4,0,17.85,70.44,666,1381.68
10290,59.1,9,1,14.0,57.5,330,1488.85
10291,3.1,0,0,22.41,120.31,808,1736.07
10292,3.7,1,0,20.01,101.64,1018,1184.61
10293,82.3,12,1,3.73,11.42,231,287.72
10294,36.0,6,0,15.52,87.12,703,624.96
10295,12.7,2,0,20.19,109.58,331,841.94
10296,52.2,8,1,12.0,60.43,366,1109.64
10297,77.0,11,1,11.94,47.86,61,1344.1
10298,21.6,3,1,18.48,84.36,1151,1761.35
10299,62.3,10,1,11.79,59.6,802,432.87
10300,8.5,1,0,20.89,98.29,1244,1384.18
10301,5.2,1,0,19.89,105.33,1101,601.27
10302,53.1,8,1,7.04,17.73,1303,535.1
10303,54.1,8,0,10.89,36.58,1279,516.06
10304,63.7,10,1,12.83,63.48,1325,1387.35
10305,72.6,10,1,7.49,30.79,694,295.03
10306,97.6,15,1,4.92,17.03,357,148.23
10307,51.6,8,1,10.17,30.25,826,718.03
10308,32.3,5,0,18.72,90.06,1233,823.47
10309,79.5,12,1,11.44,54.36,843,1103.03
10310,27.1,4,0,14.17,74.88,694,1598.29
10311,43.9,6,0,13.71,66.53,775,463.05
10312,7.8,1,0,17.46,82.42,1076,1145.42
10313,2.5,0,0,20.85,112.44,959,2496.02
10314,96.3,14,1,6.58,17.8,992,631.29
10315,83.6,13,1,9.08,49.22,1423,1051.34
10316,69.6,10,1,10.22,31.51,1298,457.52
10317,40.9,6,0,19.74,85.95,1213,985.48
10318,17.3,3,0,15.34,60.9,402,673.93
10319,15.6,2,0,14.23,76.51,314,814.14
10320,25.0,3,0,15.46,73.52,550,1471.71
10321,54.9,9,0,8.63,41.28,726,387.01
10322,71.5,10,1,6.3,18.62,836,486.24
10323,66.0,10,1,8.09,35.69,676,438.71
10324,28.0,4,0,13.96,58.99,165,1460.6
10325,95.5,15,1,3.77,22.12,125,115.34
10326,73.8,11,1,9.97,37.45,1172,499.3
10327,55.4,8,1,10.67,65.18,1427,901.31
10328,61.2,10,1,10.47,32.66,303,405.23
10329,42.0,7,0,15.49,65.88,907,1114.79
10330,24.8,4,0,14.75,88.41,879,1021.57
10331,35.6,5,0,14.13,63.26,1230,1508.05
10332,75.8,11,1,9.36,31.12,813,807.63
10333,1.4,0,0,15.9,78.62,1330,1392.41
10334,11.6,2,0,13.49,59.76,1191,1560.29
10335,4.6,1,0,20.0,87.22,161,2368.25
10336,4.1,1,0,20.37,86.27,1097,1808.97
10337,85.5,13,1,11.3,83.31,1176,869.88
10338,70.4,10,1,9.76,44.21,1189,826.8
10339,47.4,8,0,14.53,49.53,1420,936.02
10340,9.8,1,0,18.14,102.76,402,2156.32
10341,49.2,7,1,13.22,69.87,1179,1235.43
10342,47.3,7,0,16.23,69.86,1492,911.97
10343,17.3,3,0,13.15,53.32,837,462.87
10344,43.4,8,0,14.32,75.81,773,487.24
10345,39.9,6,1,18.29,85.2,80,886.01
10346,61.6,9,1,11.33,34.16,1190,577.4
10347,63.5,10,1,13.77,84.86,1211,927.47
10348,4.5,1,0,18.06,82.13,85,891.01
10349,37.5,5,0,14.32,84.44,773,1242.72
10350,62.6,10,1,10.68,64.69,457,523.46
10351,50.3,8,0,8.02,27.99,472,376.21
10352,85.6,13,1,4.82,33.98,355,349.02
10353,65.9,10,1,7.93,31.22,669,872.14
10354,16.3,3,0,19.2,72.56,858,1385.23
10355,7.1,1,0,20.69,94.85,109,1391.33
10356,64.2,9,0,11.01,57.02,503,903.13
10357,2.7,0,0,21.25,97.14,406,1129.42
10358,58.6,8,1,10.89,49.05,948,673.1
10359,94.0,14,1,8.3,51.85,362,408.73
10360,57.5,9,1,11.39,55.79,1228,927.86
10361,38.8,6,0,14.29,59.74,470,1325.61
10362,64.3,10,1,9.82,54.51,155,890.01
10363,45.8,7,0,14.5,71.68,248,767.54
10364,54.6,8,1,10.97,26.18,977,1098.85
10365,94.1,14,1,7.83,42.08,307,415.27
10366,38.6,6,0,11.94,61.43,624,519.72
10367,96.1,15,1,3.38,16.44,964,207.81
10368,90.5,14,1,7.79,46.75,170,652.78
10369,19.6,3,0,16.89,74.01,875,722.56
10370,6.9,1,0,18.05,90.17,1037,1594.32
10371,10.1,1,0,20.27,80.84,906,2182.59
10372,1.8,0,0,18.51,93.12,139,1043.64
10373,9.4,2,0,18.18,107.77,1105,1282.03
10374,68.3,10,1,12.55,49.79,642,634.38
10375,7.1,1,0,22.01,97.67,742,1375.92
10376,31.9,5,0,18.36,80.67,1372,587.1
10377,84.5,13,1,6.76,33.81,1252,783.07
10378,2.3,0,0,22.11,94.97,825,1490.88
10379,81.4,12,1,5.89,32.7,758,594.88
10380,28.2,4,0,13.96,75.9,1099,598.02
10381,11.8,2,0,13.53,70.55,534,1395.1
10382,69.7,10,1,12.89,43.3,1070,1384.56
10383,62.9,9,1,8.84,52.88,344,834.43
10384,87.7,14,1,6.58,41.43,1489,732.28
10385,73.5,11,1,7.15,43.04,1441,322.09
10386,80.3,12,1,9.34,48.75,106,680.73
10387,28.2,5,0,15.02,74.41,1007,1288.86
10388,17.7,3,0,14.73,81.54,928,1232.27
10389,75.1,12,1,9.62,66.37,1424,1034.09
10390,80.7,12,1,5.03,14.14,1218,248.54
10391,99.1,15,1,3.47,27.98,1077,158.95
10392,41.3,6,1,9.6,45.17,741,506.92
10393,37.2,6,0,11.57,54.17,1088,1275.47
10394,77.6,12,1,8.71,25.67,883,998.97
10395,34.1,5,0,10.96,49.62,1191,890.68
10396,93.1,14,1,3.08,4.31,738,231.38
10397,85.8,12,1,7.12,29.31,294,601.53
10398,42.9,7,0,12.48,48.37,362,1066.64
10399,75.1,11,1,12.72,56.34,217,576.56
10400,75.5,11,1,12.35,55.02,1116,1133.45
10401,10.3,1,0,16.72,81.27,849,1182.3
10402,90.3,14,1,7.58,19.43,1332,580.36
10403,50.5,7,0,13.92,51.64,1224,455.58
10404,82.6,13,1,6.41,34.57,328,633.37
10405,32.0,5,0,12.21,50.23,230,1284.35
10406,89.6,13,1,6.54,42.67,1188,560.79
10407,38.9,5,0,13.82,68.7,301,1345.86
10408,1.1,1,0,18.97,97.43,564,1461.52
10409,90.5,14,1,7.3,49.85,1495,625.26
10410,9.1,1,0,17.13,78.97,1140,1122.21
10411,31.9,5,0,12.91,55.94,60,1307.38
10412,95.0,14,1,5.97,37.81,1174,430.7
10413,95.1,15,1,6.51,36.6,98,593.84
10414,57.3,9,1,9.05,41.47,912,777.65
10415,63.2,9,1,12.38,74.03,990,1153.92
10416,44.8,6,0,9.73,44.48,856,979.51
10417,29.3,4,0,14.45,69.7,953,1100.28
10418,32.9,5,0,14.55,70.06,1199,1501.21
10419,67.3,10,1,8.64,31.66,1013,645.87
10420,75.2,11,1,7.58,37.2,1386,880.02
10421,79.2,12,1,11.87,71.64,510,1160.18
10422,79.0,12,1,6.45,35.63,1316,292.85
10423,9.1,1,0,23.51,113.17,322,2460.62
10424,49.4,7,1,13.46,62.91,1482,1071.99
10425,5.8,1,0,19.32,96.21,115,2291.38
10426,55.0,8,1,12.71,68.88,1069,1203.56
10427,44.2,7,0,18.44,94.91,757,693.25
10428,88.8,14,1,4.7,19.08,657,308.07
10429,35.1,5,0,12.5,63.41,147,956.93
10430,11.7,1,0,16.73,85.34,299,1765.2
10431,14.3,2,0,17.92,75.44,1448,1713.89
10432,76.2,11,1,5.13,26.39,1008,324.43
10433,61.8,9,1,10.77,29.0,884,956.47
10434,10.1,1,0,21.87,110.04,191,1791.63
10435,8.4,1,0,19.04,98.33,729,787.2
10436,70.1,10,1,8.9,50.57,1157,455.12
10437,7.3,1,0,17.67,80.67,196,1072.59
10438,82.2,12,1,9.47,48.7,329,450.71
10439,70.6,10,1,7.75,52.15,57,337.22
10440,8.1,1,0,22.47,122.7,1477,791.79
10441,8.5,1,0,22.59,108.13,591,2452.8
10442,98.7,15,1,5.71,28.87,912,319.79
10443,37.4,6,0,14.36,80.59,185,806.01
10444,37.1,6,0,16.5,63.44,1377,801.25
10445,81.3,12,1,10.0,44.61,1401,727.86
10446,94.7,15,1,4.18,34.09,1174,318.86
10447,98.6,15,1,4.16,30.21,681,202.78
10448,75.3,11,1,6.05,32.92,850,512.87
10449,37.6,6,0,15.17,57.0,590,1442.21
10450,8.4,2,0,20.08,95.86,1217,1278.0
10451,77.7,11,1,5.64,20.88,1115,466.38
10452,55.8,8,1,10.71,54.88,1393,805.47
10453,42.4,7,0,10.94,44.01,341,520.74
10454,90.6,14,1,4.61,11.36,405,441.18
10455,11.1,2,0,19.43,71.58,1399,1984.4
10456,49.3,8,1,11.14,66.3,179,984.68
10457,1.1,0,0,19.23,88.11,614,1137.47
10458,46.9,6,1,9.72,48.31,610,1102.36
10459,5.6,1,0,19.53,93.72,1006,1386.28
10460,11.9,2,0,18.13,75.82,206,977.73
10461,11.8,2,0,16.78,67.32,383,1119.92
10462,64.9,10,1,9.88,36.87,543,911.79
10463,74.6,11,1,9.17,36.42,338,973.25
10464,58.3,9,1,9.62,50.03,148,597.32
10465,96.2,15,1,2.61,4.17,796,132.94
10466,37.5,6,0,17.99,104.69,1025,1554.06
10467,28.6,5,0,14.45,80.15,1002,1631.54
10468,86.9,13,1,6.78,41.03,945,315.25
10469,22.4,4,0,18.67,88.36,507,1909.41
10470,96.3,14,1,12.61,76.43,1467,919.2
10471,1.2,0,0,17.33,80.89,616,1766.9
10472,97.0,14,1,6.35,30.15,380,479.42
10473,4.3,1,0,17.94,87.9,224,1147.43
10474,89.1,13,0,5.56,34.06,1240,515.45
10475,52.8,8,0,10.64,57.76,525,1181.64
10476,99.3,15,1,2.85,8.69,544,167.64
10477,7.4,1,0,18.81,84.69,725,1344.3
10478,55.4,8,1,8.74,48.67,302,442.65
10479,96.9,15,1,7.35,42.79,909,341.83
10480,52.3,8,1,12.26,54.72,81,1226.12
10481,62.9,9,1,11.4,38.05,292,547.88
10482,69.6,11,1,8.63,39.25,1421,875.07
10483,45.5,7,0,12.45,66.31,162,854.44
10484,62.8,10,1,11.16,72.52,1023,1334.23
10485,58.4,9,1,8.91,30.19,1278,425.55
10486,90.1,13,1,5.77,23.22,339,221.38
10487,4.5,0,0,17.6,80.39,45,647.49
10488,28.1,4,0,14.0,81.44,224,1472.63
10489,95.0,14,1,1.52,6.93,1496,105.49
10490,89.0,13,1,9.32,35.21,332,282.22
10491,45.6,7,0,11.79,62.46,1101,1281.92
10492,62.0,9,1,13.02,58.25,1174,1418.18
10493,27.7,4,0,17.98,73.45,861,1844.34
10494,18.8,3,0,14.61,60.75,591,764.81
10495,46.4,7,0,10.87,70.38,70,690.76
10496,35.3,5,0,19.82,99.17,563,1923.4
10497,58.4,9,1,14.75,71.93,400,1092.12
10498,7.8,1,0,18.77,87.47,1235,822.96
10499,97.4,15,1,5.9,31.39,546,305.93
10500,98.6,15,1,3.95,21.9,686,464.26
10501,69.8,11,1,10.39,52.94,619,452.91
10502,53.6,8,1,10.52,51.7,260,1003.05
10503,31.0,5,0,11.29,63.31,838,824.41
10504,81.4,13,1,5.15,24.96,1401,501.48
10505,68.5,10,1,9.77,36.63,508,874.42
10506,16.3,2,0,15.3,67.01,1262,1063.73
10507,91.1,14,1,6.2,8.98,704,383.48
10508,82.3,12,1,5.51,47.73,307,539.39
10509,95.0,15,1,4.19,29.17,82,247.56
10510,72.6,12,1,10.82,43.22,1063,1091.73
10511,61.3,9,1,11.29,51.23,777,1029.49
10512,41.8,6,0,13.71,59.12,493,1124.09
10513,93.3,14,1,7.77,53.49,783,491.0
10514,86.6,13,1,7.97,23.35,612,386.2
10515,4.5,1,0,22.21,107.81,187,2086.36
10516,2.6,1,0,18.68,88.52,48,713.98
10517,37.6,5,0,13.49,73.43,84,1583.04
10518,81.1,12,1,5.24,24.06,750,618.78
10519,98.7,15,1,4.33,2.32,1074,180.65
10520,15.0,3,0,19.67,91.78,1335,774.1
10521,59.4,10,1,13.69,55.5,790,919.21
10522,38.1,5,0,16.21,78.64,1048,1892.22
10523,97.0,14,1,1.86,23.99,1470,122.81
10524,84.2,13,1,9.53,27.48,837,597.93
10525,83.8,12,1,3.75,9.6,752,349.96
10526,46.9,7,0,14.77,65.09,314,680.69
10527,41.5,6,0,13.04,58.58,540,817.6
10528,27.3,3,0,17.3,90.81,1051,972.57
10529,5.6,1,0,16.49,77.33,1449,1387.44
10530,86.5,13,1,9.37,49.34,149,418.35
10531,81.3,12,1,4.88,16.85,126,387.39
10532,100.0,16,1,3.67,20.03,149,393.35
10533,99.7,14,1,3.05,22.81,1206,232.64
10534,55.5,9,0,8.16,31.48,1298,746.76
10535,76.9,11,1,8.65,49.72,422,318.08
10536,94.5,14,1,9.44,45.86,1196,664.68
10537,85.0,13,1,12.59,71.41,823,485.22
10538,24.7,4,0,16.48,76.99,249,1383.52
10539,45.1,7,1,15.48,78.31,868,855.96
10540,12.9,2,0,18.53,88.52,189,1034.97
10541,95.4,14,1,6.69,31.1,1129,246.92
10542,60.6,9,1,10.22,51.77,640,591.96
10543,22.9,3,0,16.96,87.04,668,1282.19
10544,67.2,10,1,11.0,39.68,1085,908.81
10545,61.8,10,1,9.57,60.99,806,344.52
10546,35.8,6,0,14.47,49.93,363,1282.5
10547,11.4,1,0,18.18,80.07,1493,1345.3
10548,67.2,10,1,11.58,54.59,921,906.97
10549,52.0,8,1,10.06,52.62,969,1055.81
10550,77.2,12,1,8.31,56.44,381,505.25
10551,52.0,8,0,16.02,57.38,1392,731.55
10552,85.2,13,1,9.55,40.51,955,760.78
10553,55.2,8,0,14.42,46.88,1453,1659.05
10554,56.1,9,1,11.63,56.16,425,890.95
10555,87.7,13,1,7.49,38.8,1255,785.49
10556,40.3,5,0,15.95,93.26,559,1565.22
10557,13.4,2,0,21.11,102.59,1146,1618.08
10558,2.9,0,0,15.67,86.18,387,1383.35
10559,75.5,11,1,6.04,35.12,1449,402.27
10560,62.0,10,1,13.31,59.32,857,1034.94
10561,70.4,11,1,8.89,27.88,89,672.58
10562,21.3,3,0,15.46,77.1,506,1450.46
10563,13.6,2,0,15.45,58.49,641,1033.58
10564,1.5,0,0,18.67,103.22,30,727.74
10565,35.1,5,0,11.94,55.61,340,1205.75
10566,59.0,9,1,15.33,86.13,197,1404.79
10567,39.2,7,0,14.07,62.49,221,1625.24
10568,43.7,6,0,13.32,66.76,1087,913.54
10569,90.4,14,1,7.61,38.73,1087,281.86
10570,34.8,5,0,16.7,79.69,1470,683.79
10571,51.4,8,0,14.18,63.52,737,1412.31
10572,78.4,11,1,10.39,53.99,1211,375.06
10573,39.7,6,0,12.79,51.67,395,1428.7
10574,62.2,9,1,10.07,35.64,1393,557.36
10575,86.2,13,1,8.6,54.33,887,953.73
10576,95.0,15,1,4.7,30.2,1388,468.19
10577,14.7,2,0,17.78,86.04,356,1927.5
10578,92.7,14,1,6.9,50.6,143,339.92
10579,49.2,7,0,14.19,65.3,826,1186.46
10580,25.8,3,0,12.57,74.22,948,482.98
10581,45.9,7,0,14.54,71.64,1471,700.9
10582,98.0,15,1,4.83,12.42,1196,279.61
10583,49.3,8,0,14.03,86.75,638,1356.32
10584,32.9,5,0,16.62,90.18,338,535.57
10585,63.3,9,1,13.71,64.54,430,1525.66
10586,24.0,3,0,19.1,99.32,1373,694.71
10587,7.6,2,0,21.56,99.25,241,1377.34
10588,12.9,3,0,20.95,109.27,346,781.39
10589,12.8,1,0,18.66,64.46,214,1851.2
10590,15.2,2,0,17.79,74.68,1258,759.96
10591,13.9,3,0,19.66,104.65,1417,2155.29
10592,64.1,10,1,11.85,54.26,1269,920.98
10593,18.2,2,0,16.65,82.1,275,1920.79
10594,34.6,5,0,15.62,60.83,268,876.79
10595,89.7,12,1,6.48,50.51,1444,459.36
10596,47.4,7,0,11.18,66.16,549,1033.95
10597,66.8,10,1,12.57,58.23,306,1318.24
10598,17.2,3,0,17.53,79.89,1035,1190.68
10599,19.2,2,0,21.21,112.62,231,2339.86
10600,4.1,1,0,16.14,98.29,243,655.59
10601,16.9,2,0,16.35,88.49,635,1533.33
10602,27.9,4,0,15.89,99.08,507,974.66
10603,17.7,2,0,19.62,84.49,537,767.54
10604,8.9,1,0,19.47,84.85,1128,1261.65
10605,12.1,1,0,18.81,77.8,698,2054.42
10606,46.1,7,0,10.83,56.62,694,1280.63
10607,20.6,3,0,14.59,71.88,171,953.49
10608,36.4,5,0,15.18,71.27,351,1666.42
10609,50.3,8,0,9.72,55.15,490,737.45
10610,69.0,10,1,8.58,54.12,736,811.08
10611,3.9,0,0,20.41,81.95,699,695.64
10612,79.9,12,1,6.04,22.72,1199,484.15
10613,62.8,10,1,13.79,74.8,83,500.78
10614,8.2,1,0,21.22,96.94,1409,1149.61
10615,87.4,14,1,3.75,9.62,306,303.8
10616,92.1,14,1,4.32,31.43,429,443.43
10617,6.1,1,0,14.51,56.11,697,1167.77
10618,27.7,5,0,14.28,65.38,545,1631.59
10619,80.6,12,1,9.44,48.76,1364,971.66
10620,74.8,11,1,7.95,32.13,1324,350.29
10621,18.5,3,0,18.15,95.34,605,1179.86
10622,20.9,4,0,13.82,60.36,141,1246.06
10623,37.0,6,1,16.04,91.78,268,1835.88
10624,48.5,7,0,11.62,54.46,1197,1381.55
10625,61.8,9,1,10.75,58.65,1427,1060.88
10626,36.9,5,0,14.28,76.38,1073,1165.81
10627,46.3,7,1,10.52,43.91,1342,1031.96
10628,74.7,11,1,6.48,9.54,226,353.75
10629,3.7,1,0,21.39,106.46,411,1187.66
10630,25.2,4,0,17.01,82.41,193,1512.04
10631,71.3,11,1,11.4,60.56,635,1236.5
10632,89.5,13,1,7.22,32.28,1302,846.78
10633,51.2,8,0,12.61,56.01,1121,765.68
10634,53.2,7,0,8.57,62.22,884,871.48
10635,10.7,1,0,17.85,70.22,1074,1903.48
10636,44.7,7,0,13.23,71.21,860,1138.91
10637,53.3,8,0,15.92,70.38,626,975.63
10638,24.2,3,0,17.74,81.63,1443,1520.64
10639,26.9,3,0,19.03,88.01,565,1571.89
10640,37.7,6,0,15.54,66.16,140,1314.49
10641,2.0,0,0,18.28,93.74,978,1567.21
10642,32.2,4,0,15.4,88.52,892,1636.02
10643,21.1,3,0,17.3,87.98,624,783.82
10644,32.7,5,0,13.21,64.49,1051,832.98
10645,12.0,2,0,17.43,73.31,489,1442.16
10646,89.1,12,1,6.23,35.33,1131,345.76
10647,59.4,9,1,14.31,91.33,463,1689.06
10648,67.9,11,1,5.65,23.12,1433,303.31
10649,78.9,12,1,10.57,46.79,1493,763.86
10650,49.8,7,1,10.65,45.23,917,1160.45
10651,8.7,1,0,15.95,71.42,812,593.43
10652,53.7,8,1,14.3,39.81,1392,1485.23
10653,58.7,9,1,12.66,65.02,1017,1030.41
10654,74.5,11,1,11.33,45.51,1477,372.33
10655,43.2,6,0,15.13,55.72,198,1683.4
10656,12.8,2,0,22.21,114.52,738,744.65
10657,28.4,4,0,16.86,69.57,994,1287.59
10658,36.3,6,0,14.24,64.8,1315,490.04
10659,64.6,10,1,11.0,68.2,756,400.49
10660,57.1,9,0,13.93,52.07,258,1530.19
10661,35.6,5,0,13.1,46.79,1214,1295.91
10662,98.7,15,1,3.9,21.55,456,186.13
10663,60.6,9,1,10.3,61.51,151,884.17
10664,23.7,3,0,12.23,42.17,178,1241.6
10665,10.2,2,0,18.75,94.28,881,2063.68
10666,15.3,3,0,13.93,72.96,734,1005.02
10667,24.6,4,0,16.42,57.19,140,1818.93
10668,16.1,2,0,19.32,101.12,1274,1462.65
10669,18.7,3,0,16.25,87.2,93,1494.03
10670,28.5,4,0,19.08,88.31,667,2253.59
10671,17.3,3,0,14.48,82.65,1407,741.89
10672,89.7,14,1,8.93,54.8,938,403.34
10673,8.0,2,0,20.15,97.8,42,1224.75
10674,52.5,8,1,8.7,37.02,963,389.72
10675,41.0,6,1,19.27,82.28,1206,1070.92
10676,98.2,15,1,5.14,24.28,268,497.91
10677,11.2,1,0,16.56,85.47,1243,1208.5
10678,39.8,6,0,11.22,50.45,692,715.32
10679,96.9,15,1,5.02,1.02,1139,317.19
10680,86.6,13,1,6.76,45.77,1074,321.15
10681,81.7,12,1,7.95,40.16,723,558.62
10682,25.8,4,0,15.54,70.61,1372,1339.82
10683,17.1,2,0,18.7,98.76,1211,795.2
10684,66.9,10,1,9.2,60.17,1000,1081.49
10685,92.9,14,1,2.19,-18.91,993,153.07
10686,55.7,8,0,11.35,59.04,105,1308.84
10687,57.2,9,1,6.69,17.13,358,281.78
10688,28.0,5,0,16.51,84.49,1469,1635.31
10689,76.9,11,1,6.5,32.54,1256,556.32
10690,18.7,3,0,17.52,90.77,1282,1818.68
10691,32.4,5,0,17.77,80.05,181,1493.76
10692,42.5,7,0,11.72,36.59,101,1367.2
10693,50.8,7,0,14.51,64.92,254,1254.01
10694,24.2,4,0,15.5,78.67,502,1559.52
10695,11.5,1,0,21.78,115.21,389,2373.64
10696,61.1,10,1,10.11,36.22,569,953.5
10697,28.9,4,0,13.99,77.94,840,1079.77
10698,58.1,9,0,12.66,53.97,638,690.65
10699,15.4,2,0,16.81,84.49,1099,1797.06
10700,48.1,7,0,11.1,47.93,30,813.1
10701,53.3,8,1,11.06,55.0,707,949.65
10702,5.2,0,0,19.13,101.19,1298,710.3
10703,33.7,5,1,17.64,71.79,1272,1318.79
10704,13.4,1,0,14.12,60.64,320,1310.82
10705,6.3,1,0,19.1,93.62,233,1577.02
10706,99.0,14,1,6.4,55.94,1255,450.37
10707,32.2,5,0,15.55,65.58,595,779.19
10708,81.0,12,1,10.47,71.68,511,605.9
10709,25.5,4,0,16.03,97.99,540,1491.69
10710,68.2,10,1,9.41,44.15,953,472.17
10711,76.0,12,1,9.78,43.81,307,840.64
10712,59.6,9,1,11.26,46.78,1034,935.44
10713,47.2,7,1,12.15,57.6,45,1425.65
10714,41.2,5,0,14.85,56.51,385,526.73
10715,34.9,5,0,13.46,63.81,385,534.78
10716,93.0,13,1,4.83,38.9,859,364.89
10717,83.1,12,1,6.48,24.69,628,501.81
10718,96.5,14,1,8.23,36.98,1131,276.47
10719,12.4,2,0,11.69,38.25,957,1219.58
10720,73.1,11,1,9.83,51.11,1120,732.58
10721,93.8,14,1,5.99,31.53,888,366.58
10722,18.1,3,0,13.92,67.48,243,817.06
10723,6.6,1,0,19.62,91.9,478,2109.67
10724,74.1,11,1,9.83,44.11,994,468.95
10725,57.4,9,1,12.56,65.56,1486,558.14
10726,84.2,12,1,2.07,9.63,1168,101.82
10727,14.0,2,0,20.64,102.38,816,1780.24
10728,79.5,12,1,6.6,33.94,1473,679.69
10729,20.2,3,0,18.35,99.88,528,1097.11
10730,16.4,2,0,19.03,98.45,739,867.99
10731,16.4,2,0,15.78,77.77,409,770.5
10732,81.5,12,1,9.1,59.62,1196,780.11
10733,66.5,10,1,9.25,48.81,769,482.32
10734,52.3,8,1,8.01,52.15,661,872.73
10735,35.9,6,0,16.95,87.73,1077,666.99
10736,87.7,13,1,5.29,6.05,568,174.11
10737,39.2,6,0,12.4,73.22,974,470.63
10738,81.7,13,1,6.94,34.73,1128,736.39
10739,43.9,7,0,13.96,66.46,782,1237.0
10740,37.7,6,0,14.23,71.26,564,1653.48
10741,46.3,8,1,14.16,64.35,702,853.38
10742,30.1,5,0,12.8,63.82,1094,629.01
10743,74.8,11,1,7.3,28.83,597,588.22
10744,50.3,8,0,12.23,72.08,1466,958.89
10745,23.2,4,0,20.31,96.3,444,1689.63
10746,90.0,14,1,6.28,26.13,478,384.83
10747,38.4,6,0,16.41,69.06,639,501.01
10748,54.4,9,1,11.92,60.04,687,395.18
10749,90.6,13,1,5.44,28.08,465,488.21
10750,62.4,10,1,10.14,52.75,734,781.73
10751,11.7,2,0,17.91,75.18,268,1860.69
10752,94.0,14,1,7.11,17.32,1095,405.53
10753,62.8,10,1,13.33,70.55,763,1378.22
10754,33.5,4,0,15.7,90.95,829,1072.22
10755,13.9,2,0,20.29,86.62,39,785.28
10756,79.4,12,1,6.16,46.26,776,726.95
10757,62.0,9,1,9.87,50.36,1318,750.85
10758,53.3,8,1,10.55,50.57,1498,914.19
10759,89.4,14,1,7.22,30.48,168,652.48
10760,78.9,12,1,7.45,21.22,760,466.5
10761,15.2,2,0,19.18,102.44,225,1865.78
10762,31.2,5,0,13.46,56.46,1127,1458.04
10763,24.8,5,0,16.36,70.34,1278,1060.89
10764,74.4,11,1,10.21,59.42,1155,910.02
10765,3.4,1,0,15.37,54.0,293,1508.43
10766,57.0,9,1,15.69,59.31,974,739.18
10767,76.2,11,1,8.0,38.21,949,479.47
10768,87.7,13,1,2.8,16.52,190,111.42
10769,34.2,6,0,15.18,77.95,1286,1278.14
10770,82.1,13,1,7.75,34.03,520,791.15
10771,11.1,2,0,18.18,113.83,799,1544.85
10772,84.6,12,1,9.29,42.2,340,429.02
10773,12.7,3,0,19.58,91.56,256,1550.21
10774,39.7,6,0,14.64,61.9,302,1539.31
10775,79.7,12,1,8.94,44.21,967,511.77
10776,15.0,2,0,17.54,90.65,346,1840.62
10777,22.9,4,0,20.11,109.17,1139,2023.39
10778,72.2,11,1,6.21,14.17,320,198.45
10779,72.0,11,1,9.48,42.92,758,488.7
10780,64.1,10,1,10.51,55.14,1457,828.87
10781,69.4,10,1,11.22,60.02,1480,1061.25
10782,54.3,8,0,10.17,48.88,404,1111.05
10783,25.2,3,0,12.74,66.85,596,1117.22
10784,34.6,5,0,15.13,64.13,897,971.81
10785,18.2,3,0,17.84,101.99,784,831.64
10786,90.8,13,1,9.35,55.3,281,920.07
10787,58.3,9,1,8.71,27.69,336,423.4
10788,40.1,6,1,16.3,66.95,1483,1509.2
10789,46.2,8,1,17.8,74.45,704,824.3
10790,94.7,15,1,5.04,31.31,897,192.5
10791,15.3,2,0,15.12,59.09,293,795.3
10792,58.6,9,1,10.39,46.4,97,578.14
10793,50.6,8,0,12.44,64.49,1160,1097.82
10794,61.1,9,1,11.96,56.71,1453,531.97
10795,1.8,0,0,18.55,91.76,1252,2109.65
10796,87.2,13,1,10.03,36.95,1245,801.32
10797,93.2,14,1,3.79,24.44,543,281.16
10798,56.5,9,1,8.04,32.15,798,555.74
10799,69.7,11,1,11.76,53.04,471,952.49
10800,92.2,14,1,1.61,10.22,30,51.55
10801,70.7,11,1,8.98,44.19,387,1069.59
10802,15.3,2,0,23.95,115.21,1168,1920.24
10803,57.6,9,1,11.33,46.5,932,375.79
10804,60.7,9,1,8.66,38.42,1250,719.63
10805,42.4,6,0,13.52,64.92,303,937.44
10806,73.6,11,1,8.85,28.04,885,284.65
10807,93.4,14,1,6.31,25.43,1047,714.28
10808,92.6,14,1,7.44,39.78,1213,230.28
10809,45.1,7,1,11.16,40.15,202,915.21
10810,11.3,1,0,21.68,116.21,614,2527.05
10811,98.5,15,1,5.72,40.79,1486,293.92
10812,83.9,12,1,8.87,29.5,958,469.01
10813,12.5,2,0,16.87,95.23,510,506.74
10814,92.1,14,1,8.76,40.54,484,315.11
10815,87.0,13,1,6.44,35.31,225,219.22
10816,51.9,8,1,12.77,56.08,825,1328.58
10817,59.1,9,1,9.26,54.14,628,975.14
10818,39.9,6,1,12.02,61.96,1362,1146.74
10819,5.5,1,0,20.55,90.09,585,1268.9
10820,33.5,5,0,14.08,55.35,877,1463.09
10821,80.3,12,1,6.25,14.67,468,491.12
10822,0.5,0,0,18.64,91.45,679,1069.71
10823,33.3,5,0,16.4,84.73,388,1137.42
10824,39.8,6,0,12.77,68.13,1089,458.69
10825,53.7,8,0,11.7,54.92,1087,1345.99
10826,92.0,13,1,6.23,17.76,1141,534.04
10827,34.6,5,0,10.97,45.49,687,1051.05
10828,34.7,5,0,11.85,68.98,45,1077.08
10829,73.8,11,1,9.61,41.04,774,865.84
10830,45.2,7,1,11.74,57.86,450,370.44
10831,22.5,3,0,18.74,78.66,582,1448.29
10832,45.2,6,0,15.15,76.25,796,1574.9
10833,14.1,2,0,19.33,87.98,822,657.35
10834,17.6,2,0,20.99,111.74,1179,2435.99
10835,49.8,8,1,12.36,67.45,1061,842.64
10836,41.9,6,0,15.01,66.84,909,841.92
10837,91.5,14,1,5.11,23.2,881,397.88
10838,36.2,6,0,19.47,87.67,539,1988.07
10839,58.1,9,1,15.26,58.34,1455,1109.83
10840,63.2,11,1,10.54,41.59,1229,928.15
10841,1.3,0,0,20.58,100.87,995,1543.34
10842,66.4,10,1,12.77,64.71,943,1108.62
10843,17.8,3,0,17.04,83.35,1420,722.88
10844,96.1,14,1,4.27,17.33,47,142.96
10845,14.9,2,0,19.52,103.49,85,826.11
10846,41.5,6,1,13.94,67.58,948,776.81
10847,8.5,2,0,19.09,99.02,1088,1007.99
10848,99.7,15,1,3.38,-2.4,931,288.54
10849,50.2,7,1,9.03,2.16,659,641.4
10850,59.5,9,1,11.54,58.37,823,386.51
10851,6.7,2,0,20.8,84.88,376,689.27
10852,75.0,11,1,8.3,37.61,1085,316.67
10853,21.0,4,0,19.72,91.48,937,1218.25
10854,89.8,14,1,5.12,41.24,1053,156.45
10855,20.5,3,0,14.81,75.29,1186,1102.74
10856,19.1,3,0,17.01,83.39,605,1062.45
10857,3.7,1,0,19.29,101.38,228,1543.0
10858,47.2,6,0,14.46,73.28,1309,1371.88
10859,56.5,8,0,9.98,43.1,1395,524.82
10860,6.6,1,0,21.75,115.65,1284,959.99
10861,77.6,12,1,12.3,47.39,330,676.81
10862,45.3,6,0,13.12,66.37,1046,395.68
10863,52.4,8,0,14.63,53.97,55,596.92
10864,44.1,7,0,11.28,56.29,1440,1100.64
10865,40.1,7,0,16.14,79.5,1338,807.85
10866,56.0,8,1,13.7,83.36,479,1636.97
10867,15.5,3,0,19.4,76.69,349,875.03
10868,18.2,3,0,17.24,76.44,185,1741.06
10869,86.2,12,1,1.16,14.21,500,108.41
10870,94.6,14,1,4.52,25.22,449,266.64
10871,37.3,6,0,13.15,65.01,1166,785.93
10872,27.1,4,0,13.98,57.06,680,1128.46
10873,64.4,10,1,10.58,44.58,1475,1129.03
10874,40.9,6,0,13.03,75.62,915,843.78
10875,2.5,1,0,17.97,85.72,959,638.05
10876,15.6,3,0,15.54,78.53,864,989.86
10877,71.6,12,1,7.83,36.37,905,380.99
10878,65.9,10,1,12.36,46.91,971,1415.57
10879,2.7,1,0,18.27,97.5,1023,1694.63
10880,22.2,3,0,15.64,80.36,1338,540.75
10881,23.1,4,0,15.62,99.19,601,880.48
10882,67.2,10,1,10.6,40.22,83,365.91
10883,2.0,0,0,20.62,107.61,634,2158.94
10884,10.4,1,0,12.35,45.51,354,1377.85
10885,80.0,12,1,10.04,49.84,999,402.66
10886,17.9,2,0,20.19,107.17,914,1405.75
10887,65.3,10,1,8.11,17.17,294,923.48
10888,23.8,3,0,14.48,67.35,411,623.64
10889,9.9,1,0,17.61,78.61,1266,990.94
10890,24.3,4,0,14.84,63.86,362,851.59
10891,72.2,10,1,9.61,50.17,1063,314.3
10892,85.6,13,1,3.27,27.46,1411,108.78
10893,83.0,13,1,5.31,24.09,232,614.64
10894,39.7,6,0,17.12,84.33,87,1393.54
10895,66.8,10,1,8.12,40.18,1276,467.7
10896,20.5,3,0,19.41,93.19,1422,1243.81
10897,29.3,5,0,16.31,66.85,1471,1538.62
10898,89.6,14,1,2.94,25.75,576,185.18
10899,1.3,0,0,21.08,104.28,900,1064.51
10900,8.6,1,0,18.48,92.85,132,723.78
10901,20.8,3,0,15.97,68.19,1214,1526.8
10902,2.7,1,0,20.09,91.61,1253,929.18
10903,18.1,3,0,18.23,85.65,1213,661.17
10904,58.3,9,1,12.67,44.71,894,866.96
10905,42.1,6,0,16.04,59.27,1189,538.32
10906,89.3,13,1,7.43,29.36,427,868.19
10907,81.7,12,1,4.99,29.44,421,431.42
10908,34.2,6,1,13.93,60.01,135,609.34
10909,25.9,4,0,21.99,94.85,1107,1001.0
10910,38.0,6,0,15.75,67.05,1330,1280.23
10911,59.0,8,1,15.88,71.44,140,986.0
10912,26.8,4,0,18.77,86.38,253,1871.07
10913,62.4,9,1,11.12,76.11,104,879.84
10914,40.9,6,0,14.46,80.48,535,997.74
10915,55.2,8,1,11.65,66.68,1067,1359.18
10916,43.6,6,0,9.98,60.17,799,650.35
10917,29.4,5,0,15.62,64.49,511,1031.78
10918,94.8,14,1,8.19,26.48,1242,736.44
10919,76.4,11,1,7.35,23.66,393,755.97
10920,14.0,1,0,18.72,103.87,268,1616.65
10921,86.8,13,1,8.68,35.92,1454,806.15
10922,48.7,7,1,10.87,39.04,875,690.94
10923,89.5,12,1,5.68,22.74,1014,415.52
10924,80.0,12,1,5.97,26.15,1357,284.97
10925,42.5,6,1,11.98,60.32,1144,1092.84
10926,2.2,1,0,17.09,84.67,421,853.32
10927,26.9,4,0,14.17,59.32,1237,426.7
10928,54.2,8,1,14.71,77.81,1070,1677.51
10929,63.3,10,1,8.67,34.9,994,498.88
10930,25.8,3,0,16.38,76.98,41,781.27
10931,13.9,2,0,16.9,88.33,1219,914.85
10932,83.5,13,1,9.83,40.44,175,587.25
10933,98.4,15,1,7.86,31.75,1335,571.49
10934,52.6,9,1,13.84,72.64,198,501.58
10935,17.2,2,0,18.04,77.59,876,626.72
10936,27.2,5,0,15.45,70.12,199,870.79
10937,1.8,0,0,17.34,89.07,794,981.77
10938,91.4,14,1,10.17,70.38,1399,412.78
10939,11.8,2,0,16.71,86.56,528,1110.07
10940,57.7,8,0,12.68,65.83,1350,704.53
10941,27.4,4,0,18.01,92.02,1195,582.53
10942,55.4,8,1,10.58,39.52,926,1160.78
10943,65.1,9,1,12.3,60.25,1106,1349.82
10944,83.0,13,1,9.08,43.27,147,443.34
10945,20.6,3,0,20.36,101.1,394,909.25
10946,1.1,0,0,18.9,91.94,165,1497.94
10947,13.7,2,0,15.37,77.76,1467,1333.62
10948,90.0,14,1,5.49,23.08,1130,637.82
10949,87.4,13,1,7.31,35.7,586,467.56
10950,59.7,9,1,11.16,40.68,47,955.72
10951,60.1,9,1,10.21,45.65,432,1113.26
10952,66.5,10,1,6.21,44.41,234,437.78
10953,17.5,3,0,18.31,91.24,528,750.91
10954,91.4,14,1,10.23,48.88,353,654.42
10955,41.9,6,0,14.65,90.23,624,619.56
10956,38.3,6,1,15.47,59.97,591,487.27
10957,51.9,8,1,13.36,52.48,1334,1304.47
10958,4.7,1,0,20.09,114.42,1219,1033.79
10959,16.6,2,0,19.37,93.46,1296,584.6
10960,73.8,11,1,9.72,44.11,508,1054.8
10961,8.3,1,0,18.13,74.43,193,1268.03
10962,60.3,9,1,9.36,49.63,353,482.02
10963,24.5,4,0,15.82,81.65,580,848.76
10964,38.9,6,1,14.79,59.5,860,763.88
10965,28.9,4,0,15.04,70.72,669,714.55
10966,35.6,5,0,15.29,69.87,663,1616.31
10967,71.9,11,1,10.09,51.12,788,457.38
10968,29.7,5,0,17.21,70.86,237,1386.56
10969,56.6,9,1,14.07,80.68,344,520.01
10970,47.6,7,0,13.02,72.11,333,1503.25
10971,66.4,10,1,7.43,31.85,930,626.34
10972,93.7,14,1,5.26,22.98,268,585.35
10973,73.3,11,1,9.1,42.25,833,598.86
10974,21.5,4,0,13.1,54.71,1277,1348.78
10975,3.1,0,0,22.31,102.43,1141,2383.35
10976,26.2,4,0,16.35,75.64,1482,1524.89
10977,59.5,8,1,11.84,73.77,1273,454.24
10978,5.1,1,0,21.96,115.35,304,690.58
10979,49.6,8,0,11.29,64.01,983,509.97
10980,59.7,9,1,12.2,62.44,1119,495.67
10981,33.4,5,0,14.77,59.16,1476,1407.03
10982,77.1,11,1,8.07,38.3,284,646.65
10983,10.7,2,0,16.86,91.12,154,1303.88
10984,7.5,1,0,22.2,93.35,1199,1171.23
10985,72.8,11,1,8.33,46.67,644,365.81
10986,49.5,6,1,13.97,91.44,414,678.79
10987,68.8,10,1,5.92,39.57,476,390.87
10988,43.5,6,0,15.84,90.88,416,1530.35
10989,24.6,4,0,18.41,90.66,412,974.01
10990,81.9,13,1,7.91,48.13,1330,734.64
10991,79.9,12,1,7.55,28.7,1435,560.48
10992,69.5,11,1,10.38,58.18,153,1138.58
10993,27.2,4,0,20.5,105.27,1320,1044.73
10994,59.0,10,0,7.62,39.62,1164,537.8
10995,36.1,6,0,16.15,91.34,1434,625.0
10996,9.2,1,0,16.8,74.98,1211,1010.75
10997,91.7,14,1,6.2,27.8,757,468.84
10998,13.7,2,0,17.45,84.76,925,1674.27
10999,95.0,14,1,4.89,12.66,1171,233.87
11000,44.6,6,0,13.29,66.17,357,659.56
11001,18.5,3,0,14.95,53.71,723,1298.29
11002,54.2,8,0,13.93,77.86,1121,897.39
11003,87.3,14,1,3.32,16.43,1487,243.65
11004,73.2,11,1,10.1,43.01,388,1063.05
11005,80.7,12,1,7.25,26.04,1032,543.15
11006,65.9,10,1,7.78,34.88,826,690.28
11007,69.2,10,1,10.02,55.32,472,892.88
11008,84.9,13,1,4.15,25.67,193,424.65
11009,25.0,3,0,16.33,70.98,1002,1427.77
11010,48.9,7,1,9.81,38.2,390,351.52
11011,22.1,3,0,17.6,91.38,614,1070.0
11012,98.8,16,1,3.34,8.45,1172,397.59
11013,94.4,15,1,4.94,24.34,882,235.57
11014,3.9,1,0,20.0,97.3,1040,1656.11
11015,70.6,11,1,7.87,41.05,1248,833.15
11016,92.5,14,1,6.01,37.86,1053,497.57
11017,18.1,3,0,14.26,55.19,270,905.57
11018,56.8,9,1,12.74,41.08,695,474.19
11019,91.5,14,1,9.8,41.08,594,612.99
11020,3.4,1,0,25.08,139.3,1195,1163.36
11021,69.7,11,1,9.72,67.89,861,1132.16
11022,29.7,5,0,17.12,101.4,1005,1615.32
11023,92.4,13,1,2.57,10.31,60,250.43
11024,97.1,14,1,8.44,21.8,252,584.36
11025,94.4,14,1,7.39,10.87,295,294.84
11026,47.4,7,0,11.92,50.77,1335,643.73
11027,86.2,12,1,9.54,43.71,817,509.19
11028,84.5,14,1,6.82,46.39,410,503.39
11029,31.9,5,0,14.3,77.75,585,1022.28
11030,82.9,13,1,8.52,43.28,91,587.94
11031,3.7,1,0,17.32,73.79,742,1292.73
11032,59.6,9,1,13.1,52.79,876,1556.7
11033,23.0,3,0,14.44,71.98,550,820.94
11034,12.1,2,0,16.09,84.55,1124,1373.67
11035,7.7,1,0,17.03,85.86,631,877.99
11036,69.6,10,1,11.07,42.27,169,796.98
11037,34.0,5,0,13.67,72.45,1369,656.22
11038,72.5,11,1,6.43,35.34,1393,515.93
11039,6.5,0,0,17.81,74.25,619,959.09
11040,31.5,4,0,15.21,64.77,557,506.66
11041,53.9,8,0,9.55,53.07,570,987.23
11042,79.1,13,1,5.84,25.57,1469,242.61
11043,31.9,5,0,19.44,110.0,404,1227.12
11044,62.6,9,1,8.89,47.93,320,648.49
11045,88.6,13,1,6.06,23.98,72,417.67
11046,61.6,9,1,10.03,48.04,1106,955.96
11047,23.3,4,0,15.66,75.83,1285,1310.9
11048,2.4,0,0,20.88,92.58,1265,1181.46
11049,87.0,13,1,8.84,32.85,37,306.33
11050,2.1,1,0,19.07,98.9,512,1889.52
11051,87.5,13,1,4.41,30.04,71,272.22
11052,52.9,7,0,14.61,76.47,362,1608.2
11053,93.9,14,1,5.72,43.37,1286,374.98
11054,79.9,12,1,11.48,49.42,1123,1085.88
11055,99.8,14,1,0.54,20.17,1069,61.86
11056,35.1,4,0,15.13,63.16,98,1340.57
11057,76.7,11,1,12.33,48.55,82,828.75
11058,40.2,6,0,13.26,45.17,714,1074.93
11059,48.0,8,0,12.35,54.6,1023,974.54
11060,62.8,9,0,11.18,48.37,1432,923.85
11061,87.4,13,1,5.78,33.27,556,249.78
11062,98.4,15,1,4.61,24.69,92,428.11
11063,76.8,11,1,7.8,24.91,290,335.82
11064,41.8,6,0,12.48,55.78,1174,390.82
11065,42.1,6,0,16.14,73.57,887,1391.76
11066,73.8,11,1,9.86,28.68,1293,399.55
11067,23.9,3,0,16.92,70.92,1160,1680.78
11068,11.0,2,0,19.96,87.71,209,2154.42
11069,35.5,4,0,14.15,82.97,1069,1627.62
11070,28.7,4,0,14.14,69.88,384,1269.81
11071,29.6,5,0,14.35,75.83,963,1053.02
11072,23.4,3,0,16.5,63.46,1362,1018.14
11073,4.2,1,0,17.25,95.34,756,1279.66
11074,1.8,0,0,18.73,103.57,618,882.78
11075,98.8,15,1,4.15,-1.06,634,254.64
11076,42.8,6,1,17.83,78.18,210,1686.96
11077,38.4,5,0,8.69,46.92,203,430.75
11078,68.0,10,1,9.45,52.13,383,508.09
11079,21.8,4,0,20.18,89.74,383,1966.33
11080,95.0,14,1,5.99,25.54,1272,275.57
11081,78.6,12,1,9.71,40.34,1368,506.18
11082,8.9,1,0,18.86,91.69,463,595.59
11083,41.8,7,0,12.4,72.09,934,1175.58
11084,87.9,12,1,2.33,3.09,311,199.47
11085,94.5,15,1,6.24,40.46,288,577.17
11086,46.7,7,0,11.44,46.7,897,563.87
11087,61.3,9,0,9.2,35.26,588,845.15
11088,16.7,3,1,16.5,87.8,34,1380.62
11089,99.1,14,1,8.62,51.06,625,542.64
11090,23.2,3,0,21.33,111.32,423,1480.39
11091,94.3,14,1,6.29,16.38,365,510.2
11092,65.0,9,1,9.33,39.89,92,694.12
11093,60.8,10,1,8.53,49.59,73,748.63
11094,51.3,7,0,13.25,64.04,182,613.32
11095,23.1,3,0,20.11,85.25,883,1581.93
11096,17.7,3,0,16.86,85.74,1209,1189.05
11097,22.0,3,0,11.93,49.76,304,852.9
11098,18.6,3,0,18.54,107.83,1411,1339.41
11099,78.0,12,0,10.28,65.56,455,1123.94
11100,35.0,5,0,11.58,61.93,512,1200.57
11101,5.8,1,0,19.49,107.84,243,1689.03
11102,96.9,14,1,6.37,31.26,108,601.86
11103,88.4,13,1,6.6,39.72,168,223.42
11104,92.8,14,1,4.5,37.12,979,436.32
11105,99.5,16,1,7.11,36.71,127,524.4
11106,17.4,3,0,16.58,76.9,693,971.54
11107,39.6,6,0,11.09,35.33,227,472.21
11108,75.8,12,1,4.53,20.87,814,166.56
11109,69.6,10,0,12.08,66.63,185,411.2
11110,15.4,3,0,18.92,100.75,1103,843.11
11111,81.6,12,1,7.94,43.41,508,259.74
11112,22.4,4,0,15.75,69.92,257,1511.02
11113,22.4,3,0,15.58,54.03,551,816.01
11114,53.7,9,1,9.79,41.79,178,618.6
11115,59.3,9,1,10.24,45.96,1111,1065.42
11116,58.0,9,0,7.06,30.6,191,284.65
11117,9.1,1,0,17.16,88.86,892,1805.29
11118,87.7,13,1,6.22,50.71,1160,544.61
11119,26.6,4,0,17.24,84.05,1480,1047.89
11120,13.0,2,0,17.98,84.03,424,730.04
11121,88.9,13,1,8.26,36.93,830,315.82
11122,95.6,14,1,8.36,41.43,215,503.24
11123,86.2,13,1,9.18,35.37,587,391.35
11124,81.0,12,1,8.8,43.5,475,476.03
11125,65.5,10,1,10.2,53.69,859,354.61
11126,55.1,9,1,9.78,49.15,116,817.13
11127,8.7,1,0,20.18,101.67,1302,869.25
11128,40.8,6,0,17.23,87.26,1493,1690.36
11129,37.3,5,0,15.09,53.83,1310,749.0
11130,26.0,4,0,19.94,102.4,1330,2030.25
11131,72.3,11,1,6.1,22.23,467,287.25
11132,49.6,8,1,10.25,37.69,545,972.96
11133,8.1,1,0,20.49,86.76,976,1228.92
11134,22.0,4,0,17.23,87.26,1255,1421.14
11135,68.3,11,1,12.38,57.09,785,414.48
11136,7.6,1,0,18.83,72.72,826,1404.19
11137,85.1,13,1,5.5,31.42,1233,238.6
11138,49.5,8,0,12.15,43.2,715,896.29
11139,48.1,7,0,9.73,48.17,354,415.69
11140,59.2,9,1,8.86,45.03,652,614.33
11141,82.5,13,1,9.57,55.23,716,382.38
11142,34.8,6,0,16.53,98.05,429,823.12
11143,67.8,10,1,10.56,36.36,897,882.36
11144,56.6,9,1,8.07,38.19,246,951.45
11145,26.7,3,0,15.28,70.44,838,1076.12
11146,87.9,13,1,4.37,25.53,990,401.37
11147,79.7,12,1,10.39,52.14,1030,816.12
11148,65.8,9,1,8.96,39.31,1457,670.68
11149,85.1,12,1,5.07,19.71,961,181.62
11150,86.7,13,1,7.05,22.12,269,303.06
11151,70.8,11,1,8.09,49.2,1239,885.65
11152,83.7,12,1,10.41,54.79,77,696.58
11153,69.7,11,1,8.07,48.37,1439,688.29
11154,68.0,10,1,7.0,30.34,1261,542.79
11155,61.9,9,1,6.42,23.92,1210,411.52
11156,75.3,11,1,8.65,30.2,1278,561.42
11157,15.9,3,0,16.5,82.97,1197,1319.87
11158,88.1,14,1,3.93,7.95,1472,167.82
11159,87.2,13,1,9.3,64.05,1164,603.14
11160,2.9,0,0,20.9,86.59,904,1467.76
11161,82.6,13,1,7.56,39.16,161,897.08
11162,12.9,2,0,20.8,116.29,654,1281.92
11163,33.5,5,1,16.3,84.53,630,1434.6
11164,74.4,11,1,7.2,36.4,702,305.05
11165,16.1,2,0,15.51,64.28,363,556.71
11166,81.8,13,1,9.37,30.47,1128,1016.07
11167,83.2,13,1,8.31,47.97,1465,795.82
11168,50.7,7,0,12.73,76.92,65,745.66
11169,0.6,0,0,18.21,82.8,807,1373.25
11170,28.7,4,0,16.91,69.21,252,713.89
11171,61.7,9,1,9.24,18.54,559,865.27
11172,98.1,15,1,5.08,14.09,270,184.56
11173,63.2,9,0,13.42,63.22,163,1316.94
11174,26.0,4,0,14.78,87.73,420,1170.8
11175,63.4,10,1,7.34,42.3,131,404.41
11176,54.0,8,0,9.8,50.24,710,1054.79
11177,78.0,12,1,10.29,45.19,527,1221.9
11178,10.7,1,0,18.9,84.6,540,999.65
11179,76.1,12,1,8.33,54.74,732,854.34
11180,54.1,7,1,10.86,54.24,1023,1059.01
11181,96.3,14,1,6.53,9.27,978,635.02
11182,34.2,5,0,13.17,56.14,1396,1529.71
11183,63.3,10,1,11.12,44.36,870,820.61
11184,93.2,14,1,4.56,16.15,35,413.48
11185,10.3,1,0,16.67,85.93,987,1736.16
11186,93.7,14,1,4.67,21.29,223,341.65
11187,68.8,10,1,8.93,42.06,771,654.83
11188,6.8,1,0,18.88,104.42,1190,1107.86
11189,30.1,5,0,15.96,69.3,941,1600.38
11190,70.8,10,1,2.0,29.17,502,183.52
11191,6.7,0,0,17.37,76.33,245,1226.37
11192,58.2,9,1,10.48,51.24,1402,709.92
11193,34.6,5,0,17.82,82.58,905,651.02
11194,62.1,9,1,8.53,42.24,1236,260.89
11195,4.6,0,0,19.64,98.94,1221,1524.07
11196,87.2,13,1,9.92,52.17,67,670.34
11197,97.3,15,1,2.77,5.39,500,281.55
11198,96.9,15,1,6.25,18.21,481,492.74
11199,75.0,11,1,7.15,60.6,1195,817.27
11200,13.0,2,0,17.04,76.71,1042,812.0
11201,75.8,11,1,7.02,41.04,132,836.18
11202,2.5,0,0,18.17,70.34,71,1032.29
11203,2.2,0,0,25.11,117.59,976,2205.11
11204,32.4,4,0,16.83,79.45,1200,1265.06
11205,48.9,7,1,14.87,76.34,95,927.32
11206,77.0,12,1,9.43,16.68,972,401.13
11207,68.3,10,1,6.54,33.14,222,275.56
11208,44.6,7,1,14.1,55.61,1351,1325.9
11209,27.4,4,0,18.04,90.0,1091,1154.34
11210,99.7,15,1,3.34,5.15,531,389.17
11211,42.6,6,1,15.54,65.61,1481,921.65
11212,45.1,7,0,14.64,67.4,693,1735.09
11213,16.4,2,0,21.25,90.95,381,1030.37
11214,79.5,12,1,7.24,29.76,355,284.19
11215,69.4,10,1,7.4,22.99,1091,430.17
11216,22.1,3,0,15.97,57.41,1150,1751.95
11217,8.2,2,0,21.64,114.56,137,1665.56
11218,68.0,10,1,6.14,15.86,660,259.16
11219,65.5,10,1,6.05,27.16,180,291.76
11220,27.3,4,0,16.08,85.09,1127,932.86
11221,95.1,14,1,4.85,16.82,1110,403.11
11222,15.1,2,0,17.75,76.54,907,1063.48
11223,43.2,6,0,15.41,76.34,364,1498.39
11224,94.4,15,1,4.74,34.49,1305,405.11
11225,42.0,6,0,9.96,35.53,833,1082.1
11226,63.9,10,1,14.51,68.07,796,1089.51
11227,39.8,6,0,12.04,39.6,1307,720.06
11228,27.4,5,0,13.77,61.97,1438,1647.78
11229,98.4,15,1,7.45,36.12,288,461.95
11230,40.9,6,0,13.09,53.86,811,897.64
11231,89.4,14,1,6.46,26.21,63,664.23
11232,23.0,3,0,17.52,69.31,355,665.36
11233,21.3,3,0,18.97,91.87,866,1228.95
11234,3.1,0,0,18.87,101.66,1291,711.66
11235,65.2,10,0,13.26,52.13,720,564.05
11236,36.9,5,0,10.2,42.42,768,310.26
11237,86.4,13,1,8.55,46.32,773,263.84
11238,47.3,7,1,11.22,66.58,1357,720.61
11239,96.8,15,1,8.22,23.78,876,845.22
11240,18.6,3,0,17.5,82.23,146,1449.53
11241,86.9,13,1,5.62,29.95,1260,489.74
11242,77.7,12,1,9.68,45.39,679,742.77
11243,77.1,11,1,10.22,23.05,432,1060.65
11244,84.5,12,1,8.61,46.59,1026,940.51
11245,76.1,11,1,6.53,47.3,262,695.29
11246,62.6,10,0,9.64,47.5,958,993.81
11247,13.1,2,0,18.02,75.67,1337,836.92
11248,3.3,1,0,19.43,87.88,509,1621.41
11249,92.1,14,1,7.69,55.5,1005,633.62
11250,61.7,9,1,6.72,41.81,38,520.9
11251,79.7,13,1,8.72,48.58,744,638.94
11252,48.2,8,1,12.2,62.3,408,463.91
11253,11.7,2,0,16.56,72.55,410,649.06
11254,12.5,3,0,16.64,77.77,873,1850.46
11255,68.6,10,1,9.29,43.77,389,805.6
11256,43.0,6,1,6.34,36.2,205,339.88
11257,20.1,3,0,15.59,90.68,514,859.59
11258,49.2,8,0,10.87,63.92,1458,923.05
11259,6.4,1,0,20.1,81.58,62,1339.15
11260,58.2,9,1,9.66,48.72,725,673.49
11261,26.9,5,0,15.53,82.28,186,550.67
11262,79.8,12,1,11.12,59.87,594,472.45
11263,31.0,5,0,17.33,76.58,231,1133.41
11264,45.5,6,1,14.98,102.5,1228,1392.72
11265,1.2,0,0,18.83,76.97,1297,646.29
11266,7.2,2,0,20.0,84.63,1322,1202.2
11267,39.2,6,0,13.64,67.92,952,1262.47
11268,48.0,7,0,12.41,81.79,1499,1256.94
11269,60.0,9,1,11.82,47.96,103,556.96
11270,29.2,4,0,14.43,66.47,125,1382.88
11271,69.5,10,1,12.56,71.6,202,1456.8
11272,86.0,14,1,6.78,32.36,1459,756.74
11273,78.0,11,1,9.54,42.28,184,963.96
11274,4.0,1,0,22.32,113.08,1236,2100.52
11275,48.1,8,0,14.86,74.19,1376,760.27
11276,10.5,1,0,15.61,85.75,318,1358.87
11277,24.2,4,0,17.26,96.41,287,1517.06
11278,98.7,15,1,6.9,36.34,203,459.64
11279,14.2,2,0,19.65,97.38,359,1461.4
11280,49.9,9,0,10.29,51.64,1284,951.44
11281,61.8,9,1,9.41,50.3,788,1088.63
11282,70.2,11,1,11.45,55.54,1049,647.81
11283,56.0,8,1,10.08,48.38,190,525.9
11284,1.0,0,0,19.25,104.96,215,1620.13
11285,32.6,5,0,18.25,103.52,172,762.34
11286,51.8,7,1,12.14,42.44,1335,1000.68
11287,8.8,1,0,17.23,82.81,936,654.68
11288,35.1,5,0,12.99,55.12,669,963.24
11289,3.3,1,0,20.17,93.55,56,1731.34
11290,7.9,1,0,16.16,81.79,1299,586.77
11291,39.7,6,0,13.55,72.07,231,658.88
11292,13.3,2,0,18.68,88.49,1074,1124.23
11293,56.8,9,1,14.09,47.54,699,890.12
11294,68.9,10,1,10.99,42.62,1147,998.44
11295,80.1,12,1,6.56,40.9,1061,509.13
11296,20.0,3,0,19.35,64.11,501,1245.94
11297,16.7,3,0,16.89,93.54,1392,1191.77
11298,10.5,2,0,15.96,82.08,288,497.44
11299,63.6,9,1,10.11,62.35,84,1004.4
11300,70.6,11,1,12.28,56.86,940,413.72
11301,3.2,0,0,19.86,73.68,1059,2078.12
11302,93.6,15,1,5.98,33.22,1430,470.56
11303,5.2,1,0,22.49,121.34,583,1743.06
11304,54.1,9,1,9.02,53.01,1103,842.58
11305,70.9,10,1,6.79,25.63,141,728.98
11306,87.1,13,1,3.7,18.67,175,424.9
11307,71.4,11,1,10.03,42.55,259,791.4
11308,80.2,12,1,8.31,31.29,526,361.98
11309,33.9,5,0,17.99,96.38,1359,1962.29
11310,81.5,12,1,8.26,27.07,490,278.04
11311,8.0,2,0,17.99,76.97,836,1846.86
11312,89.5,14,1,6.58,19.99,255,600.35
11313,54.8,8,0,12.02,42.05,88,1339.33
11314,81.7,13,1,4.4,22.66,1129,487.4
11315,45.2,7,1,18.64,101.67,457,648.37
11316,64.4,10,1,11.39,52.73,757,966.44
11317,52.6,8,0,12.52,44.29,1185,516.08
11318,73.2,11,1,10.26,58.07,961,380.26
11319,8.2,1,0,20.19,114.61,527,1420.26
11320,6.0,1,0,18.81,83.5,845,729.52
11321,24.7,3,0,15.03,67.12,939,1435.53
11322,16.0,3,0,18.81,95.7,1358,2204.62
11323,87.2,12,1,7.69,53.94,96,624.91
11324,21.9,4,0,15.09,66.97,259,772.08
11325,97.6,15,1,8.2,25.37,1012,868.29
11326,33.7,5,0,15.53,81.17,362,1658.28
11327,18.2,2,0,18.73,98.29,306,1797.16
11328,79.0,12,1,10.94,52.58,750,933.86
11329,65.9,10,1,10.16,42.91,173,1098.31
11330,49.8,6,1,13.16,73.61,1304,588.2
11331,55.5,9,1,13.29,69.34,720,1512.99
11332,71.9,11,1,7.76,29.18,1133,894.33
11333,22.8,3,0,16.68,80.58,86,1809.43
11334,99.6,15,1,5.31,11.3,1419,279.09
11335,97.5,15,1,3.47,23.86,337,372.11
11336,65.0,9,1,14.88,68.67,203,1112.84
11337,20.0,3,0,14.19,63.54,779,1185.49
11338,68.0,11,1,7.2,34.21,1033,760.71
11339,7.2,1,0,21.55,103.86,707,703.88
11340,3.1,0,0,20.97,110.05,589,1314.08
11341,25.8,4,0,14.08,73.79,1427,1456.05
11342,46.3,7,1,14.28,66.9,378,1474.49
11343,86.8,13,1,9.91,55.59,1120,1054.24
11344,72.7,11,1,9.03,47.55,359,408.42
11345,74.3,11,1,14.06,63.01,223,1315.03
11346,42.5,7,0,10.17,47.51,1208,439.19
11347,34.6,6,0,16.2,76.2,1213,1630.67
11348,37.1,6,0,16.77,85.8,295,873.07
11349,98.8,14,1,6.97,29.6,197,671.93
11350,4.0,1,0,18.99,87.05,174,1347.34
11351,86.7,14,1,6.41,51.44,215,761.28
11352,57.9,8,1,12.21,68.48,915,1003.55
11353,43.9,6,0,15.05,64.25,894,1308.33
11354,72.5,11,1,10.33,55.58,803,652.18
11355,48.7,7,1,14.78,72.19,1476,1420.46
11356,87.3,13,1,4.86,27.44,1036,362.26
11357,90.1,14,1,6.03,30.39,815,190.7
11358,42.2,7,1,11.79,69.08,486,999.47
11359,27.7,4,0,15.08,76.01,374,1579.5
11360,59.2,9,1,13.15,62.47,764,674.75
11361,91.2,13,1,6.53,42.29,583,325.82
11362,21.1,3,0,22.05,108.29,1050,1869.83
11363,62.3,10,1,11.04,54.27,817,1143.94
11364,63.2,10,1,10.65,54.42,965,558.76
11365,73.3,11,1,9.22,43.27,734,1050.19
11366,13.2,2,0,16.75,80.5,1157,1900.54
11367,71.6,10,1,9.15,37.76,276,439.64
11368,90.9,14,1,8.62,33.49,841,463.24
11369,18.0,3,0,17.53,73.66,1076,1631.23
11370,23.8,3,0,14.85,56.66,982,1717.49
11371,97.1,15,1,3.58,7.95,844,336.12
11372,18.1,3,0,16.38,76.79,173,1147.27
11373,85.4,13,1,7.33,36.27,759,331.39
11374,49.2,7,0,15.0,69.15,892,1072.36
11375,24.7,3,0,13.61,40.59,1246,1151.53
11376,87.1,13,1,6.3,46.77,494,376.65
11377,44.5,7,1,13.61,76.74,404,1033.31
11378,51.5,8,0,8.61,46.01,706,359.2
11379,35.9,6,0,12.94,82.14,721,914.82
11380,59.3,9,1,9.75,36.54,658,372.16
11381,16.4,2,0,15.96,96.43,1319,549.31
11382,39.1,6,0,14.52,59.56,1431,1555.84
11383,96.9,14,1,5.14,27.18,585,249.07
11384,25.8,5,0,15.02,58.72,892,1228.09
11385,65.7,10,1,11.0,52.95,103,477.49
11386,32.5,6,0,18.57,93.19,467,995.86
11387,77.3,12,1,11.68,54.44,910,730.24
11388,13.1,2,0,14.19,75.61,255,609.19
11389,97.0,14,1,6.61,32.77,337,225.64
11390,45.4,7,0,12.84,56.15,995,1398.85
11391,23.6,4,0,16.77,74.54,377,520.96
11392,7.3,1,0,18.1,95.39,505,642.89
11393,17.0,2,0,17.69,78.05,1368,1812.46
11394,52.0,8,1,12.51,69.66,554,692.81
11395,33.7,5,0,13.79,79.03,1478,1310.79
11396,82.9,12,1,5.77,10.17,553,249.04
11397,43.1,7,0,12.64,72.57,591,649.13
11398,24.9,3,0,16.74,101.99,1302,1365.15
11399,61.7,9,1,11.94,59.96,598,1420.59
11400,70.7,10,1,11.11,59.62,1235,406.74
11401,16.7,2,0,16.51,90.14,135,1090.48
11402,16.8,2,0,18.05,83.75,220,611.49
11403,3.7,0,0,21.37,104.49,1190,1024.27
11404,73.6,12,1,11.29,40.39,729,1260.78
11405,66.4,10,1,9.93,49.12,1173,384.11
11406,47.5,7,1,12.44,64.94,860,1332.54
11407,84.4,13,1,7.72,42.48,101,355.14
11408,80.6,12,1,5.62,38.16,784,604.49
11409,58.5,9,0,10.83,43.85,1184,849.31
11410,86.8,13,1,8.47,35.06,486,923.56
11411,20.6,4,0,18.2,107.26,934,794.49
11412,11.2,2,0,17.78,83.77,508,1752.81
11413,27.0,3,0,16.39,80.77,81,1495.8
11414,5.7,0,0,17.49,83.25,1033,1379.33
11415,53.1,8,1,13.44,55.88,603,1383.69
11416,93.7,14,1,5.8,44.89,1172,512.4
11417,3.9,1,0,18.86,84.99,1317,2054.5
11418,12.2,2,0,17.44,71.88,1292,1121.32
11419,45.2,8,1,13.09,58.1,1404,1087.69
11420,93.4,14,1,5.1,3.46,922,552.61
11421,31.6,5,0,16.57,72.7,284,817.45
11422,50.7,8,1,11.6,45.51,714,855.11
11423,4.2,1,0,22.56,114.77,1362,2627.49
11424,14.8,2,0,20.71,92.34,86,1504.05
11425,98.7,14,1,3.42,25.74,979,180.42
11426,96.5,15,1,5.66,41.85,1456,348.64
11427,0.5,0,0,18.62,97.58,1120,2041.82
11428,95.2,14,1,5.07,22.07,1099,587.81
11429,63.9,9,1,14.42,70.7,635,1665.65
11430,86.8,13,1,6.37,14.56,398,591.8
11431,45.5,7,0,13.9,65.32,261,1054.51
11432,51.6,8,0,13.35,55.05,1455,620.0
11433,48.9,8,1,10.67,58.51,937,438.43
11434,66.7,9,1,8.29,66.81,1076,293.29
11435,14.0,2,0,15.49,79.6,603,489.4
11436,3.0,1,0,17.78,64.44,1320,1938.56
11437,30.8,6,0,9.68,42.67,870,995.28
11438,70.5,10,1,10.52,51.78,147,853.21
11439,20.2,3,0,21.08,102.1,1108,2527.18
11440,67.3,10,1,10.19,41.24,1206,1179.74
11441,97.0,15,1,2.62,15.15,1292,233.07
11442,9.4,1,0,17.31,70.04,1318,1243.06
11443,67.3,10,1,8.99,33.23,297,392.82
11444,44.4,6,1,11.31,61.07,142,864.12
11445,86.8,13,1,8.7,31.1,195,384.51
11446,17.7,3,0,18.96,96.66,697,1248.72
11447,69.3,10,1,7.3,20.66,1061,838.32
11448,83.8,13,1,8.88,61.15,743,539.71
11449,94.5,14,1,8.88,34.49,1270,388.51
11450,68.3,10,1,13.56,62.74,460,1117.56
11451,49.7,8,1,18.27,91.17,1345,1538.57
11452,61.8,9,1,8.93,36.93,922,423.66
11453,86.9,13,1,12.61,62.03,1103,601.41
11454,57.1,9,1,10.73,57.55,136,1277.51
11455,3.0,1,0,18.36,98.21,1062,952.8
11456,93.1,14,1,6.69,40.42,774,705.38
11457,69.0,10,1,8.49,38.95,729,614.07
11458,67.7,10,1,10.65,49.58,352,736.44
11459,21.6,3,0,14.12,92.44,338,798.44
11460,65.9,10,1,9.64,56.25,879,960.57
11461,39.4,6,0,16.66,70.29,651,1820.26
11462,65.1,10,1,10.12,49.63,1024,541.43
11463,10.7,1,0,18.68,86.14,174,720.28
11464,65.8,10,1,11.08,51.76,769,468.94
11465,99.9,15,1,7.35,22.37,850,744.94
11466,4.8,1,0,15.97,72.33,441,1105.51
11467,97.7,15,1,6.51,50.27,143,272.59
11468,40.7,7,1,13.36,70.21,604,809.96
11469,87.1,13,1,7.27,8.74,428,554.56
11470,78.2,12,1,10.38,62.6,1328,1107.39
11471,56.7,9,0,9.11,55.17,153,799.47
11472,73.8,11,1,6.9,29.35,115,316.32
11473,87.9,14,1,2.95,21.69,76,130.64
11474,40.4,6,0,12.84,52.61,973,861.69
11475,32.7,5,0,17.76,80.31,1254,652.99
11476,66.8,10,1,9.74,62.49,1329,954.54
11477,80.8,12,1,5.2,22.11,1183,343.88
11478,76.2,12,1,7.59,16.8,833,462.02
11479,79.8,12,1,5.06,23.62,418,383.65
11480,43.6,6,0,11.22,53.03,605,1052.5
11481,81.8,12,1,8.51,53.43,1316,691.36
11482,12.0,2,0,15.85,76.23,661,1620.13
11483,54.4,8,1,14.06,63.06,1331,1218.2
11484,0.6,0,0,19.77,105.87,743,1995.14
11485,32.5,5,0,15.3,74.71,1099,1418.47
11486,36.6,5,0,13.95,59.08,1221,660.97
11487,39.6,6,0,15.6,87.01,1498,541.51
11488,69.5,10,1,11.13,55.46,651,1238.83
11489,38.9,6,0,14.84,71.26,75,1708.22
11490,44.9,6,1,14.4,70.99,753,1374.1
11491,23.8,4,0,16.01,65.61,569,1523.81
11492,37.3,5,0,15.49,68.81,116,841.31
11493,22.7,2,0,15.92,76.45,832,1254.81
11494,7.3,2,0,18.91,88.72,1438,2255.99
11495,60.3,9,0,10.4,63.28,294,1113.35
11496,66.8,10,1,9.06,45.77,1075,520.0
11497,61.9,9,1,9.33,53.76,732,532.69
11498,46.3,6,1,13.98,67.2,261,1027.84
11499,38.0,6,0,16.92,92.31,215,1123.72
11500,86.3,14,1,9.39,49.25,355,595.36
11501,51.9,8,0,9.7,46.7,1236,838.35
11502,47.9,8,1,15.39,73.73,426,477.62
11503,2.6,0,0,18.98,81.08,1456,1873.34
11504,34.1,5,0,16.08,82.51,1470,1553.4
11505,38.0,6,0,12.48,59.48,1255,1307.02
11506,39.9,6,0,14.3,63.37,1118,1511.95
11507,58.0,9,1,11.92,68.83,985,965.23
11508,53.4,8,1,9.03,30.22,584,904.87
11509,60.8,9,1,12.1,53.64,762,899.22
11510,76.5,11,1,11.22,64.65,1070,1297.45
11511,81.3,12,1,7.46,39.12,826,351.83
11512,71.8,10,1,11.95,56.86,1236,1343.25
11513,95.6,14,1,5.29,28.03,420,281.79
11514,1.8,0,0,21.43,104.75,73,841.02
11515,19.6,3,0,12.63,44.7,930,878.03
11516,0.8,0,0,24.72,114.99,511,2109.67
11517,64.7,10,1,13.28,80.72,1316,674.48
11518,89.8,14,1,5.96,21.69,1227,476.93
11519,24.3,4,0,12.4,56.18,1494,1273.61
11520,92.7,13,1,6.67,26.33,595,354.43
11521,6.0,1,0,16.21,76.89,249,1332.93
11522,93.4,14,1,6.87,26.85,1447,415.9
11523,35.2,5,0,15.55,79.75,801,1207.91
11524,10.1,1,0,16.6,81.75,1248,1494.38
11525,48.6,8,1,14.95,79.88,438,919.99
11526,25.7,4,0,17.76,74.21,500,2122.38
11527,28.5,4,0,17.68,81.29,1400,1427.48
11528,30.7,4,0,15.41,71.6,1114,1605.75
11529,80.3,12,1,5.12,29.36,195,487.74
11530,53.9,8,1,13.87,58.25,701,1480.66
11531,31.1,5,0,14.79,80.61,1204,675.05
11532,61.0,9,1,8.07,51.19,140,403.74
11533,71.6,11,1,11.96,47.02,578,883.45
11534,27.3,5,0,20.11,91.37,1056,2145.93
11535,41.4,7,0,13.71,60.22,1066,655.13
11536,12.2,2,0,22.49,135.59,1215,2640.23
11537,18.1,3,0,17.47,79.34,373,724.73
11538,68.1,10,1,9.02,60.91,361,412.73
11539,18.1,3,0,16.02,63.6,293,721.72
11540,52.5,8,0,15.4,63.53,112,1274.2
11541,70.9,11,1,7.8,30.23,806,878.11
11542,10.7,2,0,19.87,86.5,953,1052.32
11543,56.7,8,1,10.37,46.96,363,827.25
11544,25.7,3,0,15.23,65.66,1433,697.83
11545,96.3,15,1,7.62,27.97,1272,661.43
11546,48.4,7,0,11.99,69.72,687,492.7
11547,80.6,12,1,7.1,46.93,483,526.95
11548,55.0,8,0,14.01,77.22,702,1246.42
11549,4.3,1,0,22.54,113.69,770,1851.02
11550,63.3,9,0,11.79,57.57,1142,502.25
11551,95.1,15,1,4.42,16.0,362,196.79
11552,60.2,8,1,9.95,37.75,339,899.73
11553,81.9,12,1,7.87,41.59,756,809.05
11554,88.4,13,1,7.38,23.1,1473,824.54
11555,22.8,3,0,14.6,59.64,383,1507.09
11556,21.2,3,0,18.27,99.8,853,2149.52
11557,61.1,10,1,11.01,72.8,1153,734.84
11558,41.1,5,0,10.4,54.05,174,621.97
11559,84.0,13,1,5.54,38.21,1063,180.25
11560,90.0,13,1,5.49,23.77,1097,386.99
11561,35.3,5,0,14.55,55.79,1439,1289.47
11562,23.7,4,0,20.23,103.53,939,2091.51
11563,78.1,11,1,8.77,48.07,790,474.2
11564,27.5,4,0,14.2,68.91,524,1082.37
11565,82.3,12,1,8.1,36.34,1222,725.6
11566,42.4,7,0,12.94,72.22,671,1030.6
11567,66.8,9,1,10.64,40.72,560,581.6
11568,9.6,1,0,19.73,86.58,1389,2005.86
11569,62.4,10,0,13.06,52.1,542,595.57
11570,45.2,8,0,13.17,64.11,159,1467.77
11571,58.7,9,0,14.48,58.08,1037,1675.82
11572,16.8,2,0,19.3,85.46,1303,1214.0
11573,73.7,12,1,7.53,28.73,763,480.84
11574,86.3,14,1,11.48,52.37,976,1112.36
11575,21.7,4,0,17.4,67.9,1191,1236.55
11576,9.6,1,0,16.89,81.99,1328,550.19
11577,2.4,0,0,22.95,123.26,1031,2588.51
11578,64.2,10,1,14.53,71.17,493,999.19
11579,60.7,9,0,10.83,68.17,170,523.25
11580,54.7,9,1,10.79,65.8,1309,863.31
11581,23.2,4,1,16.18,85.83,911,804.17
11582,39.1,5,0,15.57,75.52,485,755.8
11583,59.4,9,1,13.64,65.71,463,1079.14
11584,49.7,8,0,13.69,73.73,202,892.5
11585,98.8,15,1,5.39,21.76,502,439.66
11586,13.6,3,0,20.95,80.79,1476,2508.01
11587,69.5,10,1,8.95,48.13,1049,960.44
11588,40.4,6,0,16.0,64.92,946,491.05
11589,42.8,6,0,13.0,52.3,468,449.15
11590,71.8,10,1,10.1,48.48,1045,857.56
11591,69.2,11,1,9.39,44.07,1110,810.95
11592,99.1,16,1,5.02,9.27,527,547.37
11593,12.8,1,0,17.32,84.87,198,1500.17
11594,10.4,2,0,21.13,111.57,1018,1066.94
11595,72.4,11,1,7.67,24.97,590,553.52
11596,57.8,9,1,9.84,60.59,457,1011.64
11597,27.4,4,0,20.13,80.24,448,2275.78
11598,7.9,1,0,20.76,121.88,1400,1065.45
11599,8.6,1,0,13.94,62.59,484,1095.19
11600,89.4,13,1,5.46,27.74,743,241.9
11601,19.2,2,0,13.5,44.93,231,1008.85
11602,32.3,5,0,13.25,62.95,208,504.96
11603,22.7,4,0,10.32,51.94,86,1184.28
11604,35.5,5,0,14.4,68.22,975,1258.92
11605,6.9,1,0,16.67,74.1,530,1781.68
11606,51.9,8,1,12.33,49.25,768,1477.71
11607,6.8,1,0,15.74,87.42,141,730.96
11608,80.0,12,1,8.16,39.49,1201,754.58
11609,23.4,3,0,15.66,91.35,744,1719.92
11610,54.0,9,1,14.9,65.99,1431,1219.33
11611,88.0,13,1,9.62,41.61,906,842.45
11612,65.1,10,1,11.81,65.25,1401,787.61
11613,53.3,7,0,11.35,37.44,1411,1029.77
11614,32.4,5,1,19.11,78.99,1109,1253.65
11615,33.3,5,0,11.9,68.64,842,867.46
11616,66.9,10,1,7.15,22.01,1369,280.72
11617,99.4,15,1,4.92,4.52,993,151.06
11618,66.2,10,1,14.58,89.6,1238,509.77
11619,55.8,9,1,11.23,39.27,1107,531.48
11620,73.1,11,1,8.67,43.55,66,616.39
11621,46.5,8,1,10.14,49.4,1042,323.36
11622,6.0,0,0,20.99,71.24,1323,924.28
11623,56.2,8,1,13.47,61.85,892,1351.45
11624,95.8,14,1,7.21,39.32,761,710.87
11625,17.5,2,0,16.11,81.05,1281,1628.33
11626,69.0,10,1,8.24,49.04,1481,930.61
11627,20.1,4,0,14.4,65.05,839,586.32
11628,53.6,8,1,12.13,65.71,1054,542.0
11629,9.7,2,0,16.39,71.43,52,983.72
11630,45.0,7,0,10.89,37.46,825,1223.63
11631,75.6,12,1,7.81,23.86,525,779.38
11632,34.8,5,1,13.81,50.94,929,817.15
11633,66.5,10,1,8.95,53.56,454,339.09
11634,79.5,12,1,9.0,27.3,729,769.27
11635,92.7,14,1,6.25,32.88,47,331.96
11636,23.5,4,0,15.9,73.53,1498,1237.08
11637,39.9,6,0,14.38,67.95,656,1650.28
11638,15.2,2,0,15.73,89.82,1092,1282.55
11639,99.2,15,1,5.32,20.93,1263,601.93
11640,92.7,14,1,6.4,37.14,240,418.39
11641,54.0,9,0,8.89,43.07,594,773.44
11642,84.2,13,1,9.36,43.33,1001,1033.81
11643,52.1,8,1,10.42,74.17,1334,864.01
11644,62.4,9,1,10.83,36.85,162,924.24
11645,8.9,1,0,20.99,114.29,478,1982.88
11646,75.5,12,1,10.52,57.39,293,1150.78
11647,12.8,1,0,18.15,82.08,140,688.54
11648,82.6,12,1,6.88,50.13,879,414.98
11649,78.2,12,1,10.16,29.36,1291,668.44
11650,70.9,11,1,10.72,45.98,930,1199.29
11651,3.6,0,0,18.22,74.77,788,2114.26
11652,30.3,5,0,13.86,70.85,890,565.96
11653,26.3,4,0,11.91,45.48,926,484.97
11654,36.0,6,0,14.91,76.12,891,1701.79
11655,8.8,1,0,18.52,86.94,1226,1048.59
11656,93.7,14,1,8.22,34.42,222,425.49
11657,55.4,9,0,12.41,63.65,544,412.09
11658,30.6,5,0,18.09,84.01,819,991.4
11659,39.7,5,0,12.65,49.29,997,1169.08
11660,44.7,7,1,15.57,104.15,1462,1064.1
11661,60.1,8,0,9.93,42.55,113,759.83
11662,51.6,8,1,13.82,43.05,827,1555.53
11663,91.9,15,1,3.29,6.95,109,132.66
11664,49.7,7,1,13.02,49.19,1262,474.08
11665,99.2,15,1,1.15,14.19,551,122.67
11666,85.1,13,1,6.69,35.49,1252,667.24
11667,20.9,3,0,17.75,89.39,263,953.82
11668,93.1,14,1,5.0,20.11,273,295.91
11669,11.6,2,0,16.15,74.59,1446,935.49
11670,81.7,12,1,9.43,41.37,1499,832.7
11671,38.1,6,0,14.08,66.73,878,499.97
11672,87.8,13,1,5.85,36.85,422,433.17
11673,86.8,13,1,7.06,37.42,38,296.86
11674,80.6,12,1,13.18,68.52,642,1367.77
11675,79.0,12,1,10.46,55.45,836,672.16
11676,30.5,5,0,17.75,94.49,744,1375.3
11677,8.1,1,0,19.66,97.39,1206,641.67
11678,40.3,6,0,14.29,72.36,139,503.63
11679,17.4,2,0,12.6,72.96,863,1143.51
11680,69.5,10,1,8.22,32.47,295,813.86
11681,34.6,5,0,13.85,57.49,1426,1300.56
11682,97.6,15,1,1.62,-4.68,1205,156.06
11683,64.1,9,0,8.07,40.66,1005,318.09
11684,82.2,12,1,3.7,-1.7,984,341.92
11685,13.3,2,0,17.94,90.96,1468,831.65
11686,86.2,13,1,8.71,40.66,936,338.13
11687,92.3,14,1,8.37,52.09,1379,821.47
11688,48.7,7,1,13.52,57.84,701,1487.83
11689,60.6,9,1,8.98,40.97,205,848.64
11690,76.5,12,1,4.66,34.15,554,477.66
11691,17.5,3,0,13.86,81.05,1368,1652.08
11692,50.3,7,1,9.92,40.47,1120,417.91
11693,39.9,6,0,12.24,60.66,981,1430.41
11694,14.6,2,0,17.48,87.0,1237,1470.2
11695,36.8,6,0,12.46,63.73,1088,1285.78
11696,6.8,0,0,19.66,91.61,534,1740.21
11697,2.6,0,0,19.15,105.37,878,1556.96
11698,13.5,3,0,17.99,66.51,992,1678.93
11699,96.3,14,1,7.83,33.16,1129,460.59
11700,55.0,8,0,9.4,49.82,501,1063.93
11701,96.6,15,1,6.35,35.28,552,256.39
11702,43.2,7,1,13.48,78.91,909,790.24
11703,31.2,5,0,14.66,82.95,1336,480.92
11704,50.6,7,0,14.18,65.07,303,771.66
11705,44.0,7,1,15.17,86.46,83,753.03
11706,10.6,2,0,16.52,71.8,1108,569.39
11707,64.1,10,0,10.02,57.87,917,744.08
11708,21.6,3,0,17.32,102.15,774,1250.11
11709,62.0,10,1,10.16,61.52,306,375.89
11710,65.0,10,1,11.42,55.93,1496,611.73
11711,15.2,2,0,18.28,84.26,912,2116.81
11712,6.1,1,0,22.74,93.1,1471,908.83
11713,78.1,12,1,5.23,28.36,661,300.47
11714,46.0,7,0,12.86,50.02,1278,427.31
11715,5.8,1,0,17.31,74.76,599,751.25
11716,99.5,15,1,6.29,17.69,1308,584.63
11717,5.8,1,0,15.9,71.49,205,1001.77
11718,69.5,10,1,10.27,49.0,595,725.95
11719,98.4,14,1,3.98,21.98,1199,175.63
11720,23.9,3,0,14.94,65.41,800,1365.41
11721,14.2,2,0,14.97,83.08,1438,1461.63
11722,12.1,2,0,17.25,80.61,291,798.68
11723,30.3,5,0,17.62,76.3,560,599.95
11724,10.1,1,0,18.43,90.84,1424,687.16
11725,69.2,11,1,10.87,72.79,920,968.89
11726,6.2,1,0,22.39,110.99,1250,944.77
11727,50.9,8,1,12.89,58.06,977,959.7
11728,99.7,15,1,3.93,2.83,614,171.89
11729,81.4,12,1,8.72,39.55,844,395.13
11730,61.5,10,1,9.68,48.93,1337,294.2
11731,30.6,5,0,14.4,65.05,331,847.79
11732,62.4,10,1,7.6,18.99,1185,289.42
11733,52.7,8,0,13.95,58.03,1173,913.12
11734,42.6,6,0,12.84,76.9,1189,1076.0
11735,13.1,2,0,18.4,103.38,657,1160.63
11736,88.7,13,1,4.63,12.91,602,432.71
11737,45.0,7,1,14.13,74.89,558,1366.8
11738,19.5,3,0,15.56,62.31,63,1442.33
11739,36.8,6,0,14.2,82.91,561,1623.12
11740,41.4,7,0,15.54,77.17,1261,798.08
11741,82.8,12,1,9.17,53.99,1352,431.46
11742,73.4,11,1,8.95,24.95,1147,759.62
11743,76.9,11,1,4.92,30.73,1467,411.01
11744,1.1,0,0,25.82,123.86,400,1959.97
11745,41.6,6,0,17.25,91.75,438,524.26
11746,48.1,8,1,14.23,77.91,1436,1137.99
11747,1.9,0,0,18.21,88.1,1494,2075.06
11748,26.0,4,0,15.88,69.92,646,954.58
11749,76.0,11,1,7.51,44.23,100,879.3
11750,13.7,2,0,20.47,97.62,113,1271.35
11751,53.5,8,1,12.5,50.84,238,532.34
11752,21.5,2,0,15.2,63.3,288,1001.02
11753,1.2,1,0,18.88,75.11,1292,1406.84
11754,24.1,4,0,18.62,84.02,1355,1613.46
11755,97.6,16,1,8.56,52.67,1285,645.76
11756,80.2,13,1,11.03,54.81,961,863.7
11757,96.0,14,1,7.12,28.61,311,229.02
11758,48.8,7,0,12.18,66.91,423,643.42
11759,11.0,2,0,11.87,48.23,447,688.02
11760,54.8,9,1,12.37,60.38,1259,1470.03
11761,45.4,6,0,13.18,61.38,1317,746.0
11762,84.4,12,1,7.61,44.71,1364,842.37
11763,9.8,1,0,18.64,72.91,888,1070.43
11764,48.8,8,0,10.02,39.17,655,387.27
11765,15.0,2,0,18.86,73.33,1132,986.11
11766,32.5,5,0,16.39,75.95,1395,894.15
11767,73.7,11,1,10.3,62.16,591,1215.84
11768,47.6,6,1,14.75,65.49,861,1337.62
11769,37.6,6,1,15.57,69.37,1148,1772.66
11770,39.4,6,0,13.26,72.8,970,1394.28
11771,45.9,6,1,12.97,73.48,1404,1064.5
11772,78.5,12,1,8.41,39.44,91,763.5
11773,89.2,14,1,6.83,39.97,1195,588.99
11774,95.5,14,1,7.67,25.51,763,690.02
11775,78.7,12,1,9.48,59.97,1164,510.3
11776,31.5,5,0,19.42,115.78,811,1295.92
11777,68.8,10,1,14.09,73.1,1210,1174.2
11778,43.8,6,0,13.6,43.39,568,451.98
11779,25.5,4,0,8.51,34.99,626,625.1
11780,84.1,13,1,9.86,53.76,38,1058.72
11781,3.8,1,0,18.34,83.61,305,1362.9
11782,90.2,14,1,4.87,36.73,256,388.18
11783,46.1,7,1,12.28,65.12,215,591.55
11784,63.7,9,1,9.55,38.42,620,969.24
11785,65.9,9,1,11.33,54.72,1269,705.85
11786,89.5,13,1,3.45,7.17,462,400.52
11787,63.7,10,1,8.29,37.87,598,990.11
11788,61.4,9,1,11.48,49.28,685,1290.81
11789,6.7,1,0,20.25,109.53,385,762.19
11790,51.8,8,1,13.51,87.07,872,810.42
11791,15.0,3,0,16.17,62.59,421,1860.56
11792,73.7,11,1,6.98,13.31,608,714.81
11793,51.2,7,1,11.3,51.67,1328,1265.67
11794,68.0,9,1,10.28,33.4,449,838.13
11795,4.2,1,0,22.35,107.77,193,1636.82
11796,8.5,2,0,14.63,78.09,808,579.12
11797,71.6,11,1,8.81,57.98,667,929.92
11798,7.2,1,0,16.25,80.11,1236,1577.27
11799,7.1,1,0,15.63,73.0,1363,551.72
11800,1.2,0,0,21.75,83.63,46,1062.43
11801,95.7,14,1,6.74,32.63,475,540.24
11802,73.8,11,1,9.84,47.98,199,901.31
11803,35.3,5,0,16.54,86.1,1333,701.14
11804,29.7,4,0,14.59,62.59,369,759.18
11805,35.0,5,0,13.89,62.1,755,658.11
11806,77.5,12,0,12.75,45.68,1064,634.95
11807,66.1,10,1,9.59,21.97,162,1082.37
11808,18.5,3,0,18.69,78.07,930,1764.78
11809,17.4,3,0,17.4,67.03,669,1676.31
11810,9.8,1,0,14.83,74.72,1201,1504.65
11811,66.0,10,1,6.01,23.41,852,373.17
11812,76.4,11,1,7.38,29.77,983,730.96
11813,26.5,3,0,18.14,76.74,108,2141.56
11814,2.1,1,0,21.26,68.11,375,1974.11
11815,8.2,1,0,20.6,114.72,638,1390.66
11816,96.8,14,1,3.51,6.35,1302,331.6
11817,29.5,4,0,18.8,85.91,668,2088.14
11818,76.9,12,1,6.53,16.07,1077,271.57
11819,62.5,9,1,11.06,63.29,1254,595.87
11820,38.2,6,0,14.25,69.91,160,1606.5
11821,20.6,3,0,16.57,70.86,385,1908.22
11822,12.1,1,0,20.86,96.01,973,1534.72
11823,61.5,9,1,9.36,62.55,179,596.32
11824,77.5,11,1,5.68,26.5,1357,314.96
11825,64.4,10,1,10.38,47.92,79,777.33
11826,53.0,8,1,11.25,44.12,493,1283.71
11827,4.2,1,0,26.13,105.53,1293,1136.21
11828,96.8,15,1,6.83,31.1,484,462.97
11829,79.9,12,1,7.2,37.98,1336,806.72
11830,29.3,4,0,13.5,76.35,364,829.18
11831,98.0,15,1,1.54,-16.22,1405,152.66
11832,60.2,9,1,8.92,31.0,697,580.1
11833,58.2,9,1,11.49,49.05,356,1177.07
11834,74.8,11,1,11.63,55.79,1045,1375.72
11835,81.2,12,1,10.07,46.81,365,653.58
11836,65.6,10,1,10.61,49.65,695,1125.28
11837,12.8,2,0,17.43,87.95,1024,2073.43
11838,33.8,5,0,15.46,64.72,110,1832.7
11839,92.8,13,1,5.04,34.0,116,347.96
11840,22.5,3,0,20.07,100.89,287,1479.53
11841,37.2,5,0,14.04,64.03,1020,804.58
11842,43.2,7,0,13.35,80.89,214,777.79
11843,43.9,6,0,8.98,59.45,727,667.41
11844,61.3,9,1,10.42,59.81,152,500.65
11845,94.3,14,1,7.53,4.45,1149,707.83
11846,24.1,3,0,14.25,84.98,634,1115.32
11847,12.2,2,0,16.68,88.41,544,1848.58
11848,19.7,3,0,18.62,110.44,933,1916.97
11849,88.7,13,1,3.74,30.95,1496,220.74
11850,64.6,10,1,12.43,76.24,1424,938.74
11851,28.6,4,0,14.65,79.55,334,1429.05
11852,81.6,12,1,6.98,47.67,1410,330.77
11853,86.1,12,1,4.83,44.12,1201,158.64
11854,84.7,12,1,8.06,40.96,1338,860.06
11855,91.9,14,1,11.14,36.96,686,472.11
11856,25.2,4,0,17.78,82.12,291,1956.64
11857,75.5,11,1,6.95,37.45,520,779.96
11858,46.1,6,1,15.36,74.51,767,1097.67
11859,84.2,12,1,6.74,19.26,1084,691.59
11860,72.8,11,1,11.82,39.61,731,740.96
11861,77.6,12,1,9.97,40.07,916,1069.22
11862,65.6,10,0,4.27,28.98,1321,445.03
11863,17.7,2,0,15.33,90.18,41,568.23
11864,54.5,9,1,13.71,75.43,1244,1130.17
11865,98.5,14,1,5.53,37.65,1453,484.43
11866,93.7,14,1,3.89,17.82,120,117.0
11867,4.3,1,0,18.09,68.54,629,2138.11
11868,16.5,3,0,13.72,61.08,330,913.63
11869,13.2,2,0,17.85,82.96,1164,1366.61
11870,72.6,11,1,13.53,59.72,109,643.11
11871,81.8,13,1,9.34,45.41,865,793.74
11872,21.4,3,0,21.18,106.3,681,2180.6
11873,50.6,7,0,14.18,77.02,462,1173.12
11874,84.1,12,1,9.44,42.39,446,952.71
11875,73.3,11,1,12.96,42.22,1267,1241.56
11876,54.2,8,1,12.62,55.51,47,648.53
11877,59.0,8,1,10.77,52.15,1107,745.53
11878,50.8,8,0,14.44,82.15,775,626.36
11879,29.8,4,0,18.44,82.55,269,622.8
11880,56.5,8,1,10.56,56.07,875,376.74
11881,68.9,11,1,8.22,42.5,447,943.86
11882,87.3,13,1,7.18,34.92,885,851.61
11883,63.6,10,1,12.12,67.95,1497,467.2
11884,76.1,12,1,10.18,41.93,628,612.5
11885,16.0,3,0,14.75,64.76,1176,594.39
11886,46.2,7,0,16.9,81.0,449,1775.86
11887,0.9,0,0,18.58,82.46,245,1387.31
11888,24.7,3,0,15.77,81.03,1473,1354.86
11889,72.6,11,1,7.3,27.55,738,573.72
11890,99.2,15,1,10.52,52.87,580,988.07
11891,9.9,2,0,19.0,90.15,995,1115.72
11892,40.1,6,1,12.28,61.2,1281,520.36
11893,80.0,12,1,9.73,41.88,1290,307.33
11894,20.4,3,0,18.48,85.14,1383,1295.68
11895,55.5,8,1,11.3,55.25,862,1262.27
11896,73.3,11,1,10.69,53.43,709,614.4
11897,61.6,9,1,9.11,43.68,516,433.96
11898,18.8,3,0,16.19,95.62,652,1835.04
11899,35.5,5,0,10.65,40.72,1468,420.57
11900,78.4,11,1,5.6,26.21,248,194.11
11901,55.4,8,0,15.3,56.92,750,1669.95
11902,0.5,0,0,23.2,115.27,410,2159.5
11903,76.1,11,1,8.72,30.15,116,592.84
11904,3.5,0,0,22.8,106.52,844,2227.81
11905,74.6,11,1,8.49,36.85,440,821.23
11906,20.2,4,0,16.48,82.05,720,553.82
11907,95.8,14,1,5.74,21.75,1042,521.55
11908,36.8,6,0,14.23,62.05,554,1247.67
11909,32.7,4,0,14.67,85.49,476,1712.58
11910,14.9,2,0,20.05,99.23,329,2345.77
11911,30.6,4,0,15.72,69.56,437,1006.11
11912,87.7,13,1,8.28,37.11,404,687.95
11913,99.6,15,1,7.12,51.45,262,304.18
11914,36.8,6,0,15.25,70.73,667,548.71
11915,44.9,7,0,11.33,47.15,679,781.21
11916,72.2,11,1,6.46,23.82,990,594.9
11917,88.6,13,1,7.0,27.83,1102,567.69
11918,59.3,9,1,10.76,45.41,215,738.88
11919,39.2,6,0,14.3,55.2,1258,1481.91
11920,41.3,6,1,13.78,54.34,107,1398.65
11921,69.6,10,1,14.73,62.0,1439,1412.24
11922,0.3,0,0,17.29,89.2,223,638.57
11923,62.0,9,1,6.73,28.3,1156,684.32
11924,35.5,6,0,15.33,71.41,1429,1728.43
11925,79.4,11,1,7.33,48.52,316,259.11
11926,9.3,1,0,19.24,105.95,279,1272.73
11927,58.8,9,1,12.34,56.27,1254,1467.87
11928,48.1,8,0,15.35,67.06,565,1288.35
11929,64.2,10,0,7.35,26.2,329,560.23
11930,6.5,1,0,17.91,93.24,1136,823.33
11931,58.0,8,1,12.16,56.22,838,983.67
11932,56.1,8,1,13.12,58.92,487,912.02
11933,56.1,8,1,15.98,68.16,720,662.69
11934,60.3,9,1,12.86,53.65,1351,923.22
11935,67.6,11,1,9.74,50.11,1417,436.31
11936,80.5,12,1,6.14,15.66,747,587.96
11937,27.0,4,0,14.82,81.58,69,1743.25
11938,82.5,13,1,6.44,25.31,1393,465.37
11939,49.8,7,0,13.84,64.86,137,1202.88
11940,7.7,1,0,19.36,78.89,1369,1331.73
11941,5.9,2,0,16.47,78.93,1167,699.33
11942,33.4,5,0,14.11,64.28,1220,1655.81
11943,78.5,12,1,9.98,47.38,290,415.79
11944,70.8,10,1,10.09,63.88,1277,404.07
11945,78.9,12,1,9.31,46.55,1315,664.04
11946,51.7,7,0,13.01,54.1,1304,1161.79
11947,44.0,7,1,16.65,72.45,555,1031.35
11948,14.7,2,0,18.26,93.9,739,864.18
11949,32.8,4,0,14.31,82.32,155,1484.04
11950,43.4,7,0,11.66,58.93,1259,730.84
11951,8.9,2,0,19.17,99.25,1193,910.36
11952,22.1,3,0,11.81,63.09,1115,742.35
11953,59.8,8,1,10.66,66.07,1336,525.64
11954,73.6,11,1,8.55,20.57,83,656.22
11955,99.8,15,1,2.3,18.05,375,207.34
11956,93.3,14,1,4.15,30.25,165,423.13
11957,64.3,10,1,11.98,43.45,359,604.76
11958,42.1,6,0,14.14,58.57,1197,636.67
11959,63.6,10,1,10.66,42.23,1489,338.61
11960,78.6,12,1,8.83,34.73,1335,446.16
11961,11.8,2,0,18.41,83.31,165,591.91
11962,41.0,6,1,16.34,80.98,842,998.25
11963,84.0,12,1,7.65,45.81,881,329.81
11964,38.4,6,0,11.33,65.74,1454,931.22
11965,57.2,9,1,14.68,61.67,900,947.38
11966,58.8,9,1,11.92,48.35,921,458.0
11967,18.4,2,0,16.05,90.86,664,1059.11
11968,36.2,6,0,12.06,64.68,698,589.03
11969,33.5,5,0,15.77,76.57,1323,1438.48
11970,2.6,1,0,19.37,97.95,1070,1216.42
11971,2.4,1,0,22.79,109.08,298,985.27
11972,83.2,13,1,6.83,38.29,890,419.8
11973,27.3,4,0,14.23,64.78,511,714.26
11974,51.8,8,0,14.02,70.12,1272,1424.71
11975,29.9,5,0,17.37,67.52,1372,2058.4
11976,94.1,14,1,6.23,22.68,1291,201.19
11977,25.9,4,0,17.46,76.7,314,1608.1
11978,43.0,6,0,13.48,60.77,1090,724.63
11979,87.3,13,1,7.38,25.7,132,265.51
11980,84.2,13,1,9.7,40.96,1483,303.53
11981,18.6,3,0,18.46,72.71,821,2017.51
11982,80.3,11,1,7.62,42.34,268,471.1
11983,45.8,7,1,15.83,75.12,770,1891.83
11984,48.3,8,0,8.03,20.64,674,560.61
11985,13.3,2,0,22.1,97.31,1178,1036.13
11986,8.1,1,0,15.38,77.36,911,1537.12
11987,72.8,11,1,7.83,31.88,636,887.8
11988,49.6,7,0,12.47,52.54,217,1289.47
11989,43.7,7,1,13.15,62.34,917,1276.44
11990,73.0,11,1,11.07,56.74,1309,665.56
11991,76.6,12,1,6.4,15.64,1016,229.15
11992,15.9,3,0,18.14,92.85,953,872.84
11993,61.0,9,1,9.69,38.11,823,680.36
11994,13.5,2,0,18.56,88.9,559,2154.04
11995,75.1,11,1,8.6,40.91,705,817.49
11996,65.7,10,1,10.33,44.05,421,1079.95
11997,95.7,15,1,4.55,11.09,1306,250.05
11998,6.9,1,0,17.95,83.16,701,1643.22
11999,5.7,1,0,19.72,111.72,890,2122.26
12000,28.2,5,0,17.65,70.42,1229,1291.05
12001,26.2,4,0,14.88,89.19,495,1022.11
12002,24.7,4,0,14.56,67.16,868,1379.51
12003,90.6,13,1,7.63,37.0,1017,613.39
12004,25.0,4,0,16.19,66.3,1342,1932.85
12005,27.2,4,0,17.58,76.29,1103,1200.0
12006,75.9,11,1,6.8,27.36,33,311.68
12007,45.0,8,0,9.7,35.58,881,703.0
12008,77.7,12,1,7.28,32.75,1276,372.51
12009,6.5,1,0,17.49,79.68,1315,1408.17
12010,48.8,7,0,12.53,79.58,564,517.76
12011,3.4,1,0,18.22,75.21,932,2104.37
12012,6.3,1,0,20.54,99.67,1429,2205.67
12013,90.6,14,1,5.83,30.59,1114,256.53
12014,13.9,2,0,18.21,76.17,1409,828.83
12015,53.2,8,1,12.33,66.4,675,938.55
12016,41.1,7,0,14.22,64.07,53,1415.73
12017,34.7,5,0,14.74,44.58,1346,732.83
12018,90.0,13,1,7.52,43.02,586,266.87
12019,2.2,1,0,18.08,75.06,720,1430.09
12020,66.4,11,1,12.84,50.63,385,1184.41
12021,96.3,16,1,5.08,31.61,899,264.12
12022,56.0,8,1,8.97,39.41,970,866.31
12023,93.7,14,1,6.32,39.97,604,730.33
12024,5.2,0,0,17.51,96.75,58,741.32
12025,41.9,7,0,15.05,65.47,386,1143.69
12026,26.0,4,0,20.52,106.83,394,720.58
12027,73.1,12,1,7.46,27.88,637,362.55
12028,98.1,14,1,5.95,52.01,438,226.6
12029,25.7,3,0,12.64,53.4,1319,838.8
12030,65.4,10,1,11.1,64.05,1344,1153.01
12031,19.8,2,0,15.26,82.11,596,1250.43
12032,56.5,9,1,10.27,52.61,1206,513.84
12033,46.4,6,0,10.84,44.99,248,364.33
12034,97.2,15,1,6.88,31.43,202,549.06
12035,60.9,8,1,12.89,39.26,637,540.76
12036,35.0,5,0,14.8,73.4,1065,900.52
12037,11.4,2,0,16.56,83.16,1415,1257.19
12038,15.1,2,0,20.91,101.77,887,2328.03
12039,22.5,3,0,15.12,41.36,686,564.95
12040,25.1,4,0,11.91,43.88,998,1073.98
12041,85.1,13,1,8.16,31.31,1135,255.14
12042,56.1,9,0,9.37,48.04,1393,812.3
12043,52.3,7,1,14.13,70.86,470,1125.28
12044,11.5,2,0,17.52,82.31,646,1805.75
12045,86.0,12,1,8.31,46.56,255,646.93
12046,72.3,11,1,11.96,46.63,400,738.36
12047,6.8,1,0,16.57,85.94,57,859.11
12048,70.8,11,1,8.25,44.58,1037,310.8
12049,54.4,8,1,11.7,60.12,1024,913.95
12050,8.2,1,0,21.85,102.97,45,2402.39
12051,45.8,6,0,11.81,75.91,1330,901.42
12052,48.5,7,0,11.54,60.57,362,1113.83
12053,16.6,2,0,18.47,78.49,512,1050.19
12054,94.6,14,1,4.66,24.98,595,327.75
12055,85.0,13,1,7.56,44.19,1341,447.66
12056,66.9,10,1,6.86,26.75,143,273.26
12057,46.2,7,0,17.49,95.39,67,1181.08
12058,41.2,6,0,11.13,57.44,483,1099.49
12059,65.1,11,1,9.59,21.44,771,628.6
12060,54.5,8,0,11.75,59.55,195,1040.06
12061,6.2,0,0,22.89,105.61,723,2249.52
12062,51.3,8,1,9.66,52.01,234,570.39
12063,80.6,12,1,11.87,66.89,907,1208.08
12064,45.9,7,0,14.63,72.27,274,885.16
12065,5.2,0,0,20.05,113.73,1386,1063.65
12066,78.6,12,1,6.24,28.08,972,312.13
12067,20.1,4,0,18.12,93.54,1449,869.6
12068,25.9,4,0,14.67,78.87,850,1413.32
12069,16.5,3,0,20.06,95.27,536,2204.11
12070,33.0,4,0,13.1,71.06,953,664.93
12071,75.7,11,1,8.42,34.17,1174,317.2
12072,51.9,7,0,11.1,48.84,1312,646.45
12073,20.5,3,1,14.95,57.98,439,1333.63
12074,87.8,14,1,8.32,42.47,339,525.55
12075,88.0,13,1,7.88,41.24,97,625.88
12076,87.1,13,1,9.36,57.31,143,907.8
12077,23.9,4,0,12.86,70.03,249,858.57
12078,45.1,6,0,15.36,70.74,249,1842.78
12079,98.5,15,1,10.24,36.78,759,581.79
12080,77.2,12,1,7.52,40.64,778,887.68
12081,2.7,0,0,23.38,123.89,972,1128.62
12082,6.5,1,0,18.5,96.73,415,739.7
12083,46.4,7,1,10.3,60.83,1351,1005.02
12084,90.9,13,1,5.75,25.38,959,535.95
12085,53.9,8,1,14.02,62.4,1306,1444.13
12086,49.8,9,0,10.86,44.39,434,661.63
12087,10.5,2,0,17.22,82.07,521,1959.17
12088,65.7,10,1,11.34,53.61,386,462.14
12089,82.2,12,1,7.67,38.99,1481,251.0
12090,38.0,6,1,15.46,72.85,244,882.0
12091,77.6,12,1,8.84,41.03,1433,899.55
12092,96.4,15,1,6.49,23.0,781,587.79
12093,20.4,3,0,16.08,87.07,856,1113.68
12094,52.3,8,1,12.61,61.33,1267,669.12
12095,28.7,5,0,13.84,64.6,1151,489.03
12096,79.3,12,1,10.68,43.42,557,644.81
12097,57.8,9,1,10.07,34.35,945,719.02
12098,63.5,9,1,12.74,74.89,695,1169.94
12099,79.8,12,1,7.56,42.11,739,666.32
12100,39.6,6,0,14.46,52.36,564,1666.67
12101,91.5,13,1,5.28,33.36,583,206.11
12102,53.3,8,0,9.97,57.54,357,600.9
12103,15.8,2,0,14.14,69.18,931,1037.06
12104,69.6,10,1,7.45,52.54,1218,673.2
12105,79.3,12,1,7.45,38.04,1169,555.7
12106,31.7,5,0,15.67,60.34,179,1757.36
12107,85.7,12,1,9.16,47.8,1085,776.59
12108,90.6,14,1,5.52,29.07,686,185.31
12109,27.7,4,0,14.08,61.25,835,566.42
12110,98.4,14,1,2.36,17.35,322,230.84
12111,14.1,1,0,18.85,72.97,948,1779.83
12112,20.2,3,0,19.74,105.15,718,864.9
12113,18.4,3,0,19.77,85.68,986,697.92
12114,89.4,13,1,8.01,28.11,1230,657.5
12115,65.4,10,1,11.46,53.81,1114,999.5
12116,15.2,1,0,21.11,105.87,445,890.36
12117,44.0,6,0,14.06,69.21,1436,1021.12
12118,61.5,9,1,12.06,50.09,627,693.75
12119,8.3,2,0,18.11,81.61,36,2061.24
12120,88.2,13,1,4.04,7.5,947,200.9
12121,80.4,13,1,6.58,29.22,114,631.64
12122,50.5,7,0,12.4,70.81,803,950.24
12123,96.7,15,1,5.61,26.88,986,174.12
12124,41.8,6,0,17.59,93.46,1451,1346.16
12125,98.4,15,1,5.4,41.2,1446,210.34
12126,66.8,10,1,12.34,53.06,1100,1102.15
12127,63.5,10,1,9.61,44.17,1394,777.42
12128,16.6,2,0,16.89,103.87,635,522.55
12129,88.2,13,1,4.11,34.89,455,199.02
12130,42.7,7,0,12.1,40.52,455,1208.31
12131,16.2,2,0,18.62,93.44,765,1020.74
12132,1.3,0,0,19.83,95.19,820,1485.97
12133,56.0,9,0,13.49,73.43,544,783.5
12134,52.7,7,1,12.45,51.94,1182,1406.07
12135,71.9,11,1,8.5,31.98,1302,665.48
12136,89.0,13,1,10.94,45.41,770,1013.65
12137,7.9,1,0,18.62,83.37,160,698.49
12138,73.1,11,1,11.35,63.04,352,381.7
12139,18.7,2,0,16.39,66.27,852,874.09
12140,85.8,13,1,8.55,34.5,572,494.38
12141,81.9,13,1,9.57,27.15,95,879.4
12142,54.1,8,1,12.31,69.66,747,999.84
12143,71.0,11,1,4.64,35.62,1154,295.62
12144,31.4,5,0,15.32,70.1,60,1361.5
12145,47.1,7,0,15.39,70.74,914,688.25
12146,82.2,13,1,8.73,46.66,220,311.78
12147,45.9,7,0,14.0,82.68,444,1496.68
12148,35.8,5,0,11.19,58.0,776,903.65
12149,49.4,8,1,11.15,46.2,1099,985.87
12150,82.8,12,1,8.4,23.32,1142,484.28
12151,33.5,6,1,15.79,64.08,404,1002.29
12152,17.4,2,0,19.82,95.9,1299,741.53
12153,71.2,11,0,9.03,36.46,587,967.37
12154,82.6,12,1,8.42,42.46,1310,701.55
12155,10.1,1,0,18.52,83.09,1405,694.99
12156,24.0,3,0,14.43,58.15,1158,1477.74
12157,14.2,2,0,13.36,51.77,1390,934.8
12158,34.8,5,0,15.64,91.48,1354,1546.16
12159,45.0,7,1,13.59,74.57,1130,423.14
12160,74.9,11,1,7.53,54.31,1283,245.38
12161,65.1,10,1,6.99,39.22,607,317.14
12162,62.1,9,1,11.95,52.85,61,585.34
12163,35.2,5,0,14.18,81.96,87,1400.36
12164,84.1,12,1,8.49,40.4,1157,794.69
12165,47.1,7,1,16.66,82.29,341,1423.56
12166,97.9,15,1,1.03,4.49,1120,112.93
12167,63.4,9,1,9.09,12.69,719,474.89
12168,12.6,3,0,17.69,101.76,1427,1970.6
12169,67.6,10,1,12.77,66.45,264,1428.36
12170,32.5,5,0,11.85,60.34,672,818.64
12171,68.6,11,1,13.58,64.54,1165,522.76
12172,7.0,2,0,19.23,94.02,1442,1834.36
12173,17.5,3,0,17.18,76.19,1461,1036.36
12174,85.6,13,1,6.77,38.97,1107,687.45
12175,22.7,3,0,15.72,61.73,831,703.19
12176,83.7,13,1,9.54,47.75,268,749.43
12177,27.9,5,0,13.67,71.51,1348,1035.18
12178,64.3,10,1,11.05,50.95,141,431.26
12179,69.4,11,1,8.82,46.23,1141,553.01
12180,51.3,8,1,10.79,41.38,505,406.01
12181,30.5,5,0,20.59,88.69,333,1478.91
12182,21.3,3,0,17.65,87.21,1358,1868.45
12183,3.3,0,0,20.73,106.63,319,1126.02
12184,30.4,4,0,17.72,65.37,237,1751.4
12185,65.3,10,1,7.36,40.81,897,342.3
12186,93.8,14,1,9.43,39.56,611,854.7
12187,87.1,13,1,1.91,7.14,399,214.68
12188,76.6,12,1,6.97,19.39,249,412.3
12189,78.8,12,1,7.26,25.91,1284,806.13
12190,66.5,10,1,11.19,63.86,831,844.71
12191,26.0,4,0,16.53,79.69,848,967.21
12192,90.7,13,1,6.06,25.07,378,670.76
12193,67.1,10,1,9.92,46.39,284,326.2
12194,56.0,8,1,9.64,51.41,481,313.51
12195,11.1,2,0,15.34,78.26,171,1288.32
12196,44.7,7,0,14.75,70.01,1122,1500.19
12197,46.0,7,0,14.48,80.98,118,1413.82
12198,86.5,13,1,10.2,59.15,900,378.95
12199,54.7,8,1,10.22,53.4,1189,1180.64
12200,38.0,6,1,15.68,75.84,552,1462.56
12201,97.7,15,1,4.78,29.85,689,551.71
12202,11.1,1,0,20.72,102.76,980,1235.3
12203,42.3,6,0,15.71,86.55,939,1452.46
12204,4.2,1,0,19.79,104.44,471,2125.34
12205,74.0,11,1,8.22,28.76,67,528.07
12206,91.8,14,1,8.15,27.72,1261,952.22
12207,28.0,5,0,17.09,74.67,239,920.29
12208,85.8,13,1,5.76,37.9,542,336.41
12209,29.2,4,0,12.96,45.66,1413,1462.27
12210,91.1,14,1,5.76,31.79,1054,675.47
12211,75.4,11,1,11.72,60.06,1010,652.42
12212,80.5,12,1,10.22,61.26,410,432.05
12213,1.8,0,0,17.51,85.94,857,1721.5
12214,96.3,15,1,3.22,1.35,888,366.02
12215,72.7,11,1,11.65,45.85,423,979.35
12216,30.5,5,0,13.16,50.76,1103,1146.32
12217,82.9,13,1,8.58,35.54,425,846.54
12218,28.2,4,0,14.55,67.92,61,636.96
12219,87.3,13,1,10.14,36.43,574,1192.59
12220,11.3,1,0,16.77,95.94,741,1052.98
12221,70.4,10,1,11.73,42.39,1287,1015.13
12222,54.1,8,1,12.26,72.98,1079,884.87
12223,9.7,1,0,19.06,103.93,1487,1374.92
12224,24.2,4,0,12.43,69.1,1114,1159.06
12225,1.2,1,0,15.41,66.68,582,1841.8
12226,46.9,7,0,12.53,63.74,1494,1119.12
12227,30.1,4,0,15.97,63.24,1183,1620.4
12228,59.8,9,1,8.77,51.66,1407,284.9
12229,29.7,5,0,13.36,63.35,227,1375.26
12230,30.0,5,0,16.62,75.48,828,947.3
12231,74.3,12,1,9.98,35.05,723,413.2
12232,4.8,0,0,19.0,65.19,1424,763.8
12233,90.3,13,1,8.02,27.59,176,731.33
12234,85.2,13,1,4.87,35.06,527,583.36
12235,66.8,10,1,9.27,40.27,77,833.91
12236,59.3,8,1,14.4,67.34,799,772.0
12237,89.2,12,1,6.75,39.28,680,326.01
12238,18.5,3,0,17.47,102.82,1225,1351.06
12239,7.9,1,0,23.43,126.38,642,840.05
12240,24.0,3,0,13.61,55.12,728,897.44
12241,79.5,12,1,9.67,26.02,1368,869.92
12242,3.5,0,0,22.81,134.26,405,2670.81
12243,58.3,9,0,10.61,74.75,835,724.76
12244,99.5,15,1,6.79,34.57,950,326.06
12245,85.6,13,1,5.2,11.62,904,538.53
12246,52.1,7,0,10.8,61.95,839,1047.36
12247,6.4,1,0,19.82,94.0,1473,2128.14
12248,83.1,12,1,9.13,42.64,934,450.33
12249,59.9,9,1,13.26,73.04,1449,880.93
12250,11.5,2,0,21.42,106.33,1240,2534.84
12251,9.4,2,0,18.46,76.16,1035,816.37
12252,91.0,13,1,8.74,38.54,62,790.36
12253,66.9,10,1,9.28,51.49,98,476.5
12254,82.9,13,1,9.36,50.29,621,702.13
12255,87.9,14,1,7.23,37.46,1244,737.79
12256,57.2,8,0,12.31,68.89,130,910.6
12257,51.7,8,1,13.09,59.03,1338,1341.64
12258,43.0,6,0,10.33,51.46,943,706.26
12259,31.7,4,0,13.0,26.96,762,1559.24
12260,43.5,7,0,13.69,60.99,419,947.68
12261,77.4,12,1,5.02,32.12,189,218.09
12262,60.2,10,1,12.63,56.52,921,835.71
12263,89.3,13,1,8.36,35.23,1100,809.53
12264,44.3,7,1,14.0,56.26,1212,1488.4
12265,60.7,10,1,8.65,52.06,1499,617.69
12266,63.1,10,1,13.29,69.55,725,1109.75
12267,59.2,9,1,15.2,81.63,787,1611.81
12268,70.3,11,1,9.75,28.67,552,1006.39
12269,23.7,3,0,17.46,82.12,761,1557.35
12270,51.2,8,1,12.72,58.11,184,1314.64
12271,10.4,1,0,19.5,90.65,368,1595.72
12272,38.5,6,0,13.99,60.68,1418,425.55
12273,48.8,7,1,12.62,56.94,824,425.47
12274,65.2,9,1,12.03,66.67,1201,1421.74
12275,95.1,15,1,10.43,29.98,928,449.0
12276,60.1,9,1,8.19,57.97,1197,543.87
12277,74.4,12,1,8.64,46.55,132,985.33
12278,50.6,8,0,10.05,47.8,841,477.91
12279,63.4,9,1,13.67,75.14,122,1448.22
12280,7.1,1,0,17.76,70.0,1004,1840.72
12281,25.4,4,0,13.3,56.86,1339,1579.64
12282,36.2,6,0,15.85,74.81,1477,877.32
12283,47.2,7,0,16.4,93.06,148,957.42
12284,4.6,0,0,20.64,98.58,58,2296.39
12285,14.0,2,0,18.31,92.61,1042,935.04
12286,27.7,5,0,16.67,73.83,1083,1322.12
12287,97.2,15,1,8.26,44.76,901,773.64
12288,33.1,5,0,13.28,81.36,1419,723.36
12289,48.2,8,1,12.55,70.69,829,1436.44
12290,19.6,3,0,16.15,76.66,1191,1452.09
12291,61.1,9,1,8.5,47.89,504,291.06
12292,28.1,4,0,15.13,78.69,592,638.73
12293,20.7,3,0,19.11,97.05,1445,901.43
12294,51.7,8,1,13.38,75.9,464,696.38
12295,0.6,0,0,21.21,113.41,833,2031.09
12296,0.8,1,0,20.18,95.53,1287,766.92
12297,21.9,3,0,17.76,91.99,84,1093.19
12298,3.7,0,0,17.85,81.66,960,1999.64
12299,10.8,2,0,17.76,75.56,1345,1422.58
12300,33.9,5,0,15.3,70.61,781,824.59
12301,80.3,12,1,8.52,40.1,341,989.47
12302,57.2,8,1,12.06,40.44,1142,626.98
12303,51.3,8,0,12.03,66.78,1265,1340.85
12304,29.3,5,0,14.84,42.18,986,1414.54
12305,93.2,14,1,12.34,87.74,347,1192.62
12306,39.7,5,0,15.86,91.9,786,1567.67
12307,8.7,1,0,19.52,90.96,494,1475.54
12308,61.7,10,1,10.28,49.44,1140,1062.05
12309,11.4,2,0,17.39,86.65,1462,1830.43
12310,34.5,5,1,14.56,63.7,1293,909.18
12311,50.7,7,0,12.97,64.28,729,856.42
12312,87.4,13,1,3.13,13.51,1110,344.26
12313,49.4,7,1,9.46,44.42,1166,730.55
12314,70.2,10,1,8.19,41.22,764,884.72
12315,99.3,15,1,5.52,12.7,1123,476.98
12316,13.1,2,0,17.55,84.66,768,1464.04
12317,27.5,4,0,18.84,92.15,797,617.73
12318,39.5,6,1,11.12,54.73,1237,611.72
12319,42.2,7,0,12.17,56.15,773,915.0
12320,41.1,6,0,16.87,92.92,305,1397.82
12321,90.8,14,1,6.65,28.21,262,576.82
12322,71.4,11,1,11.06,55.47,83,1044.73
12323,60.8,9,1,14.98,85.53,286,1334.13
12324,30.9,5,0,13.97,66.22,119,1486.02
12325,82.4,12,1,7.44,37.96,1488,421.05
12326,95.5,14,1,5.13,23.61,437,450.11
12327,82.1,13,1,3.77,31.09,1322,130.46
12328,0.2,0,0,19.36,90.22,395,1417.48
12329,63.6,10,1,12.22,72.13,380,661.38
12330,5.1,1,0,20.31,96.4,1352,1305.52
12331,25.8,3,0,17.37,74.35,1212,1075.54
12332,6.0,1,0,18.36,95.26,516,650.66
12333,60.4,10,1,9.63,43.02,871,693.34
12334,68.7,10,1,12.24,65.27,1013,1462.88
12335,11.4,1,0,17.29,54.33,1408,983.87
12336,38.4,6,0,14.83,71.24,650,1427.43
12337,45.6,6,0,13.48,59.88,959,1068.98
12338,36.9,5,0,17.39,72.31,430,1030.71
12339,12.1,2,0,20.13,90.81,1458,766.24
12340,41.9,6,0,11.13,47.4,1149,550.12
12341,75.1,11,1,6.36,30.02,599,638.33
12342,7.1,1,0,20.09,82.08,1004,1107.2
12343,8.0,1,0,18.67,92.94,421,802.57
12344,35.5,5,0,13.77,80.44,381,823.68
12345,94.2,14,1,7.91,40.92,835,653.08
12346,66.9,10,1,10.35,58.17,605,965.78
12347,67.9,10,1,9.92,59.11,806,643.44
12348,36.2,5,0,16.13,90.41,662,1207.06
12349,59.4,9,0,10.34,69.27,1341,733.55
12350,1.0,0,0,22.99,105.11,552,708.33
12351,63.6,10,1,8.88,35.08,755,582.56
12352,91.3,14,1,7.61,44.75,191,630.56
12353,61.3,9,1,13.68,73.1,688,1112.12
12354,87.4,14,1,4.14,28.02,1235,403.56
12355,72.4,10,1,8.45,60.4,879,763.32
12356,12.1,2,0,20.48,98.42,111,1124.61
12357,90.2,14,1,8.78,46.62,553,465.41
12358,6.6,1,0,18.66,79.27,33,1339.28
12359,53.4,8,0,10.52,72.92,524,1009.58
12360,14.2,2,0,19.78,91.41,1104,760.43
12361,1.2,1,0,22.19,103.28,1314,2559.6
12362,42.2,6,0,11.34,50.79,1187,894.54
12363,29.5,4,0,13.17,56.44,1415,758.29
12364,48.6,8,1,13.16,55.51,597,1216.05
12365,57.7,8,1,12.6,54.98,1270,428.72
12366,4.4,1,0,18.75,75.66,907,1379.92
12367,12.3,3,0,19.51,85.4,1121,1438.61
12368,55.9,8,1,10.2,69.42,1041,454.69
12369,34.3,5,0,10.62,58.7,1044,1118.98
12370,72.9,10,1,8.21,49.13,893,835.06
12371,65.2,10,1,10.34,61.99,1196,452.33
12372,84.6,13,1,6.76,51.71,1399,424.15
12373,69.2,11,1,7.3,16.44,808,284.98
12374,43.0,6,0,9.92,34.7,1247,1055.24
12375,67.3,9,1,8.88,34.18,1034,524.8
12376,27.5,4,0,17.66,79.84,1299,1228.05
12377,30.6,4,0,17.92,82.86,343,1059.94
12378,78.9,12,1,10.54,45.9,759,610.29
12379,44.6,7,0,11.67,58.32,413,1134.99
12380,79.8,12,1,5.72,27.83,306,556.45
12381,82.2,13,1,8.66,33.98,1125,663.36
12382,85.8,13,1,8.41,17.52,1182,750.05
12383,91.7,13,1,7.05,23.41,1411,536.15
12384,43.1,6,1,9.51,39.88,727,309.77
12385,31.9,5,0,13.48,62.11,1273,484.48
12386,58.2,8,1,11.21,41.95,1059,723.46
12387,37.1,5,0,15.41,68.81,780,1502.12
12388,60.1,9,0,12.52,48.22,1012,1404.62
12389,70.6,10,1,9.7,45.24,653,316.94
12390,68.8,10,0,10.34,38.36,257,652.69
12391,37.5,6,0,14.55,60.93,46,729.54
12392,16.7,2,0,18.87,76.83,41,1950.56
12393,43.1,7,1,14.17,66.4,721,1503.96
12394,14.3,2,0,17.99,77.25,99,873.9
12395,89.0,13,1,6.11,38.85,137,574.18
12396,34.6,5,0,14.97,76.12,230,1434.99
12397,15.4,3,0,18.65,88.79,1105,856.69
12398,2.5,1,0,20.15,88.35,658,1391.01
12399,64.6,10,1,11.07,57.13,1312,950.14
12400,63.7,9,1,13.13,70.28,1317,424.7
12401,34.1,5,0,15.42,75.51,935,1024.09
12402,7.2,2,0,17.63,101.46,332,774.77
12403,41.0,6,0,15.62,79.8,966,1230.4
12404,31.1,6,0,12.6,70.07,605,1333.87
12405,67.7,10,1,7.68,38.27,584,593.11
12406,60.6,9,1,11.59,62.73,154,385.23
12407,36.5,5,0,15.56,66.32,1323,508.33
12408,21.8,3,0,14.24,63.54,888,1203.21
12409,98.8,14,1,4.41,24.84,774,262.48
12410,45.4,7,0,11.98,61.1,509,976.85
12411,68.8,10,1,8.7,47.09,161,389.13
12412,14.1,2,0,19.78,106.5,1055,1976.37
12413,48.6,8,0,14.13,52.86,144,1518.48
12414,2.8,1,0,19.55,83.61,510,2151.09
12415,50.5,7,0,11.33,56.79,1010,649.96
12416,96.4,15,1,2.84,6.03,1054,254.08
12417,38.4,6,0,17.08,117.45,360,941.34
12418,3.9,0,0,20.6,104.3,971,2032.15
12419,3.1,1,0,18.12,86.15,984,740.15
12420,38.8,6,0,15.62,69.56,797,1540.89
12421,16.0,2,0,17.46,78.77,420,1214.79
12422,2.3,0,0,19.08,91.9,863,2041.55
12423,75.6,11,1,9.53,46.92,172,919.68
12424,45.9,7,0,11.64,51.08,357,743.64
12425,28.9,4,0,14.97,68.99,657,1666.44
12426,90.0,13,1,6.74,46.47,406,374.07
12427,11.6,2,0,17.26,97.39,119,2019.92
12428,95.6,15,1,7.0,36.25,837,693.34
12429,31.4,5,0,19.03,77.26,1050,2267.63
12430,88.8,14,1,5.17,30.47,1095,180.18
12431,60.3,9,1,7.63,52.94,1088,417.08
12432,82.7,12,1,3.6,31.66,1041,348.17
12433,98.4,15,1,4.94,31.42,582,558.23
12434,28.8,4,0,14.35,83.82,153,467.66
12435,96.1,14,1,6.0,29.36,86,180.01
12436,38.9,5,0,14.42,75.81,835,765.15
12437,38.6,6,0,11.01,45.7,264,1175.32
12438,34.0,5,0,11.26,57.12,637,1115.23
12439,54.1,8,1,12.47,73.82,421,755.99
12440,15.4,3,0,17.96,80.02,999,542.05
12441,55.4,8,0,10.84,42.99,1396,866.37
12442,54.2,8,1,8.56,42.11,1229,440.12
12443,76.2,11,1,9.51,43.27,81,923.47
12444,83.4,13,1,10.04,55.01,518,704.52
12445,44.0,7,0,13.95,62.2,34,1270.48
12446,30.2,4,0,13.77,84.14,661,1469.37
12447,25.9,4,0,16.2,64.22,1262,1267.14
12448,19.5,3,0,14.35,82.04,246,864.39
12449,5.8,1,0,21.25,93.97,565,2109.25
12450,34.2,5,0,15.03,53.29,1395,809.62
12451,27.0,4,0,12.41,62.07,1454,1368.04
12452,96.6,13,1,4.9,20.85,767,178.5
12453,55.8,8,1,12.56,48.64,759,1321.21
12454,34.7,5,1,14.12,50.12,1264,539.95
12455,58.0,9,0,10.74,51.46,1079,376.46
12456,13.9,1,0,15.46,84.45,1305,969.24
12457,44.4,7,1,14.47,75.6,32,1679.81
12458,62.6,9,1,9.31,45.28,1055,1103.36
12459,48.9,8,0,8.35,45.11,1055,402.36
12460,40.2,6,0,13.23,63.22,179,573.88
12461,99.4,15,1,7.05,18.83,33,435.45
12462,88.0,14,1,6.02,13.98,497,363.23
12463,62.3,9,0,14.12,65.64,99,1388.89
12464,56.9,8,1,12.32,57.45,230,861.91
12465,62.1,9,1,11.37,63.51,337,1139.15
12466,20.1,3,0,16.72,88.21,1305,1628.26
12467,39.5,6,0,13.94,73.27,1340,1143.75
12468,3.9,0,0,18.88,87.68,951,1982.7
12469,47.6,6,1,12.26,44.35,321,583.68
12470,54.3,7,1,12.92,66.34,1207,575.75
12471,22.8,4,0,14.71,76.12,953,1435.09
12472,96.4,14,1,3.39,-8.81,1186,176.39
12473,90.9,13,1,4.11,10.97,912,124.33
12474,72.2,11,1,13.26,56.39,615,1486.13
12475,53.3,8,1,13.06,63.93,1327,1124.0
12476,87.0,13,1,7.56,27.85,538,529.54
12477,13.1,2,0,15.93,76.06,1406,1518.39
12478,79.1,12,1,9.39,42.86,34,563.4
12479,12.5,1,0,17.89,84.2,322,2072.2
12480,79.4,12,1,8.52,33.37,389,308.22
12481,27.6,4,0,13.91,60.06,243,1219.7
12482,87.7,13,1,7.16,23.03,1459,715.69
12483,94.4,13,1,4.99,27.94,1489,360.38
12484,14.9,2,0,16.24,83.95,1068,1590.66
12485,46.3,7,0,14.53,61.65,1326,1648.02
12486,98.1,15,1,2.21,26.57,592,214.28
12487,48.3,7,1,13.88,63.32,794,802.86
12488,86.4,14,1,8.42,56.48,74,678.37
12489,58.9,9,1,9.41,38.43,732,1054.34
12490,37.5,5,0,12.73,39.82,663,896.43
12491,28.6,5,0,15.27,77.52,1465,1394.96
12492,20.3,3,0,17.52,86.71,1240,1259.62
12493,76.2,12,1,8.27,40.06,690,338.42
12494,38.7,6,0,15.07,65.59,1223,531.58
12495,51.1,7,0,15.86,75.76,750,1835.08
12496,49.2,7,1,11.6,50.31,623,987.49
12497,57.7,8,1,7.91,34.79,1454,311.21
12498,86.6,13,1,8.67,50.45,275,929.16
12499,98.1,15,1,8.66,43.5,886,667.19
12500,40.8,7,0,14.67,76.82,581,1459.28
