customer_id,days_as_customer,total_transactions,purchase_count,total_spent,days_since_last_purchase,customer_region
CUST-10001,890,13,13,3005.53,180,Asia-Pacific
CUST-10002,1074,9,9,1511.71,32,Latin America
CUST-10003,151,23,23,3834.32,26,Europe
CUST-10004,496,22,22,2545.89,25,Asia-Pacific
CUST-10005,360,29,29,5634.4,331,Latin America
CUST-10006,117,5,5,722.71,23,Asia-Pacific
CUST-10007,901,28,28,4967.86,226,Europe
CUST-10008,160,6,6,728.42,57,North America
CUST-10009,799,21,21,3981.32,180,Asia-Pacific
CUST-10010,373,13,13,2736.58,232,Latin America
CUST-10011,835,36,36,2086.13,343,Europe
CUST-10012,415,5,5,1062.05,287,North America
CUST-10013,985,19,19,2784.77,64,Latin America
CUST-10014,306,23,23,4946.15,232,Latin America
CUST-10015,489,13,13,1586.56,289,Latin America
CUST-10016,51,19,19,2095.4,21,Asia-Pacific
CUST-10017,282,12,12,2770.66,258,Europe
CUST-10018,777,19,19,1548.75,18,Latin America
CUST-10019,886,22,22,4728.85,175,Asia-Pacific
CUST-10020,504,12,12,1606.86,229,Europe
CUST-10021,540,16,16,2250.74,226,Europe
CUST-10022,729,3,3,283.22,84,Asia-Pacific
CUST-10023,1005,13,13,2001.15,291,Asia-Pacific
CUST-10024,219,7,7,687.21,179,Latin America
CUST-10025,987,15,15,507.53,246,Europe
CUST-10026,716,34,34,2930.79,110,North America
CUST-10027,987,38,38,1004.54,254,Asia-Pacific
CUST-10028,592,15,15,3676.95,88,Europe
CUST-10029,861,7,7,1696.05,72,Europe
CUST-10030,676,7,7,797.37,30,Latin America
CUST-10031,50,30,30,5666.5,44,North America
CUST-10032,870,15,15,1542.1,309,Latin America
CUST-10033,196,18,18,3167.93,138,North America
CUST-10034,417,15,15,3093.33,343,North America
CUST-10035,630,24,24,5712.48,177,Asia-Pacific
CUST-10036,345,17,17,1955.81,139,Europe
CUST-10037,43,27,27,5433.54,2,Europe
CUST-10038,271,27,27,2290.52,186,Europe
CUST-10039,806,8,8,1982.6,218,North America
CUST-10040,594,21,21,646.76,164,Europe
CUST-10041,927,37,37,5949.38,161,Asia-Pacific
CUST-10042,121,24,24,4161.33,47,North America
CUST-10043,985,22,22,3955.83,13,North America
CUST-10044,538,10,10,520.87,296,North America
CUST-10045,805,10,10,2361.69,89,North America
CUST-10046,64,17,17,1118.03,4,Asia-Pacific
CUST-10047,235,11,11,1816.31,42,Europe
CUST-10048,1055,32,32,2403.27,210,Asia-Pacific
CUST-10049,1051,15,15,1411.86,229,Europe
CUST-10050,595,10,10,1479.53,350,Asia-Pacific
CUST-10051,732,32,32,3803.79,275,Latin America
CUST-10052,431,7,7,427.36,279,Latin America
CUST-10053,759,17,17,1078.83,251,Latin America
CUST-10054,191,11,11,1309.91,54,Latin America
CUST-10055,231,64,64,12504.87,208,North America
CUST-10056,1025,17,17,3859.71,321,North America
CUST-10057,299,9,9,395.36,140,Asia-Pacific
CUST-10058,845,18,18,2042.07,280,Asia-Pacific
CUST-10059,485,15,15,713.33,34,Latin America
CUST-10060,1046,10,10,287.33,309,Europe
CUST-10061,325,32,32,5564.37,18,Latin America
CUST-10062,749,26,26,4174.33,57,Asia-Pacific
CUST-10063,367,21,21,1295.27,112,Latin America
CUST-10064,908,10,10,776.08,5,Asia-Pacific
CUST-10065,821,49,49,1486.38,182,Latin America
CUST-10066,246,22,22,4682.99,13,Europe
CUST-10067,793,11,11,2687.36,339,Latin America
CUST-10068,217,34,34,1886.27,29,Europe
CUST-10069,409,19,19,1464.56,259,Europe
CUST-10070,522,31,31,6832.16,90,Asia-Pacific
CUST-10071,1094,23,23,5369.45,104,Europe
CUST-10072,44,58,58,6926.14,12,North America
CUST-10073,94,8,8,291.12,2,North America
CUST-10074,550,12,12,406.36,108,North America
CUST-10075,677,81,81,12485.24,156,Asia-Pacific
CUST-10076,622,16,16,1814.42,82,North America
CUST-10077,421,7,7,220.13,77,Asia-Pacific
CUST-10078,448,25,25,3905.79,258,Asia-Pacific
CUST-10079,318,34,34,936.46,127,North America
CUST-10080,408,16,16,3234.54,282,Europe
CUST-10081,260,3,3,281.84,88,Latin America
CUST-10082,1047,9,9,306.52,204,Asia-Pacific
CUST-10083,70,5,5,786.9,16,North America
CUST-10084,1081,53,53,6067.39,151,Asia-Pacific
CUST-10085,164,4,4,976.42,73,Europe
CUST-10086,230,11,11,1621.89,32,Europe
CUST-10087,809,24,24,2086.29,271,North America
CUST-10088,959,6,6,1107.74,5,Asia-Pacific
CUST-10089,1086,23,23,1979.97,330,Latin America
CUST-10090,532,10,10,2284.55,308,Latin America
CUST-10091,436,21,21,2295.56,333,Asia-Pacific
CUST-10092,834,14,14,2082.09,169,Asia-Pacific
CUST-10093,128,16,16,582.06,53,Asia-Pacific
CUST-10094,713,33,33,3988.95,178,North America
CUST-10095,755,7,7,1485.97,143,Europe
CUST-10096,990,21,21,4331.69,362,Latin America
CUST-10097,642,29,29,2188.68,248,North America
CUST-10098,672,6,6,455.21,127,Asia-Pacific
CUST-10099,1058,5,5,1044.47,263,Asia-Pacific
CUST-10100,532,14,14,3280.76,40,Europe
CUST-10101,796,3,3,139.37,355,Asia-Pacific
CUST-10102,427,21,21,2651.53,255,North America
CUST-10103,900,26,26,2624.11,143,North America
CUST-10104,824,6,6,1325.43,240,Europe
CUST-10105,422,29,29,1270.0,228,North America
CUST-10106,236,36,36,2610.12,85,Latin America
CUST-10107,1068,22,22,4274.72,198,North America
CUST-10108,921,38,38,1388.56,65,North America
CUST-10109,893,14,14,1901.49,11,North America
CUST-10110,772,12,12,1493.69,108,Latin America
CUST-10111,593,16,16,1603.84,26,Asia-Pacific
CUST-10112,1050,8,8,910.23,151,North America
CUST-10113,125,11,11,1586.6,93,Europe
CUST-10114,514,17,17,1042.23,341,Latin America
CUST-10115,260,19,19,2920.28,237,Europe
CUST-10116,778,23,23,4743.11,237,North America
CUST-10117,570,2,2,392.07,219,Europe
CUST-10118,1089,80,80,4770.2,151,North America
CUST-10119,554,8,8,468.65,123,Latin America
CUST-10120,607,26,26,2218.82,144,Europe
CUST-10121,711,21,21,2231.08,189,Europe
CUST-10122,586,11,11,1285.93,255,North America
CUST-10123,1042,25,25,4448.3,68,North America
CUST-10124,675,9,9,339.78,104,Asia-Pacific
CUST-10125,825,17,17,557.62,336,North America
CUST-10126,1081,53,53,5998.53,159,North America
CUST-10127,219,13,13,2364.2,53,Asia-Pacific
CUST-10128,662,18,18,1233.41,362,North America
CUST-10129,657,7,7,1185.37,300,North America
CUST-10130,1002,26,26,2169.99,90,Asia-Pacific
CUST-10131,739,10,10,2243.69,357,Latin America
CUST-10132,678,21,21,4757.13,256,Latin America
CUST-10133,347,32,32,2940.47,220,North America
CUST-10134,713,15,15,1151.23,9,North America
CUST-10135,693,25,25,2938.58,12,Asia-Pacific
CUST-10136,471,22,22,1740.63,325,Asia-Pacific
CUST-10137,593,33,33,5817.45,244,Latin America
CUST-10138,981,25,25,5271.61,182,Europe
CUST-10139,728,37,37,6528.49,284,North America
CUST-10140,142,14,14,2946.7,56,Europe
CUST-10141,31,6,6,685.94,3,Europe
CUST-10142,671,4,4,240.69,197,Asia-Pacific
CUST-10143,249,5,5,955.19,226,North America
CUST-10144,884,14,14,1485.49,226,North America
CUST-10145,414,19,19,3344.68,333,Asia-Pacific
CUST-10146,759,10,10,858.95,103,Europe
CUST-10147,276,10,10,432.77,106,Asia-Pacific
CUST-10148,865,13,13,3228.3,58,Latin America
CUST-10149,232,17,17,1022.47,78,North America
CUST-10150,152,41,41,10143.18,75,Latin America
CUST-10151,430,4,4,979.55,42,Asia-Pacific
CUST-10152,796,27,27,5497.44,324,North America
CUST-10153,323,25,25,4334.25,181,Latin America
CUST-10154,309,15,15,2325.1,33,Latin America
CUST-10155,913,22,22,4837.2,71,Europe
CUST-10156,227,15,15,1351.86,56,North America
CUST-10157,1011,25,25,3255.71,105,Latin America
CUST-10158,781,9,9,1479.26,200,Latin America
CUST-10159,173,8,8,940.14,101,Europe
CUST-10160,638,3,3,363.55,256,Latin America
CUST-10161,216,22,22,2184.91,51,Latin America
CUST-10162,493,11,11,1671.47,74,Latin America
CUST-10163,689,5,5,1081.9,171,Europe
CUST-10164,793,8,8,562.75,143,Latin America
CUST-10165,984,25,25,5881.19,166,Latin America
CUST-10166,432,19,19,3420.85,261,North America
CUST-10167,176,8,8,1681.89,83,North America
CUST-10168,893,40,40,6005.72,182,Europe
CUST-10169,518,16,16,3206.26,307,Asia-Pacific
CUST-10170,958,24,24,687.48,10,North America
CUST-10171,580,19,19,3973.58,4,Europe
CUST-10172,367,14,14,476.44,351,Latin America
CUST-10173,901,22,22,4955.07,336,Latin America
CUST-10174,670,35,35,8686.71,292,Europe
CUST-10175,502,14,14,1276.31,281,Latin America
CUST-10176,180,28,28,2025.01,98,Latin America
CUST-10177,292,10,10,1972.07,101,Asia-Pacific
CUST-10178,173,49,49,4014.62,9,Latin America
CUST-10179,375,9,9,1977.76,61,North America
CUST-10180,653,59,59,2840.24,309,Latin America
CUST-10181,1046,6,6,320.04,146,Europe
CUST-10182,910,13,13,3189.02,63,Asia-Pacific
CUST-10183,31,23,23,4062.12,25,Latin America
CUST-10184,926,36,36,7759.79,226,Europe
CUST-10185,283,44,44,4310.86,105,North America
CUST-10186,482,41,41,7265.56,260,Latin America
CUST-10187,1090,23,23,3650.2,349,Asia-Pacific
CUST-10188,1044,10,10,1607.09,255,Latin America
CUST-10189,38,32,32,5714.23,15,Europe
CUST-10190,845,34,34,5251.5,28,Asia-Pacific
CUST-10191,237,21,21,2552.32,170,Latin America
CUST-10192,433,12,12,1044.99,336,North America
CUST-10193,181,7,7,1385.52,76,Asia-Pacific
CUST-10194,83,10,10,759.11,69,North America
CUST-10195,657,10,10,1807.8,354,Europe
CUST-10196,616,18,18,1395.0,234,Latin America
CUST-10197,133,33,33,5468.08,1,North America
CUST-10198,283,19,19,3668.76,167,Europe
CUST-10199,539,7,7,519.47,352,Latin America
CUST-10200,128,27,27,1039.16,90,Europe
CUST-10201,182,52,52,2832.39,17,North America
CUST-10202,943,18,18,2904.29,251,Europe
CUST-10203,907,10,10,2161.25,347,Asia-Pacific
CUST-10204,367,8,8,280.99,344,Latin America
CUST-10205,851,26,26,4944.78,174,Europe
CUST-10206,986,43,43,4377.26,170,North America
CUST-10207,190,14,14,1857.36,167,Latin America
CUST-10208,830,12,12,2807.92,90,Asia-Pacific
CUST-10209,427,18,18,1794.48,49,Latin America
CUST-10210,845,28,28,3631.62,294,Asia-Pacific
CUST-10211,430,10,10,280.79,150,Latin America
CUST-10212,669,20,20,867.19,132,Europe
CUST-10213,1086,24,24,1996.39,59,Europe
CUST-10214,717,25,25,781.67,324,North America
CUST-10215,489,8,8,1336.48,199,Asia-Pacific
CUST-10216,984,9,9,1088.46,215,North America
CUST-10217,499,18,18,2669.99,49,Europe
CUST-10218,1075,27,27,1735.98,232,Asia-Pacific
CUST-10219,779,57,57,5220.33,247,North America
CUST-10220,67,7,7,1220.52,31,North America
CUST-10221,259,20,20,4843.86,168,North America
CUST-10222,592,17,17,617.84,48,North America
CUST-10223,467,13,13,2929.37,51,North America
CUST-10224,56,35,35,5417.94,43,Asia-Pacific
CUST-10225,255,25,25,3797.05,98,North America
CUST-10226,827,25,25,3439.07,216,Asia-Pacific
CUST-10227,313,7,7,284.3,177,North America
CUST-10228,908,13,13,587.89,80,Europe
CUST-10229,989,18,18,2883.69,185,Europe
CUST-10230,482,19,19,1932.6,27,North America
CUST-10231,1049,66,66,15271.43,195,Latin America
CUST-10232,845,14,14,1630.76,214,Europe
CUST-10233,688,1,1,57.24,342,Asia-Pacific
CUST-10234,576,18,18,3344.61,114,North America
CUST-10235,46,24,24,2184.11,12,Asia-Pacific
CUST-10236,187,18,18,2578.15,55,Latin America
CUST-10237,506,1,1,182.01,312,North America
CUST-10238,547,21,21,4778.75,196,Europe
CUST-10239,128,25,25,5081.08,95,Asia-Pacific
CUST-10240,1090,6,6,1063.09,44,Europe
CUST-10241,309,10,10,1779.17,186,Europe
CUST-10242,526,17,17,4043.16,343,North America
CUST-10243,331,12,12,1098.73,246,Asia-Pacific
CUST-10244,210,13,13,328.25,181,Latin America
CUST-10245,636,21,21,1809.99,84,Europe
CUST-10246,729,11,11,814.28,207,North America
CUST-10247,1022,5,5,869.56,151,North America
CUST-10248,220,30,30,5027.55,156,Latin America
CUST-10249,282,8,8,1268.23,16,North America
CUST-10250,1010,15,15,429.82,165,Europe
CUST-10251,957,12,12,2267.7,145,North America
CUST-10252,157,7,7,684.56,37,Asia-Pacific
CUST-10253,47,30,30,5239.13,13,Asia-Pacific
CUST-10254,595,28,28,4206.44,45,Europe
CUST-10255,599,13,13,1327.49,206,Asia-Pacific
CUST-10256,715,17,17,939.75,62,Latin America
CUST-10257,655,19,19,878.64,356,North America
CUST-10258,883,7,7,1484.64,308,Europe
CUST-10259,991,8,8,1853.12,19,Latin America
CUST-10260,184,17,17,2910.44,109,North America
CUST-10261,519,7,7,337.91,300,Latin America
CUST-10262,814,17,17,1962.75,7,Europe
CUST-10263,275,2,2,378.02,249,Europe
CUST-10264,1092,13,13,2605.98,117,Latin America
CUST-10265,788,21,21,1083.58,68,North America
CUST-10266,567,20,20,500.14,34,Asia-Pacific
CUST-10267,950,35,35,6483.08,194,Asia-Pacific
CUST-10268,437,7,7,736.64,325,Latin America
CUST-10269,554,16,16,1316.13,55,Europe
CUST-10270,857,31,31,864.96,266,North America
CUST-10271,932,21,21,3077.91,42,North America
CUST-10272,65,29,29,6278.76,41,Europe
CUST-10273,714,7,7,1683.27,231,Asia-Pacific
CUST-10274,49,18,18,2741.27,5,North America
CUST-10275,350,15,15,2111.31,10,Latin America
CUST-10276,541,18,18,794.48,358,Asia-Pacific
CUST-10277,429,9,9,1336.47,128,Latin America
CUST-10278,683,38,38,4198.82,179,Asia-Pacific
CUST-10279,1001,27,27,4363.35,193,Europe
CUST-10280,500,35,35,3936.22,92,Latin America
CUST-10281,863,21,21,1660.41,231,Latin America
CUST-10282,756,10,10,463.67,78,Europe
CUST-10283,883,26,26,2492.27,85,Latin America
CUST-10284,80,38,38,1776.31,30,Asia-Pacific
CUST-10285,604,21,21,1360.84,213,North America
CUST-10286,179,9,9,2224.36,49,North America
CUST-10287,343,11,11,1374.16,265,Europe
CUST-10288,599,18,18,2604.08,145,Asia-Pacific
CUST-10289,334,41,41,9084.13,69,Latin America
CUST-10290,711,48,48,11952.14,58,Latin America
CUST-10291,867,9,9,1405.0,185,North America
CUST-10292,1032,22,22,4571.75,62,Latin America
CUST-10293,473,11,11,1084.18,308,North America
CUST-10294,642,6,6,562.75,296,Europe
CUST-10295,1022,25,25,2890.21,166,Latin America
CUST-10296,293,19,19,3349.97,171,Asia-Pacific
CUST-10297,1033,20,20,3569.86,63,Latin America
CUST-10298,34,15,15,1438.93,19,North America
CUST-10299,803,21,21,1154.42,306,Europe
CUST-10300,906,21,21,3513.07,161,North America
CUST-10301,1021,29,29,1562.33,141,Latin America
CUST-10302,913,9,9,1396.45,334,North America
CUST-10303,76,30,30,5430.6,62,North America
CUST-10304,896,28,28,5113.85,221,Europe
CUST-10305,852,21,21,4085.16,43,Asia-Pacific
CUST-10306,965,18,18,3985.08,292,Latin America
CUST-10307,685,16,16,2199.85,108,Europe
CUST-10308,298,16,16,3028.9,266,Asia-Pacific
CUST-10309,399,18,18,2957.65,95,North America
CUST-10310,665,5,5,334.97,262,Asia-Pacific
CUST-10311,686,61,61,1877.59,313,North America
CUST-10312,149,33,33,2937.72,129,North America
CUST-10313,860,49,49,6109.45,71,Europe
CUST-10314,770,26,26,4260.07,219,North America
CUST-10315,146,11,11,2378.65,21,Europe
CUST-10316,820,24,24,1659.73,92,Asia-Pacific
CUST-10317,1042,29,29,1544.21,127,Asia-Pacific
CUST-10318,663,9,9,2176.05,80,North America
CUST-10319,542,37,37,1824.47,312,Europe
CUST-10320,831,13,13,1724.59,238,North America
CUST-10321,589,27,27,4232.3,182,Europe
CUST-10322,517,41,41,6019.18,25,Europe
CUST-10323,926,21,21,931.5,156,Europe
CUST-10324,733,41,41,1551.07,5,Asia-Pacific
CUST-10325,610,5,5,243.67,120,Europe
CUST-10326,819,7,7,1097.3,277,Asia-Pacific
CUST-10327,890,9,9,1327.3,18,Europe
CUST-10328,276,4,4,310.37,198,Asia-Pacific
CUST-10329,183,41,41,6908.47,57,Latin America
CUST-10330,1026,35,35,7333.03,93,Asia-Pacific
CUST-10331,726,11,11,377.91,19,Asia-Pacific
CUST-10332,1038,59,59,8087.68,353,North America
CUST-10333,123,14,14,2521.33,65,Europe
CUST-10334,987,50,50,4088.51,237,Latin America
CUST-10335,1041,50,50,4712.42,277,North America
CUST-10336,482,11,11,1793.75,227,Europe
CUST-10337,941,29,29,6584.03,233,Latin America
CUST-10338,247,34,34,7045.92,40,Latin America
CUST-10339,503,11,11,1718.25,323,Latin America
CUST-10340,461,1,1,189.3,153,Europe
CUST-10341,370,29,29,3105.47,127,Latin America
CUST-10342,580,9,9,1522.96,237,Latin America
CUST-10343,386,16,16,2078.25,55,North America
CUST-10344,52,20,20,1354.71,20,Asia-Pacific
CUST-10345,551,25,25,4572.28,172,Europe
CUST-10346,831,14,14,2102.86,109,Asia-Pacific
CUST-10347,791,21,21,2219.49,354,North America
CUST-10348,471,36,36,8281.85,184,Asia-Pacific
CUST-10349,798,3,3,89.13,198,Latin America
CUST-10350,1045,5,5,480.24,87,Latin America
CUST-10351,545,7,7,264.59,201,Europe
CUST-10352,1069,12,12,2369.62,337,Europe
CUST-10353,821,28,28,5123.28,322,Europe
CUST-10354,365,33,33,3285.29,275,North America
CUST-10355,287,15,15,2655.36,211,Europe
CUST-10356,526,15,15,1711.29,118,North America
CUST-10357,925,39,39,7611.13,191,Latin America
CUST-10358,189,20,20,2543.83,42,Asia-Pacific
CUST-10359,881,13,13,1530.92,42,Latin America
CUST-10360,719,30,30,7059.43,315,Latin America
CUST-10361,409,28,28,2280.54,276,Latin America
CUST-10362,986,22,22,1146.21,329,Europe
CUST-10363,720,11,11,1721.74,17,Europe
CUST-10364,314,8,8,1944.78,283,Europe
CUST-10365,426,9,9,990.12,258,Asia-Pacific
CUST-10366,41,9,9,350.62,36,Europe
CUST-10367,528,9,9,912.09,19,North America
CUST-10368,783,12,12,1666.02,17,Latin America
CUST-10369,64,17,17,1044.36,5,Asia-Pacific
CUST-10370,756,19,19,3288.39,246,Asia-Pacific
CUST-10371,878,7,7,1746.46,251,Asia-Pacific
CUST-10372,119,20,20,2532.83,71,Asia-Pacific
CUST-10373,805,18,18,1886.65,81,Asia-Pacific
CUST-10374,634,16,16,1842.54,39,North America
CUST-10375,999,11,11,559.99,36,Latin America
CUST-10376,1051,7,7,1566.16,197,Asia-Pacific
CUST-10377,447,25,25,2958.39,158,Latin America
CUST-10378,144,18,18,2018.46,29,Europe
CUST-10379,646,22,22,3815.47,196,Asia-Pacific
CUST-10380,855,13,13,1617.95,307,Asia-Pacific
CUST-10381,442,12,12,2050.23,152,Latin America
CUST-10382,758,32,32,1242.41,14,Asia-Pacific
CUST-10383,1050,71,71,14774.23,325,Asia-Pacific
CUST-10384,790,14,14,3312.59,146,Asia-Pacific
CUST-10385,705,19,19,3248.47,57,North America
CUST-10386,486,16,16,3836.44,211,North America
CUST-10387,949,9,9,531.65,268,Asia-Pacific
CUST-10388,221,13,13,1721.44,210,North America
CUST-10389,768,53,53,8501.55,17,Europe
CUST-10390,1007,10,10,1558.91,286,Asia-Pacific
CUST-10391,1038,18,18,2075.92,344,Europe
CUST-10392,125,11,11,1111.76,75,Latin America
CUST-10393,692,17,17,910.1,99,Europe
CUST-10394,66,10,10,1131.42,23,Latin America
CUST-10395,308,12,12,739.18,209,Asia-Pacific
CUST-10396,246,5,5,951.16,129,Latin America
CUST-10397,896,18,18,1295.77,335,Latin America
CUST-10398,902,13,13,496.3,288,Europe
CUST-10399,91,24,24,3582.78,9,Europe
CUST-10400,625,17,17,2701.75,271,Europe
CUST-10401,758,10,10,2211.8,188,Asia-Pacific
CUST-10402,426,8,8,1238.57,214,Asia-Pacific
CUST-10403,728,17,17,1746.46,283,Europe
CUST-10404,1072,38,38,7815.75,211,Asia-Pacific
CUST-10405,206,11,11,1612.19,109,Asia-Pacific
CUST-10406,425,3,3,128.51,76,Latin America
CUST-10407,474,20,20,3046.33,148,Latin America
CUST-10408,105,35,35,8025.65,65,Europe
CUST-10409,294,24,24,2740.09,213,Asia-Pacific
CUST-10410,484,7,7,641.71,109,Latin America
CUST-10411,747,19,19,1088.33,129,North America
CUST-10412,764,29,29,1713.18,10,Asia-Pacific
CUST-10413,880,13,13,1590.86,47,North America
CUST-10414,173,12,12,1908.34,123,Europe
CUST-10415,914,12,12,517.66,315,Asia-Pacific
CUST-10416,425,15,15,3546.04,96,Europe
CUST-10417,1078,7,7,1364.34,103,Europe
CUST-10418,977,20,20,3139.81,342,Europe
CUST-10419,920,20,20,4227.97,146,Europe
CUST-10420,598,21,21,903.88,27,Europe
CUST-10421,1092,17,17,2248.91,220,Asia-Pacific
CUST-10422,138,7,7,1167.4,18,North America
CUST-10423,1095,14,14,2960.26,167,Asia-Pacific
CUST-10424,964,48,48,9661.47,82,Asia-Pacific
CUST-10425,427,20,20,1746.81,72,Asia-Pacific
CUST-10426,663,9,9,2130.28,310,Latin America
CUST-10427,762,25,25,1324.45,254,Latin America
CUST-10428,264,49,49,10873.35,162,Asia-Pacific
CUST-10429,687,22,22,5356.15,327,North America
CUST-10430,780,15,15,972.89,38,Asia-Pacific
CUST-10431,617,38,38,7123.66,201,Europe
CUST-10432,1062,12,12,408.77,200,Latin America
CUST-10433,983,32,32,3719.04,255,Latin America
CUST-10434,521,11,11,1552.8,179,Asia-Pacific
CUST-10435,942,13,13,2023.39,35,Asia-Pacific
CUST-10436,199,28,28,6596.4,82,North America
CUST-10437,975,37,37,6521.49,220,North America
CUST-10438,824,16,16,2132.6,158,Europe
CUST-10439,663,36,36,7458.37,4,Asia-Pacific
CUST-10440,58,22,22,5255.14,39,Asia-Pacific
CUST-10441,368,10,10,299.65,204,Asia-Pacific
CUST-10442,529,13,13,3198.87,194,Latin America
CUST-10443,540,24,24,1065.11,235,Europe
CUST-10444,246,39,39,8121.24,206,North America
CUST-10445,474,32,32,2818.41,150,Latin America
CUST-10446,905,32,32,1751.69,159,Latin America
CUST-10447,196,6,6,743.81,23,Latin America
CUST-10448,120,27,27,4587.04,48,Latin America
CUST-10449,743,26,26,2878.57,166,Europe
CUST-10450,68,21,21,782.82,55,Asia-Pacific
CUST-10451,202,26,26,4156.85,68,North America
CUST-10452,682,4,4,912.16,88,North America
CUST-10453,783,2,2,222.45,217,Latin America
CUST-10454,505,20,20,1473.5,1,Latin America
CUST-10455,485,17,17,2117.86,135,Europe
CUST-10456,858,15,15,538.22,185,Latin America
CUST-10457,924,23,23,4821.02,351,North America
CUST-10458,1054,20,20,4218.53,140,North America
CUST-10459,416,21,21,3303.3,106,Asia-Pacific
CUST-10460,377,30,30,3133.44,133,Asia-Pacific
CUST-10461,219,12,12,2459.42,108,North America
CUST-10462,534,22,22,3295.7,178,North America
CUST-10463,853,11,11,2319.18,298,Europe
CUST-10464,958,3,3,501.23,358,Europe
CUST-10465,963,14,14,2820.88,359,North America
CUST-10466,163,33,33,5269.33,146,Latin America
CUST-10467,87,9,9,1063.64,66,Asia-Pacific
CUST-10468,714,23,23,5532.37,74,North America
CUST-10469,701,30,30,4402.52,108,Latin America
CUST-10470,202,27,27,4350.92,122,North America
CUST-10471,844,11,11,820.71,17,Asia-Pacific
CUST-10472,109,10,10,1657.71,68,Asia-Pacific
CUST-10473,915,18,18,2765.01,327,Europe
CUST-10474,232,21,21,1398.36,62,Europe
CUST-10475,793,26,26,998.58,297,Europe
CUST-10476,76,26,26,4185.5,34,Europe
CUST-10477,685,72,72,14171.81,198,Asia-Pacific
CUST-10478,500,41,41,5853.38,45,Latin America
CUST-10479,1000,14,14,1064.33,314,Latin America
CUST-10480,1065,56,56,9798.18,179,Latin America
CUST-10481,765,7,7,301.17,44,North America
CUST-10482,813,8,8,995.3,271,Europe
CUST-10483,997,28,28,1729.21,78,Europe
CUST-10484,387,14,14,931.05,326,Asia-Pacific
CUST-10485,1001,41,41,2891.16,178,Asia-Pacific
CUST-10486,697,26,26,2912.24,357,North America
CUST-10487,402,16,16,584.14,3,North America
CUST-10488,1061,15,15,1717.55,214,Latin America
CUST-10489,705,15,15,2102.01,342,Asia-Pacific
CUST-10490,119,3,3,401.22,74,Europe
CUST-10491,727,9,9,1000.14,51,Latin America
CUST-10492,569,11,11,2351.89,67,Europe
CUST-10493,761,33,33,1904.05,332,Latin America
CUST-10494,898,11,11,1526.6,93,Europe
CUST-10495,70,22,22,857.11,48,North America
CUST-10496,769,15,15,615.15,145,Latin America
CUST-10497,531,9,9,1387.08,7,Europe
CUST-10498,988,21,21,3199.44,269,Europe
CUST-10499,958,17,17,3783.48,322,Asia-Pacific
CUST-10500,490,33,33,4967.21,4,Latin America
CUST-10501,761,13,13,3132.39,138,Europe
CUST-10502,781,11,11,395.52,231,Asia-Pacific
CUST-10503,954,29,29,1364.5,88,Europe
CUST-10504,938,15,15,523.72,17,Latin America
CUST-10505,419,31,31,2067.31,52,North America
CUST-10506,912,12,12,1761.43,134,Latin America
CUST-10507,285,19,19,3234.82,211,Latin America
CUST-10508,738,11,11,387.82,325,Europe
CUST-10509,479,9,9,2140.59,219,Europe
CUST-10510,39,2,2,428.97,13,Latin America
CUST-10511,853,42,42,3852.99,211,Asia-Pacific
CUST-10512,827,12,12,508.41,277,Asia-Pacific
CUST-10513,906,24,24,1517.39,24,Asia-Pacific
CUST-10514,1058,15,15,803.44,4,Europe
CUST-10515,1045,35,35,1845.86,152,Europe
CUST-10516,403,4,4,566.71,259,Latin America
CUST-10517,175,20,20,1606.31,68,North America
CUST-10518,253,28,28,2956.28,249,Europe
CUST-10519,206,18,18,4457.5,101,Latin America
CUST-10520,882,10,10,1789.71,168,Latin America
CUST-10521,92,4,4,954.08,48,North America
CUST-10522,856,11,11,627.83,310,Asia-Pacific
CUST-10523,824,3,3,332.94,291,Latin America
CUST-10524,718,27,27,4045.0,56,Latin America
CUST-10525,134,23,23,972.22,108,Latin America
CUST-10526,540,29,29,752.32,296,Asia-Pacific
CUST-10527,414,8,8,1406.78,324,Asia-Pacific
CUST-10528,434,7,7,1185.87,302,North America
CUST-10529,852,24,24,2818.26,334,Europe
CUST-10530,547,24,24,3244.08,141,Asia-Pacific
CUST-10531,505,4,4,473.9,155,Europe
CUST-10532,738,10,10,304.01,262,Europe
CUST-10533,800,44,44,4420.18,273,Asia-Pacific
CUST-10534,1076,28,28,1815.62,232,Latin America
CUST-10535,1026,15,15,707.18,241,North America
CUST-10536,706,7,7,1681.83,355,Europe
CUST-10537,743,8,8,1278.85,337,Latin America
CUST-10538,112,13,13,2456.32,105,Asia-Pacific
CUST-10539,486,5,5,479.78,258,Europe
CUST-10540,30,36,36,4084.49,25,Europe
CUST-10541,80,34,34,2662.47,77,Europe
CUST-10542,714,7,7,327.72,180,Latin America
CUST-10543,746,51,51,3329.39,66,Latin America
CUST-10544,478,12,12,2453.29,308,Latin America
CUST-10545,910,17,17,3016.61,348,Europe
CUST-10546,517,12,12,1776.71,171,Europe
CUST-10547,63,7,7,923.27,59,North America
CUST-10548,124,13,13,3023.12,90,North America
CUST-10549,183,4,4,165.46,22,Latin America
CUST-10550,279,13,13,1145.76,107,Latin America
CUST-10551,703,16,16,1659.78,323,Asia-Pacific
CUST-10552,467,20,20,4020.92,227,Latin America
CUST-10553,147,5,5,1241.58,140,North America
CUST-10554,800,5,5,395.75,216,North America
CUST-10555,297,20,20,4434.38,69,North America
CUST-10556,265,7,7,1483.23,84,Europe
CUST-10557,418,15,15,1133.22,103,Europe
CUST-10558,1019,36,36,4134.59,39,Latin America
CUST-10559,792,6,6,703.06,13,Asia-Pacific
CUST-10560,430,9,9,2205.9,297,Asia-Pacific
CUST-10561,653,31,31,2036.72,313,Asia-Pacific
CUST-10562,796,4,4,819.24,181,Europe
CUST-10563,948,15,15,1502.9,268,North America
CUST-10564,882,21,21,3978.36,13,North America
CUST-10565,607,30,30,3585.07,120,Europe
CUST-10566,104,13,13,2016.7,74,Asia-Pacific
CUST-10567,464,6,6,1274.03,353,Asia-Pacific
CUST-10568,132,5,5,1029.69,57,Latin America
CUST-10569,793,20,20,4398.9,40,Latin America
CUST-10570,767,21,21,806.69,336,Asia-Pacific
CUST-10571,835,48,48,8674.15,128,Europe
CUST-10572,127,13,13,734.46,45,Asia-Pacific
CUST-10573,827,21,21,2489.74,35,Latin America
CUST-10574,888,16,16,2374.92,259,Asia-Pacific
CUST-10575,464,7,7,809.31,5,Europe
CUST-10576,476,21,21,2980.17,218,North America
CUST-10577,278,33,33,8224.21,11,Europe
CUST-10578,195,26,26,1441.02,126,Europe
CUST-10579,1013,10,10,1769.78,327,Latin America
CUST-10580,1049,14,14,1597.4,117,Europe
CUST-10581,571,36,36,1977.38,184,Europe
CUST-10582,788,14,14,850.02,362,Latin America
CUST-10583,110,35,35,8350.53,34,Latin America
CUST-10584,162,15,15,3343.66,67,North America
CUST-10585,826,16,16,3665.35,200,Asia-Pacific
CUST-10586,929,32,32,7939.04,31,Europe
CUST-10587,167,52,52,3737.29,75,Latin America
CUST-10588,213,15,15,1574.61,71,North America
CUST-10589,814,13,13,2282.47,66,Asia-Pacific
CUST-10590,1013,10,10,1338.56,70,Latin America
CUST-10591,98,9,9,1072.24,41,Asia-Pacific
CUST-10592,575,10,10,1055.08,20,Asia-Pacific
CUST-10593,82,12,12,1903.21,57,Europe
CUST-10594,234,30,30,4635.26,226,Europe
CUST-10595,155,24,24,1471.87,153,Latin America
CUST-10596,72,27,27,3540.82,12,Asia-Pacific
CUST-10597,140,27,27,4037.34,39,Latin America
CUST-10598,790,35,35,5366.01,145,Latin America
CUST-10599,877,10,10,722.74,45,Asia-Pacific
CUST-10600,124,20,20,3840.22,11,Latin America
CUST-10601,929,4,4,122.68,326,Asia-Pacific
CUST-10602,389,4,4,419.35,91,Asia-Pacific
CUST-10603,929,19,19,3810.41,238,Asia-Pacific
CUST-10604,310,16,16,2430.01,70,Asia-Pacific
CUST-10605,696,18,18,1507.71,166,North America
CUST-10606,122,26,26,4715.48,2,Asia-Pacific
CUST-10607,701,41,41,6259.18,214,Europe
CUST-10608,90,17,17,3470.63,84,Europe
CUST-10609,663,16,16,3046.09,89,Europe
CUST-10610,1058,10,10,1622.74,335,Asia-Pacific
CUST-10611,633,30,30,4045.2,252,Europe
CUST-10612,711,11,11,604.63,349,North America
CUST-10613,563,14,14,1173.2,72,Latin America
CUST-10614,867,26,26,3101.73,165,Asia-Pacific
CUST-10615,674,18,18,2877.16,49,Europe
CUST-10616,262,18,18,2530.52,52,North America
CUST-10617,553,9,9,808.57,289,Latin America
CUST-10618,375,22,22,582.0,278,North America
CUST-10619,575,58,58,7925.92,114,Europe
CUST-10620,823,6,6,535.6,239,North America
CUST-10621,278,7,7,1332.01,133,Latin America
CUST-10622,76,28,28,850.86,18,Europe
CUST-10623,243,20,20,3131.73,166,Latin America
CUST-10624,268,39,39,9236.44,243,North America
CUST-10625,379,10,10,642.42,320,Asia-Pacific
CUST-10626,136,30,30,3933.63,79,Asia-Pacific
CUST-10627,860,22,22,1002.54,170,Asia-Pacific
CUST-10628,77,8,8,1326.23,48,Asia-Pacific
CUST-10629,366,11,11,1637.57,300,Latin America
CUST-10630,1079,18,18,2099.83,82,Asia-Pacific
CUST-10631,833,9,9,1280.79,87,Latin America
CUST-10632,37,34,34,7708.8,33,Europe
CUST-10633,654,27,27,1867.49,16,Asia-Pacific
CUST-10634,748,12,12,360.92,310,Latin America
CUST-10635,332,16,16,3501.99,163,Asia-Pacific
CUST-10636,668,31,31,4800.39,98,Asia-Pacific
CUST-10637,85,17,17,3831.77,28,Asia-Pacific
CUST-10638,755,53,53,8443.57,2,Latin America
CUST-10639,555,24,24,4974.87,350,North America
CUST-10640,503,9,9,1095.09,169,Asia-Pacific
CUST-10641,57,8,8,1549.75,16,Asia-Pacific
CUST-10642,107,33,33,7604.33,59,Europe
CUST-10643,394,13,13,1998.46,325,North America
CUST-10644,695,19,19,1247.86,92,Latin America
CUST-10645,555,1,1,85.48,181,Europe
CUST-10646,728,18,18,1254.51,231,Asia-Pacific
CUST-10647,912,5,5,402.71,301,Europe
CUST-10648,1060,5,5,469.72,148,Europe
CUST-10649,1056,36,36,5396.58,280,Asia-Pacific
CUST-10650,948,14,14,2202.17,189,North America
CUST-10651,779,13,13,1572.51,347,North America
CUST-10652,392,56,56,9154.3,350,Europe
CUST-10653,835,31,31,1343.99,314,Asia-Pacific
CUST-10654,768,44,44,1969.1,128,Latin America
CUST-10655,1068,37,37,2355.48,7,Europe
CUST-10656,514,29,29,4105.46,47,Latin America
CUST-10657,57,43,43,3145.4,53,Europe
CUST-10658,743,10,10,887.39,187,Europe
CUST-10659,1092,9,9,1035.63,38,Asia-Pacific
CUST-10660,115,5,5,1038.35,69,Asia-Pacific
CUST-10661,155,4,4,112.48,53,Latin America
CUST-10662,841,19,19,3251.09,224,Latin America
CUST-10663,566,5,5,877.49,154,North America
CUST-10664,174,7,7,1432.88,48,Asia-Pacific
CUST-10665,54,15,15,3523.04,31,Europe
CUST-10666,96,1,1,29.53,19,Europe
CUST-10667,262,16,16,953.62,64,North America
CUST-10668,138,18,18,4038.99,93,Asia-Pacific
CUST-10669,140,54,54,6921.0,125,Europe
CUST-10670,257,20,20,3040.66,250,North America
CUST-10671,140,19,19,3309.44,39,North America
CUST-10672,63,43,43,7644.97,4,Europe
CUST-10673,652,15,15,3519.62,3,Europe
CUST-10674,777,20,20,4986.27,64,Latin America
CUST-10675,624,32,32,5985.13,29,Asia-Pacific
CUST-10676,454,10,10,896.25,11,Latin America
CUST-10677,642,32,32,7134.22,97,North America
CUST-10678,721,6,6,216.45,358,Europe
CUST-10679,344,26,26,2001.82,203,Latin America
CUST-10680,906,27,27,6126.62,21,North America
CUST-10681,691,13,13,1074.36,39,Asia-Pacific
CUST-10682,306,15,15,1119.7,223,Europe
CUST-10683,653,45,45,2523.52,102,Latin America
CUST-10684,545,16,16,3492.8,46,Asia-Pacific
CUST-10685,872,24,24,3300.31,66,Latin America
CUST-10686,379,18,18,3183.32,91,North America
CUST-10687,852,11,11,866.69,164,Asia-Pacific
CUST-10688,788,11,11,2151.15,111,Latin America
CUST-10689,928,22,22,4312.03,338,Asia-Pacific
CUST-10690,272,40,40,3813.38,123,North America
CUST-10691,572,6,6,704.42,193,Asia-Pacific
CUST-10692,1093,43,43,3103.75,99,Latin America
CUST-10693,258,26,26,6362.88,159,North America
CUST-10694,577,15,15,2553.91,103,Europe
CUST-10695,949,22,22,5175.99,281,Latin America
CUST-10696,35,26,26,2424.81,20,Latin America
CUST-10697,497,7,7,1406.48,191,North America
CUST-10698,104,16,16,3157.09,51,North America
CUST-10699,33,17,17,3070.58,2,Europe
CUST-10700,675,4,4,969.08,210,Latin America
CUST-10701,147,29,29,3292.95,126,North America
CUST-10702,910,11,11,598.53,69,Europe
CUST-10703,533,12,12,2113.61,265,Europe
CUST-10704,976,16,16,3025.52,258,North America
CUST-10705,603,23,23,3550.94,188,Latin America
CUST-10706,223,22,22,1573.75,189,Asia-Pacific
CUST-10707,876,18,18,2493.05,10,Asia-Pacific
CUST-10708,744,22,22,2095.34,114,Europe
CUST-10709,1079,10,10,1211.8,76,Asia-Pacific
CUST-10710,202,19,19,3233.31,164,Asia-Pacific
CUST-10711,355,25,25,4816.83,85,North America
CUST-10712,865,11,11,849.76,49,Europe
CUST-10713,753,18,18,2091.57,326,Latin America
CUST-10714,254,25,25,2139.03,240,Europe
CUST-10715,561,16,16,1115.07,177,North America
CUST-10716,142,6,6,1207.57,131,Asia-Pacific
CUST-10717,169,39,39,8953.69,133,Latin America
CUST-10718,588,35,35,3790.58,218,Europe
CUST-10719,30,17,17,3298.64,29,Asia-Pacific
CUST-10720,119,43,43,9753.43,85,Europe
CUST-10721,683,26,26,5599.83,346,Latin America
CUST-10722,349,15,15,992.0,230,Europe
CUST-10723,168,10,10,2401.66,26,Europe
CUST-10724,874,7,7,768.27,72,Europe
CUST-10725,288,16,16,1621.27,261,Asia-Pacific
CUST-10726,931,9,9,351.42,254,Latin America
CUST-10727,719,10,10,1343.89,271,Latin America
CUST-10728,39,22,22,1089.62,16,Asia-Pacific
CUST-10729,290,6,6,485.53,257,Asia-Pacific
CUST-10730,201,4,4,385.25,144,Asia-Pacific
CUST-10731,927,19,19,3932.73,259,North America
CUST-10732,42,25,25,5549.62,31,Europe
CUST-10733,350,23,23,2140.26,13,Europe
CUST-10734,358,5,5,1091.04,208,Latin America
CUST-10735,814,10,10,2178.77,311,Europe
CUST-10736,806,11,11,2167.51,235,North America
CUST-10737,940,5,5,290.03,149,Asia-Pacific
CUST-10738,347,18,18,3245.81,322,Latin America
CUST-10739,265,20,20,4752.61,155,Latin America
CUST-10740,363,15,15,2678.57,166,Europe
CUST-10741,405,5,5,498.07,90,Latin America
CUST-10742,617,53,53,7294.41,186,Asia-Pacific
CUST-10743,542,9,9,1532.59,318,Latin America
CUST-10744,947,31,31,4336.23,358,Asia-Pacific
CUST-10745,902,40,40,2079.58,174,North America
CUST-10746,299,13,13,1237.79,217,North America
CUST-10747,827,23,23,4727.4,264,Asia-Pacific
CUST-10748,754,6,6,1312.91,97,Europe
CUST-10749,34,13,13,726.6,7,Latin America
CUST-10750,880,23,23,5503.6,320,Europe
CUST-10751,107,17,17,1682.75,102,Latin America
CUST-10752,603,27,27,4698.56,21,North America
CUST-10753,161,12,12,2329.93,115,North America
CUST-10754,630,31,31,6438.32,341,North America
CUST-10755,1095,8,8,1902.35,248,Latin America
CUST-10756,118,23,23,2194.36,20,North America
CUST-10757,431,11,11,2399.8,264,North America
CUST-10758,325,4,4,218.52,58,North America
CUST-10759,645,27,27,4958.12,302,North America
CUST-10760,829,10,10,1919.45,31,Europe
CUST-10761,451,8,8,1419.9,249,North America
CUST-10762,1076,36,36,2943.75,93,North America
CUST-10763,604,29,29,6421.61,265,Europe
CUST-10764,172,8,8,503.95,15,Europe
CUST-10765,1022,7,7,259.47,94,Latin America
CUST-10766,694,12,12,2237.16,154,Asia-Pacific
CUST-10767,174,7,7,923.87,138,North America
CUST-10768,1036,41,41,8857.93,285,North America
CUST-10769,532,4,4,445.06,80,North America
CUST-10770,850,48,48,3017.41,292,Latin America
CUST-10771,133,22,22,4690.39,84,North America
CUST-10772,1092,25,25,3712.62,37,Asia-Pacific
CUST-10773,227,19,19,1283.81,86,Europe
CUST-10774,608,5,5,935.43,327,Latin America
CUST-10775,420,28,28,3920.02,232,Europe
CUST-10776,583,18,18,2897.47,93,North America
CUST-10777,1068,8,8,1029.62,336,North America
CUST-10778,507,33,33,6978.16,102,North America
CUST-10779,952,32,32,6772.85,166,Asia-Pacific
CUST-10780,449,34,34,6276.82,159,Asia-Pacific
CUST-10781,186,31,31,1510.17,14,Latin America
CUST-10782,579,12,12,2564.91,225,Europe
CUST-10783,1050,25,25,4399.45,73,North America
CUST-10784,1026,33,33,6000.4,249,North America
CUST-10785,980,31,31,3306.81,91,North America
CUST-10786,318,2,2,445.68,216,North America
CUST-10787,225,16,16,3011.34,205,Asia-Pacific
CUST-10788,627,10,10,503.33,90,Europe
CUST-10789,546,41,41,4786.75,29,Europe
CUST-10790,894,17,17,3815.4,305,Latin America
CUST-10791,835,23,23,819.24,220,Asia-Pacific
CUST-10792,844,20,20,4826.37,328,North America
CUST-10793,257,38,38,6756.84,215,Europe
CUST-10794,245,49,49,8185.92,221,Europe
CUST-10795,977,18,18,1545.76,42,Asia-Pacific
CUST-10796,44,20,20,1619.56,7,Latin America
CUST-10797,76,39,39,9241.56,42,Latin America
CUST-10798,353,7,7,644.78,164,North America
CUST-10799,873,8,8,1595.91,361,Latin America
CUST-10800,159,11,11,1247.98,27,Europe
CUST-10801,124,28,28,1577.3,58,Latin America
CUST-10802,656,18,18,493.4,302,North America
CUST-10803,784,11,11,1622.04,322,Europe
CUST-10804,823,37,37,9048.36,25,Latin America
CUST-10805,98,5,5,540.28,73,Latin America
CUST-10806,40,10,10,1053.68,27,Asia-Pacific
CUST-10807,901,16,16,1638.73,129,North America
CUST-10808,579,49,49,6964.0,87,Latin America
CUST-10809,741,11,11,1365.65,330,Asia-Pacific
CUST-10810,52,25,25,5574.52,42,Europe
CUST-10811,844,16,16,2219.87,153,Asia-Pacific
CUST-10812,375,7,7,974.72,182,Asia-Pacific
CUST-10813,331,24,24,1347.21,125,Latin America
CUST-10814,392,14,14,3445.63,67,Latin America
CUST-10815,425,12,12,974.93,6,Latin America
CUST-10816,247,6,6,249.04,125,Asia-Pacific
CUST-10817,170,18,18,3135.74,58,Europe
CUST-10818,987,42,42,6676.21,326,North America
CUST-10819,1014,11,11,1302.49,53,Asia-Pacific
CUST-10820,1022,7,7,839.95,66,Latin America
CUST-10821,857,4,4,806.56,314,North America
CUST-10822,712,4,4,276.14,82,Europe
CUST-10823,1033,16,16,3352.91,87,North America
CUST-10824,385,18,18,3077.43,2,Latin America
CUST-10825,1037,22,22,2623.9,204,Asia-Pacific
CUST-10826,917,16,16,2048.9,150,Asia-Pacific
CUST-10827,156,20,20,1654.91,37,Latin America
CUST-10828,1038,42,42,8157.48,103,Asia-Pacific
CUST-10829,633,37,37,5194.68,24,Latin America
CUST-10830,1043,35,35,3401.73,212,Asia-Pacific
CUST-10831,80,32,32,5091.56,65,Asia-Pacific
CUST-10832,1082,26,26,6475.05,209,Asia-Pacific
CUST-10833,808,5,5,614.67,251,Europe
CUST-10834,843,15,15,3482.33,117,Europe
CUST-10835,449,21,21,2155.2,116,Latin America
CUST-10836,1012,9,9,335.83,237,Europe
CUST-10837,854,46,46,3263.91,105,Latin America
CUST-10838,1054,14,14,1668.89,259,North America
CUST-10839,596,4,4,297.67,46,North America
CUST-10840,400,13,13,325.66,311,Europe
CUST-10841,965,23,23,5310.13,331,North America
CUST-10842,690,9,9,1933.86,216,North America
CUST-10843,998,16,16,3072.25,301,Asia-Pacific
CUST-10844,231,4,4,251.03,154,Asia-Pacific
CUST-10845,342,13,13,677.06,333,Latin America
CUST-10846,146,18,18,723.8,24,North America
CUST-10847,966,16,16,3006.51,35,Latin America
CUST-10848,604,29,29,6785.47,24,Latin America
CUST-10849,273,8,8,974.96,28,North America
CUST-10850,566,22,22,1139.75,16,Europe
CUST-10851,104,25,25,3507.21,59,North America
CUST-10852,415,10,10,1034.87,243,Asia-Pacific
CUST-10853,504,9,9,984.02,207,North America
CUST-10854,447,46,46,7580.77,271,Europe
CUST-10855,376,14,14,2613.96,249,Latin America
CUST-10856,669,23,23,1147.37,267,Latin America
CUST-10857,968,23,23,759.18,193,Asia-Pacific
CUST-10858,984,6,6,1492.35,335,Asia-Pacific
CUST-10859,905,20,20,1547.28,218,Asia-Pacific
CUST-10860,792,19,19,705.13,115,Latin America
CUST-10861,693,46,46,3115.21,68,Asia-Pacific
CUST-10862,54,19,19,641.54,43,North America
CUST-10863,739,28,28,3168.41,325,Latin America
CUST-10864,206,29,29,5960.67,141,Europe
CUST-10865,314,14,14,1424.92,75,Latin America
CUST-10866,92,57,57,7121.65,82,North America
CUST-10867,1032,10,10,1770.07,103,North America
CUST-10868,691,4,4,558.0,297,Asia-Pacific
CUST-10869,695,12,12,2625.9,178,Latin America
CUST-10870,185,4,4,879.43,59,Latin America
CUST-10871,996,10,10,272.3,39,Latin America
CUST-10872,878,17,17,3401.03,259,Europe
CUST-10873,718,20,20,2573.3,204,Asia-Pacific
CUST-10874,177,13,13,3217.36,7,North America
CUST-10875,371,10,10,1337.27,49,North America
CUST-10876,505,12,12,2964.62,26,Asia-Pacific
CUST-10877,590,25,25,4869.45,161,North America
CUST-10878,356,8,8,647.49,176,North America
CUST-10879,1019,10,10,1461.39,79,Asia-Pacific
CUST-10880,244,22,22,5461.07,2,North America
CUST-10881,464,19,19,4140.94,132,Latin America
CUST-10882,981,4,4,187.63,276,Europe
CUST-10883,752,33,33,6069.81,117,Asia-Pacific
CUST-10884,61,12,12,1233.06,36,Europe
CUST-10885,699,7,7,186.0,288,North America
CUST-10886,314,6,6,694.7,28,North America
CUST-10887,458,33,33,2568.05,333,Latin America
CUST-10888,315,2,2,418.49,1,Asia-Pacific
CUST-10889,1072,23,23,2320.69,188,North America
CUST-10890,47,29,29,6124.59,35,Asia-Pacific
CUST-10891,798,13,13,326.75,112,Asia-Pacific
CUST-10892,619,44,44,4147.41,286,Asia-Pacific
CUST-10893,1039,8,8,634.1,310,Asia-Pacific
CUST-10894,223,24,24,1861.26,36,Asia-Pacific
CUST-10895,531,19,19,766.5,217,Europe
CUST-10896,1017,47,47,3153.84,80,Latin America
CUST-10897,143,14,14,2099.98,58,Asia-Pacific
CUST-10898,976,23,23,2082.79,83,Europe
CUST-10899,860,19,19,2259.36,65,North America
CUST-10900,954,5,5,548.98,325,Asia-Pacific
CUST-10901,84,16,16,3553.26,51,North America
CUST-10902,829,11,11,2515.62,22,Asia-Pacific
CUST-10903,807,19,19,2582.39,216,Europe
CUST-10904,191,23,23,2283.56,107,Europe
CUST-10905,116,38,38,1863.15,109,Europe
CUST-10906,84,2,2,479.03,53,Latin America
CUST-10907,1061,17,17,655.37,356,North America
CUST-10908,862,6,6,551.83,164,Latin America
CUST-10909,342,25,25,2301.62,68,Asia-Pacific
CUST-10910,788,59,59,5728.33,292,North America
CUST-10911,472,14,14,867.5,180,Europe
CUST-10912,357,10,10,2012.11,181,North America
CUST-10913,790,12,12,630.74,169,Europe
CUST-10914,608,6,6,1007.12,22,Latin America
CUST-10915,1036,1,1,52.87,66,Latin America
CUST-10916,125,21,21,858.28,21,Europe
CUST-10917,843,17,17,3903.57,100,Europe
CUST-10918,520,10,10,677.79,300,Asia-Pacific
CUST-10919,481,7,7,1468.47,103,Latin America
CUST-10920,194,29,29,4278.72,47,Latin America
CUST-10921,211,37,37,1573.16,39,Asia-Pacific
CUST-10922,498,19,19,4559.54,285,Latin America
CUST-10923,939,3,3,241.7,310,Europe
CUST-10924,764,15,15,3276.3,90,North America
CUST-10925,852,22,22,1385.61,85,North America
CUST-10926,973,14,14,3039.92,273,Latin America
CUST-10927,36,15,15,419.65,16,Asia-Pacific
CUST-10928,359,10,10,1401.51,188,Europe
CUST-10929,804,14,14,2773.74,159,North America
CUST-10930,180,31,31,7295.2,73,Europe
CUST-10931,176,20,20,4591.41,49,Latin America
CUST-10932,944,12,12,2512.99,101,Latin America
CUST-10933,729,14,14,3147.8,2,North America
CUST-10934,111,39,39,2723.15,48,Latin America
CUST-10935,543,7,7,622.59,238,Asia-Pacific
CUST-10936,844,10,10,900.18,59,Latin America
CUST-10937,738,15,15,1647.56,353,Latin America
CUST-10938,775,11,11,1248.47,99,Latin America
CUST-10939,1052,37,37,5458.42,359,Europe
CUST-10940,736,31,31,1890.16,2,Europe
CUST-10941,500,15,15,2707.96,243,North America
CUST-10942,425,56,56,3511.34,297,North America
CUST-10943,290,21,21,1991.21,211,North America
CUST-10944,834,42,42,5806.61,123,Latin America
CUST-10945,963,40,40,8167.97,229,Europe
CUST-10946,934,23,23,4401.75,82,Asia-Pacific
CUST-10947,969,7,7,1191.72,144,Latin America
CUST-10948,883,18,18,1080.88,140,Latin America
CUST-10949,622,10,10,1480.85,29,Latin America
CUST-10950,743,24,24,1072.21,270,Asia-Pacific
CUST-10951,661,22,22,2417.95,247,North America
CUST-10952,88,20,20,2360.82,12,Asia-Pacific
CUST-10953,157,28,28,950.81,99,North America
CUST-10954,765,21,21,1819.59,337,Asia-Pacific
CUST-10955,750,16,16,3840.34,106,Europe
CUST-10956,555,7,7,1676.97,32,Latin America
CUST-10957,550,11,11,1147.01,74,Latin America
CUST-10958,581,8,8,277.58,171,Latin America
CUST-10959,266,29,29,1893.59,69,North America
CUST-10960,523,16,16,1811.98,301,Asia-Pacific
CUST-10961,33,20,20,4765.01,10,Europe
CUST-10962,695,12,12,681.24,137,Asia-Pacific
CUST-10963,471,34,34,6690.9,100,Latin America
CUST-10964,58,25,25,1236.34,18,Europe
CUST-10965,639,19,19,4669.88,9,Europe
CUST-10966,834,17,17,1884.68,62,Latin America
CUST-10967,104,9,9,1794.85,57,Asia-Pacific
CUST-10968,867,11,11,1122.91,29,Latin America
CUST-10969,157,5,5,831.13,125,Asia-Pacific
CUST-10970,71,26,26,1773.29,25,Europe
CUST-10971,70,27,27,1562.08,15,Europe
CUST-10972,963,28,28,6609.8,120,Latin America
CUST-10973,63,8,8,1851.77,42,Europe
CUST-10974,1070,40,40,8987.22,157,North America
CUST-10975,1027,14,14,2320.12,335,Europe
CUST-10976,617,24,24,4964.65,349,North America
CUST-10977,371,6,6,243.2,260,Europe
CUST-10978,56,35,35,3511.46,18,Latin America
CUST-10979,675,26,26,2485.16,242,Latin America
CUST-10980,760,14,14,2352.28,172,North America
CUST-10981,197,12,12,1261.09,75,Latin America
CUST-10982,639,26,26,1518.76,270,Europe
CUST-10983,297,35,35,5572.18,114,Europe
CUST-10984,850,9,9,1874.13,62,Latin America
CUST-10985,484,16,16,1775.64,362,Europe
CUST-10986,935,12,12,657.13,320,Asia-Pacific
CUST-10987,951,36,36,2493.17,102,Asia-Pacific
CUST-10988,1010,11,11,862.77,362,Europe
CUST-10989,731,7,7,647.34,210,Latin America
CUST-10990,663,27,27,4579.98,255,North America
CUST-10991,159,38,38,6088.08,20,Latin America
CUST-10992,1049,26,26,4722.07,58,North America
CUST-10993,848,33,33,3516.58,112,Latin America
CUST-10994,722,54,54,11361.57,313,Europe
CUST-10995,823,47,47,3333.23,196,Asia-Pacific
CUST-10996,58,48,48,6265.64,55,Latin America
CUST-10997,178,12,12,2462.53,97,North America
CUST-10998,40,27,27,1769.46,28,Asia-Pacific
CUST-10999,705,19,19,944.66,52,North America
CUST-11000,216,19,19,4252.75,37,Europe
CUST-11001,836,34,34,3473.41,8,Asia-Pacific
CUST-11002,773,25,25,4471.77,300,North America
CUST-11003,127,17,17,521.96,98,Latin America
CUST-11004,84,11,11,1982.87,5,Europe
CUST-11005,652,25,25,2403.07,69,Europe
CUST-11006,693,16,16,600.67,45,Europe
CUST-11007,787,34,34,5515.07,137,Latin America
CUST-11008,435,33,33,2612.97,234,Latin America
CUST-11009,98,23,23,2576.73,32,Asia-Pacific
CUST-11010,780,8,8,345.05,289,Latin America
CUST-11011,987,13,13,755.45,126,Asia-Pacific
CUST-11012,394,49,49,4510.2,67,Europe
CUST-11013,511,24,24,1084.7,30,Asia-Pacific
CUST-11014,230,38,38,8737.56,114,North America
CUST-11015,183,8,8,210.88,29,Europe
CUST-11016,102,84,84,11244.96,3,Europe
CUST-11017,742,4,4,210.92,185,Asia-Pacific
CUST-11018,325,24,24,2261.47,253,Europe
CUST-11019,1070,4,4,933.45,286,Latin America
CUST-11020,90,34,34,2086.96,9,North America
CUST-11021,968,9,9,2180.81,62,Asia-Pacific
CUST-11022,71,16,16,1140.86,3,Asia-Pacific
CUST-11023,54,22,22,4220.75,46,Europe
CUST-11024,1092,29,29,4292.07,68,Latin America
CUST-11025,160,15,15,3360.12,25,Europe
CUST-11026,137,20,20,2992.97,44,Europe
CUST-11027,201,21,21,3050.79,163,Asia-Pacific
CUST-11028,131,18,18,1241.6,55,Europe
CUST-11029,895,15,15,936.02,130,North America
CUST-11030,553,12,12,2774.52,246,Europe
CUST-11031,304,22,22,2172.8,297,Europe
CUST-11032,846,21,21,2283.09,172,Asia-Pacific
CUST-11033,986,11,11,2155.56,64,Europe
CUST-11034,1070,15,15,1518.53,31,Latin America
CUST-11035,359,4,4,956.86,47,Asia-Pacific
CUST-11036,41,15,15,2865.51,2,Europe
CUST-11037,245,4,4,637.69,96,North America
CUST-11038,368,12,12,2678.42,333,North America
CUST-11039,690,8,8,289.29,110,Asia-Pacific
CUST-11040,403,10,10,828.39,69,Asia-Pacific
CUST-11041,1005,39,39,5055.69,58,Europe
CUST-11042,739,7,7,532.49,106,Latin America
CUST-11043,495,13,13,2500.92,300,Europe
CUST-11044,518,22,22,5100.08,330,North America
CUST-11045,76,3,3,361.04,56,Latin America
CUST-11046,807,16,16,1631.68,171,Latin America
CUST-11047,1069,20,20,4826.98,162,Latin America
CUST-11048,740,8,8,1000.73,286,Europe
CUST-11049,430,5,5,675.18,71,North America
CUST-11050,1010,28,28,2915.39,255,Asia-Pacific
CUST-11051,279,3,3,688.95,55,Europe
CUST-11052,420,13,13,1989.19,323,Asia-Pacific
CUST-11053,364,7,7,1375.42,3,Latin America
CUST-11054,658,2,2,415.31,26,Latin America
CUST-11055,166,34,34,3465.15,57,Europe
CUST-11056,912,27,27,3309.69,126,North America
CUST-11057,717,36,36,7772.62,53,Latin America
CUST-11058,856,19,19,2027.92,198,Asia-Pacific
CUST-11059,756,7,7,1425.45,299,Asia-Pacific
CUST-11060,623,12,12,2840.68,188,Europe
CUST-11061,1019,5,5,826.11,186,Asia-Pacific
CUST-11062,401,14,14,2686.13,305,North America
CUST-11063,964,33,33,6802.85,298,Latin America
CUST-11064,1024,12,12,2581.61,204,Asia-Pacific
CUST-11065,431,22,22,2505.51,11,Asia-Pacific
CUST-11066,644,21,21,767.22,359,Latin America
CUST-11067,1024,6,6,692.53,354,Europe
CUST-11068,649,6,6,1059.57,146,Asia-Pacific
CUST-11069,217,26,26,3284.55,85,Europe
CUST-11070,160,9,9,1741.65,100,Europe
CUST-11071,834,23,23,2422.38,104,Asia-Pacific
CUST-11072,965,9,9,1510.36,46,North America
CUST-11073,1015,10,10,669.44,44,Europe
CUST-11074,212,22,22,4259.38,22,Asia-Pacific
CUST-11075,1012,15,15,2216.72,181,Europe
CUST-11076,393,14,14,992.8,187,Latin America
CUST-11077,68,8,8,725.44,30,North America
CUST-11078,526,19,19,3675.3,264,North America
CUST-11079,1011,9,9,1202.27,98,Latin America
CUST-11080,950,24,24,1766.57,313,Latin America
CUST-11081,751,8,8,1941.09,329,Europe
CUST-11082,45,13,13,2416.74,20,Latin America
CUST-11083,522,24,24,5768.53,281,North America
CUST-11084,923,21,21,2543.07,275,Latin America
CUST-11085,340,22,22,2901.75,261,Asia-Pacific
CUST-11086,768,16,16,3632.64,331,Asia-Pacific
CUST-11087,575,7,7,1001.95,207,Europe
CUST-11088,443,29,29,5339.99,328,North America
CUST-11089,280,17,17,1389.56,211,Asia-Pacific
CUST-11090,788,11,11,1380.65,215,Latin America
CUST-11091,1092,10,10,527.76,40,Asia-Pacific
CUST-11092,843,44,44,3139.2,26,Asia-Pacific
CUST-11093,58,15,15,378.18,27,Europe
CUST-11094,987,6,6,203.01,190,Latin America
CUST-11095,506,35,35,8571.11,83,Latin America
CUST-11096,347,13,13,1033.88,170,Latin America
CUST-11097,274,11,11,1916.69,167,Europe
CUST-11098,777,7,7,1496.58,188,Latin America
CUST-11099,726,18,18,2680.17,169,Latin America
CUST-11100,301,30,30,1783.73,289,Asia-Pacific
CUST-11101,406,18,18,3398.87,229,Asia-Pacific
CUST-11102,295,12,12,1920.68,97,Latin America
CUST-11103,955,5,5,947.66,16,North America
CUST-11104,950,14,14,2774.7,279,North America
CUST-11105,369,20,20,4889.35,135,Latin America
CUST-11106,418,9,9,1386.47,26,North America
CUST-11107,606,36,36,3667.29,352,Europe
CUST-11108,32,12,12,2050.85,12,Asia-Pacific
CUST-11109,405,21,21,848.38,72,Europe
CUST-11110,353,13,13,2949.89,133,Asia-Pacific
CUST-11111,175,28,28,1452.1,106,North America
CUST-11112,322,19,19,1876.53,220,North America
CUST-11113,461,42,42,8758.79,177,Latin America
CUST-11114,734,19,19,3028.51,282,North America
CUST-11115,978,24,24,2725.63,133,North America
CUST-11116,614,20,20,2630.46,22,Latin America
CUST-11117,428,7,7,1520.91,269,Latin America
CUST-11118,846,35,35,3552.53,161,Asia-Pacific
CUST-11119,993,22,22,4854.77,107,North America
CUST-11120,216,24,24,1075.93,23,Asia-Pacific
CUST-11121,90,32,32,6392.95,18,Asia-Pacific
CUST-11122,968,33,33,7118.04,242,Europe
CUST-11123,739,7,7,461.36,117,North America
CUST-11124,836,6,6,730.97,286,North America
CUST-11125,40,9,9,560.14,26,Europe
CUST-11126,255,6,6,1103.92,144,Asia-Pacific
CUST-11127,593,12,12,1745.44,205,North America
CUST-11128,801,7,7,1175.63,39,Asia-Pacific
CUST-11129,914,7,7,484.47,154,Europe
CUST-11130,255,21,21,1525.5,176,Latin America
CUST-11131,854,4,4,137.35,241,Asia-Pacific
CUST-11132,247,17,17,1656.91,166,North America
CUST-11133,966,29,29,4377.33,134,Latin America
CUST-11134,782,29,29,6323.03,46,Asia-Pacific
CUST-11135,535,25,25,4376.47,50,Asia-Pacific
CUST-11136,288,27,27,3320.03,166,Latin America
CUST-11137,83,26,26,6225.75,18,Latin America
CUST-11138,756,7,7,1307.81,72,Latin America
CUST-11139,718,14,14,3280.02,330,North America
CUST-11140,1073,25,25,3592.68,273,North America
CUST-11141,448,12,12,999.04,247,Asia-Pacific
CUST-11142,719,12,12,442.63,186,Asia-Pacific
CUST-11143,879,20,20,3767.38,70,Europe
CUST-11144,91,46,46,2405.49,78,North America
CUST-11145,245,28,28,2607.48,150,Asia-Pacific
CUST-11146,32,4,4,579.22,22,Latin America
CUST-11147,189,19,19,2887.88,6,Latin America
CUST-11148,810,8,8,1281.05,26,North America
CUST-11149,922,29,29,1809.82,140,Latin America
CUST-11150,358,37,37,4086.31,99,Europe
CUST-11151,609,51,51,8357.3,278,Asia-Pacific
CUST-11152,981,29,29,7053.07,51,Asia-Pacific
CUST-11153,664,23,23,4340.49,151,Asia-Pacific
CUST-11154,1017,24,24,5582.06,104,North America
CUST-11155,950,8,8,1571.98,89,Latin America
CUST-11156,767,16,16,2530.18,141,Europe
CUST-11157,199,19,19,1295.9,138,North America
CUST-11158,550,11,11,1925.05,183,Asia-Pacific
CUST-11159,69,23,23,3800.99,9,Europe
CUST-11160,984,55,55,8830.56,79,Asia-Pacific
CUST-11161,1013,4,4,540.81,52,Asia-Pacific
CUST-11162,1004,25,25,3598.69,269,North America
CUST-11163,67,17,17,1704.24,51,Asia-Pacific
CUST-11164,357,23,23,3262.44,186,Europe
CUST-11165,943,19,19,1319.55,34,Asia-Pacific
CUST-11166,483,14,14,2886.3,291,Latin America
CUST-11167,66,5,5,334.0,3,Asia-Pacific
CUST-11168,1002,26,26,1147.05,120,North America
CUST-11169,825,23,23,2832.57,326,Europe
CUST-11170,1002,23,23,3981.74,247,North America
CUST-11171,622,35,35,4322.02,192,Latin America
CUST-11172,1093,12,12,1047.24,323,Asia-Pacific
CUST-11173,253,17,17,2560.0,210,North America
CUST-11174,347,9,9,927.68,103,North America
CUST-11175,378,12,12,2818.74,329,North America
CUST-11176,144,6,6,1395.57,116,North America
CUST-11177,727,10,10,1380.34,133,Latin America
CUST-11178,1093,22,22,2173.03,323,Latin America
CUST-11179,69,52,52,9924.45,11,Asia-Pacific
CUST-11180,245,7,7,232.82,121,Asia-Pacific
CUST-11181,365,14,14,1845.52,94,Europe
CUST-11182,121,47,47,4731.62,68,Latin America
CUST-11183,382,24,24,5570.89,129,North America
CUST-11184,600,21,21,581.71,91,North America
CUST-11185,845,9,9,1344.45,92,Europe
CUST-11186,810,15,15,2874.74,63,North America
CUST-11187,392,11,11,1475.42,29,Europe
CUST-11188,586,23,23,1016.96,210,Asia-Pacific
CUST-11189,385,23,23,5607.49,12,Latin America
CUST-11190,220,12,12,1698.63,77,Europe
CUST-11191,451,14,14,2284.69,297,North America
CUST-11192,729,35,35,2738.3,130,Europe
CUST-11193,36,37,37,4950.12,16,Asia-Pacific
CUST-11194,162,13,13,1580.26,24,North America
CUST-11195,586,14,14,585.92,99,Asia-Pacific
CUST-11196,855,7,7,342.2,356,Asia-Pacific
CUST-11197,790,14,14,2988.04,139,Europe
CUST-11198,1084,18,18,1421.27,314,Asia-Pacific
CUST-11199,564,5,5,344.33,174,North America
CUST-11200,455,22,22,3049.31,29,Asia-Pacific
