transaction_id,customer_id,transaction_date,amount
1001,105,2024-01-01 00:51:56,220.94
1002,103,2024-01-01 10:47:50,140.55
1003,127,2024-01-01 12:03:59,80.15
1004,116,2024-01-01 14:29:49,88.51
1005,149,2024-01-01 15:22:15,50.59
1006,115,2024-01-01 18:46:56,182.37
1007,135,2024-01-01 19:06:46,101.31
1008,112,2024-01-01 19:16:43,61.43
1009,141,2024-01-02 04:55:47,123.78
1010,144,2024-01-02 12:32:40,669.86
1011,126,2024-01-02 15:37:40,83.57
1012,147,2024-01-02 20:27:12,319.13
1013,134,2024-01-03 09:26:50,65.78
1014,123,2024-01-04 06:16:11,21.75
1015,131,2024-01-04 08:47:33,42.42
1016,150,2024-01-04 11:10:46,80.1
1017,120,2024-01-04 13:48:38,44.76
1018,112,2024-01-04 19:19:49,15.03
1019,123,2024-01-04 21:36:10,310.81
1020,104,2024-01-05 10:37:07,237.86
1021,123,2024-01-05 14:40:37,177.71
1022,148,2024-01-05 18:34:27,37.04
1023,148,2024-01-05 18:35:57,30.39
1024,101,2024-01-05 19:07:02,23.4
1025,125,2024-01-05 19:24:42,169.5
1026,102,2024-01-05 20:51:05,332.08
1027,130,2024-01-06 01:10:47,82.57
1028,103,2024-01-06 12:00:34,30.22
1029,121,2024-01-06 12:06:53,101.19
1030,125,2024-01-06 12:43:55,66.48
1031,120,2024-01-07 06:50:17,71.37
1032,149,2024-01-07 12:19:57,131.53
1033,122,2024-01-07 12:21:23,167.21
1034,121,2024-01-07 13:08:20,29.07
1035,133,2024-01-08 06:16:01,19.35
1036,138,2024-01-08 13:31:54,635.71
1037,115,2024-01-08 17:21:11,46.79
1038,146,2024-01-08 19:43:33,21.64
1039,115,2024-01-09 04:12:48,40.27
1040,146,2024-01-09 10:34:48,19.77
1041,125,2024-01-09 15:11:28,74.67
1042,121,2024-01-09 19:33:54,209.58
1043,124,2024-01-10 00:28:54,65.09
1044,105,2024-01-10 08:06:43,85.48
1045,106,2024-01-10 12:53:42,150.09
1046,149,2024-01-10 19:20:26,100.33
1047,143,2024-01-11 08:25:38,252.18
1048,148,2024-01-11 12:42:35,256.22
1049,144,2024-01-11 21:34:00,16.2
1050,147,2024-01-12 13:23:05,195.63
1051,123,2024-01-12 16:02:51,89.11
1052,104,2024-01-12 18:10:29,554.46
1053,127,2024-01-12 20:22:49,94.22
1054,118,2024-01-12 20:34:27,535.18
1055,121,2024-01-13 07:51:57,183.57
1056,128,2024-01-13 08:11:12,49.3
1057,135,2024-01-13 12:28:57,107.77
1058,122,2024-01-13 13:18:11,596.45
1059,140,2024-01-13 15:59:53,248.84
1060,123,2024-01-14 08:50:11,27.29
1061,103,2024-01-14 10:39:34,162.05
1062,140,2024-01-14 11:26:15,65.88
1063,150,2024-01-14 12:00:51,15.84
1064,110,2024-01-14 17:40:37,77.0
1065,125,2024-01-14 18:43:40,47.11
1066,149,2024-01-14 19:43:30,220.02
1067,108,2024-01-15 12:12:21,64.38
1068,111,2024-01-15 13:56:24,225.9
1069,105,2024-01-15 14:45:49,15.07
1070,145,2024-01-15 15:16:28,59.15
1071,137,2024-01-15 15:32:54,48.12
1072,145,2024-01-15 20:44:19,46.92
1073,138,2024-01-16 17:09:34,23.47
1074,129,2024-01-16 18:35:53,39.86
1075,105,2024-01-16 20:37:15,112.31
1076,109,2024-01-17 02:28:01,56.33
1077,148,2024-01-17 12:19:14,79.83
1078,102,2024-01-17 13:12:58,71.76
1079,101,2024-01-17 13:47:48,265.4
1080,140,2024-01-17 19:55:14,297.84
1081,130,2024-01-18 10:15:25,96.5
1082,111,2024-01-18 14:26:46,63.09
1083,128,2024-01-19 18:33:38,28.55
1084,144,2024-01-19 20:16:27,382.95
1085,112,2024-01-19 20:40:59,22.45
1086,139,2024-01-20 14:33:11,57.4
1087,126,2024-01-20 14:38:37,57.47
1088,113,2024-01-20 19:13:31,61.35
1089,108,2024-01-20 20:59:12,36.54
1090,128,2024-01-21 15:56:57,198.43
1091,130,2024-01-21 18:37:31,30.68
1092,109,2024-01-22 10:42:41,135.91
1093,139,2024-01-22 12:27:37,30.87
1094,131,2024-01-22 17:21:14,23.78
1095,121,2024-01-23 09:04:06,303.2
1096,147,2024-01-23 13:53:16,40.31
1097,134,2024-01-23 16:19:24,221.61
1098,131,2024-01-23 21:19:36,109.4
1099,125,2024-01-25 07:30:31,24.73
1100,112,2024-01-25 08:49:11,388.33
1101,101,2024-01-25 11:14:39,49.04
1102,122,2024-01-25 11:59:02,250.63
1103,140,2024-01-25 13:22:14,37.19
1104,137,2024-01-25 18:48:32,245.85
1105,147,2024-01-25 21:26:20,16.6
1106,101,2024-01-26 11:19:18,101.04
1107,101,2024-01-26 20:25:47,191.07
1108,142,2024-01-26 20:53:45,342.63
1109,142,2024-01-26 22:10:53,302.89
1110,121,2024-01-27 14:23:26,220.53
1111,115,2024-01-27 20:57:51,277.92
1112,117,2024-01-28 11:56:14,41.66
1113,122,2024-01-28 12:05:13,55.12
1114,138,2024-01-28 15:55:49,55.92
1115,135,2024-01-28 19:55:34,71.8
1116,145,2024-01-28 21:58:28,74.97
1117,116,2024-01-29 02:52:23,109.38
1118,108,2024-01-29 15:27:06,35.91
1119,147,2024-01-29 15:56:04,156.03
1120,117,2024-01-29 18:52:45,37.01
1121,117,2024-01-29 20:10:07,59.58
1122,126,2024-01-30 19:22:56,98.98
1123,113,2024-01-31 15:13:31,206.02
1124,117,2024-02-01 20:49:48,176.4
1125,138,2024-02-02 12:30:21,139.46
1126,117,2024-02-02 15:48:44,35.32
1127,148,2024-02-02 18:52:42,110.04
1128,114,2024-02-03 11:29:45,25.98
1129,145,2024-02-03 12:11:24,71.86
1130,106,2024-02-03 12:20:18,79.03
1131,135,2024-02-03 13:29:35,19.88
1132,146,2024-02-03 18:20:39,53.42
1133,114,2024-02-03 18:28:51,388.88
1134,147,2024-02-04 12:45:14,383.54
1135,108,2024-02-04 13:21:51,67.12
1136,115,2024-02-04 17:24:55,20.29
1137,127,2024-02-04 18:15:52,38.68
1138,113,2024-02-04 19:45:46,74.75
1139,149,2024-02-04 21:21:07,369.27
1140,131,2024-02-05 09:59:26,33.27
1141,135,2024-02-05 10:14:02,188.02
1142,106,2024-02-05 12:36:49,28.81
1143,105,2024-02-05 13:03:53,492.24
1144,122,2024-02-05 18:40:26,72.68
1145,149,2024-02-05 21:22:22,194.12
1146,123,2024-02-06 13:07:42,65.33
1147,125,2024-02-06 20:12:41,133.56
1148,134,2024-02-06 20:17:59,40.59
1149,126,2024-02-07 06:04:12,33.94
1150,147,2024-02-07 12:43:12,348.8
1151,105,2024-02-07 14:08:05,314.61
1152,126,2024-02-07 14:11:28,277.14
1153,120,2024-02-07 17:27:13,132.84
1154,106,2024-02-08 07:34:21,213.2
1155,106,2024-02-08 09:03:22,23.58
1156,150,2024-02-08 09:46:09,63.92
1157,118,2024-02-08 10:03:50,60.17
1158,104,2024-02-08 10:11:29,136.16
1159,117,2024-02-08 10:43:46,67.8
1160,114,2024-02-08 12:13:44,34.29
1161,114,2024-02-08 12:55:49,123.9
1162,113,2024-02-08 15:55:08,217.09
1163,107,2024-02-08 19:05:29,72.78
1164,144,2024-02-09 18:50:01,32.02
1165,115,2024-02-09 19:34:10,41.28
1166,119,2024-02-10 08:46:02,47.54
1167,143,2024-02-10 12:35:23,57.78
1168,147,2024-02-10 14:33:47,138.53
1169,144,2024-02-10 17:51:18,125.24
1170,135,2024-02-11 08:03:28,157.92
1171,117,2024-02-11 08:19:47,69.02
1172,135,2024-02-11 13:23:24,223.47
1173,119,2024-02-11 14:02:54,42.39
1174,120,2024-02-11 18:56:48,90.97
1175,136,2024-02-11 20:24:52,208.7
1176,135,2024-02-11 23:17:16,38.84
1177,132,2024-02-12 12:18:09,28.97
1178,148,2024-02-12 19:23:22,273.17
1179,144,2024-02-13 08:24:40,65.4
1180,140,2024-02-13 11:58:15,153.19
1181,124,2024-02-13 11:59:25,18.08
1182,117,2024-02-13 18:35:01,155.56
1183,107,2024-02-13 19:35:37,60.59
1184,143,2024-02-14 11:16:53,21.88
1185,150,2024-02-15 05:17:05,127.94
1186,101,2024-02-15 13:39:18,48.06
1187,135,2024-02-15 14:28:59,73.69
1188,132,2024-02-15 15:00:15,25.08
1189,136,2024-02-16 06:26:07,34.1
1190,113,2024-02-16 08:05:18,57.45
1191,106,2024-02-16 10:38:03,26.29
1192,114,2024-02-16 13:02:07,305.06
1193,137,2024-02-16 14:33:06,15.73
1194,148,2024-02-16 14:44:42,94.37
1195,115,2024-02-16 19:07:49,30.78
1196,147,2024-02-17 09:02:47,59.12
1197,104,2024-02-17 13:48:32,327.54
1198,140,2024-02-17 19:07:09,36.16
1199,116,2024-02-18 11:44:03,420.18
1200,128,2024-02-18 14:09:37,42.65
1201,116,2024-02-18 17:10:28,177.37
1202,104,2024-02-18 20:20:50,109.94
1203,145,2024-02-19 02:34:48,274.0
1204,126,2024-02-20 10:08:22,111.89
1205,128,2024-02-20 13:17:08,106.77
1206,132,2024-02-20 16:54:37,41.1
1207,145,2024-02-20 18:12:45,36.82
1208,102,2024-02-20 18:51:14,312.93
1209,131,2024-02-20 19:54:34,62.67
1210,103,2024-02-20 21:48:16,70.84
1211,108,2024-02-20 23:27:36,186.17
1212,124,2024-02-21 12:33:07,64.65
1213,115,2024-02-21 16:49:25,379.54
1214,143,2024-02-21 19:44:07,175.7
1215,131,2024-02-22 12:20:18,124.19
1216,109,2024-02-22 15:31:11,270.33
1217,139,2024-02-22 18:52:32,21.11
1218,145,2024-02-22 19:26:05,50.66
1219,102,2024-02-22 19:26:26,90.07
1220,108,2024-02-22 20:39:42,45.89
1221,107,2024-02-22 20:59:27,178.46
1222,144,2024-02-22 22:12:26,316.91
1223,139,2024-02-23 04:27:46,81.15
1224,142,2024-02-23 11:42:07,65.25
1225,116,2024-02-23 13:08:25,406.01
1226,135,2024-02-23 19:00:14,85.62
1227,130,2024-02-23 19:03:39,95.58
1228,110,2024-02-23 19:29:45,67.0
1229,138,2024-02-23 19:33:07,303.35
1230,118,2024-02-23 23:02:20,115.99
1231,150,2024-02-24 01:54:16,187.35
1232,105,2024-02-24 02:23:41,215.43
1233,129,2024-02-24 20:17:27,65.2
1234,139,2024-02-24 20:24:37,83.23
1235,134,2024-02-24 20:40:38,241.44
1236,143,2024-02-25 12:05:26,69.17
1237,145,2024-02-25 14:48:17,204.55
1238,123,2024-02-26 03:20:39,354.61
1239,105,2024-02-26 17:23:54,132.13
1240,130,2024-02-27 12:16:15,177.4
1241,106,2024-02-27 12:42:53,211.23
1242,146,2024-02-27 15:44:04,238.75
1243,144,2024-02-27 19:37:13,75.31
1244,104,2024-02-27 19:57:18,21.31
1245,129,2024-02-27 20:19:32,76.67
1246,123,2024-02-28 20:27:35,149.41
1247,106,2024-02-28 21:44:58,86.82
1248,132,2024-02-28 23:56:54,180.86
1249,142,2024-02-29 08:09:21,67.99
1250,118,2024-02-29 13:01:58,135.86
1251,115,2024-02-29 19:22:05,39.76
1252,140,2024-03-01 11:27:10,181.05
1253,132,2024-03-01 12:13:07,109.68
1254,109,2024-03-01 19:57:53,42.39
1255,137,2024-03-02 00:04:08,56.42
1256,110,2024-03-02 00:59:44,180.69
1257,120,2024-03-02 12:15:40,94.07
1258,106,2024-03-02 16:29:55,44.21
1259,148,2024-03-02 17:34:24,425.34
1260,103,2024-03-03 10:48:57,165.68
1261,142,2024-03-03 11:37:15,392.96
1262,111,2024-03-03 14:25:17,81.85
1263,143,2024-03-03 15:18:50,92.35
1264,117,2024-03-03 16:52:46,288.88
1265,132,2024-03-03 18:08:24,104.35
1266,104,2024-03-03 19:28:15,162.42
1267,104,2024-03-03 20:32:00,49.87
1268,117,2024-03-04 18:16:08,86.03
1269,141,2024-03-05 16:56:33,30.81
1270,119,2024-03-05 19:04:22,42.68
1271,105,2024-03-05 20:08:05,15.11
1272,132,2024-03-06 19:35:13,19.81
1273,122,2024-03-06 20:41:09,469.16
1274,106,2024-03-07 16:33:31,48.3
1275,135,2024-03-07 19:24:04,145.63
1276,122,2024-03-07 20:31:59,234.24
1277,101,2024-03-08 09:26:15,111.0
1278,120,2024-03-08 18:19:08,34.95
1279,122,2024-03-09 08:50:46,171.29
1280,148,2024-03-09 09:25:59,125.03
1281,111,2024-03-09 11:40:57,172.68
1282,113,2024-03-09 12:23:00,191.23
1283,142,2024-03-09 12:45:37,459.65
1284,103,2024-03-09 18:04:28,117.27
1285,109,2024-03-09 19:39:20,65.16
1286,112,2024-03-10 04:46:28,140.45
1287,123,2024-03-10 13:36:50,23.51
1288,114,2024-03-12 12:08:41,288.23
1289,133,2024-03-12 20:10:52,30.26
1290,118,2024-03-13 19:40:53,62.67
1291,149,2024-03-13 21:33:55,217.97
1292,141,2024-03-14 12:59:52,124.15
1293,109,2024-03-15 02:59:43,75.03
1294,123,2024-03-15 10:38:20,91.97
1295,110,2024-03-15 10:48:47,246.35
1296,119,2024-03-15 18:17:22,64.86
1297,147,2024-03-15 18:41:54,259.5
1298,105,2024-03-15 21:19:16,26.07
1299,147,2024-03-16 09:17:09,194.96
1300,123,2024-03-16 17:57:44,240.71
1301,130,2024-03-16 18:01:10,39.08
1302,125,2024-03-16 18:16:47,82.53
1303,128,2024-03-16 19:58:18,36.71
1304,134,2024-03-18 13:54:55,162.15
1305,145,2024-03-18 15:35:30,106.98
1306,148,2024-03-18 16:57:15,136.05
1307,147,2024-03-18 19:34:30,41.25
1308,125,2024-03-18 19:39:16,43.55
1309,110,2024-03-18 20:28:15,20.09
1310,114,2024-03-20 11:26:45,61.64
1311,142,2024-03-20 12:56:21,113.45
1312,146,2024-03-21 06:36:57,249.18
1313,130,2024-03-21 14:01:16,146.93
1314,141,2024-03-21 16:51:57,83.6
1315,125,2024-03-21 19:58:26,382.22
1316,114,2024-03-21 20:26:02,167.43
1317,135,2024-03-21 23:28:07,334.39
1318,148,2024-03-22 04:36:51,104.99
1319,134,2024-03-22 12:37:23,50.96
1320,110,2024-03-22 18:02:57,21.51
1321,135,2024-03-23 14:35:05,170.39
1322,111,2024-03-23 21:32:42,30.52
1323,111,2024-03-24 08:12:37,58.28
1324,121,2024-03-24 10:36:41,106.24
1325,121,2024-03-24 19:12:59,114.73
1326,122,2024-03-25 13:01:57,125.13
1327,145,2024-03-25 14:21:12,36.82
1328,107,2024-03-26 11:35:49,72.31
1329,117,2024-03-26 13:53:18,130.23
1330,102,2024-03-26 14:36:35,435.06
1331,112,2024-03-26 19:38:55,171.07
1332,142,2024-03-26 20:37:56,322.06
1333,118,2024-03-27 19:03:43,187.37
1334,111,2024-03-27 20:53:02,122.5
1335,116,2024-03-28 09:31:58,40.59
1336,149,2024-03-28 13:43:10,146.84
1337,118,2024-03-29 04:54:26,132.18
1338,135,2024-03-29 13:37:46,125.7
1339,126,2024-03-29 13:52:16,95.75
1340,116,2024-03-29 18:16:33,105.26
1341,106,2024-03-29 22:27:28,63.86
1342,144,2024-03-30 10:35:16,102.9
1343,143,2024-03-30 13:04:39,41.41
1344,147,2024-03-30 14:31:14,211.28
1345,147,2024-03-30 16:26:12,39.66
1346,148,2024-03-30 17:49:51,25.66
1347,142,2024-03-31 16:38:15,83.78
1348,112,2024-04-01 08:12:02,143.86
1349,113,2024-04-01 14:18:09,84.09
1350,104,2024-04-01 16:01:45,53.88
1351,139,2024-04-01 17:53:42,113.02
1352,102,2024-04-01 18:52:20,66.14
1353,126,2024-04-01 19:32:19,339.13
1354,127,2024-04-02 09:31:32,322.12
1355,127,2024-04-02 12:50:45,98.75
1356,115,2024-04-03 09:33:11,62.68
1357,108,2024-04-03 09:46:01,175.33
1358,107,2024-04-03 18:01:22,19.49
1359,147,2024-04-04 02:37:36,92.27
1360,146,2024-04-04 16:33:39,64.2
1361,140,2024-04-04 17:27:41,318.89
1362,112,2024-04-04 17:47:19,16.45
1363,113,2024-04-04 20:22:22,111.57
1364,143,2024-04-04 20:52:36,176.96
1365,117,2024-04-04 23:44:56,94.63
1366,117,2024-04-05 06:06:59,25.71
1367,136,2024-04-05 13:29:17,446.06
1368,121,2024-04-05 14:26:48,102.58
1369,108,2024-04-05 14:33:37,129.29
1370,105,2024-04-05 18:17:32,47.4
1371,126,2024-04-05 20:29:48,94.28
1372,116,2024-04-06 13:38:51,82.28
1373,136,2024-04-06 18:15:18,24.34
1374,128,2024-04-06 19:07:09,28.47
1375,129,2024-04-06 20:21:38,233.03
1376,147,2024-04-07 04:46:30,47.9
1377,112,2024-04-07 11:29:55,41.02
1378,137,2024-04-07 12:34:17,99.36
1379,130,2024-04-07 14:09:53,190.71
1380,123,2024-04-07 19:12:49,22.67
1381,116,2024-04-07 20:00:31,118.19
1382,114,2024-04-07 22:18:21,30.23
1383,110,2024-04-08 11:33:26,19.46
1384,107,2024-04-08 14:32:44,21.5
1385,145,2024-04-08 15:19:29,230.61
1386,137,2024-04-08 16:05:21,30.06
1387,129,2024-04-08 18:18:27,20.54
1388,103,2024-04-08 18:24:51,84.13
1389,115,2024-04-08 18:25:00,237.94
1390,136,2024-04-08 20:13:03,51.52
1391,147,2024-04-08 20:57:32,80.72
1392,146,2024-04-09 12:56:31,19.89
1393,119,2024-04-09 19:21:46,86.54
1394,113,2024-04-09 20:36:24,118.42
1395,142,2024-04-09 22:17:54,116.53
1396,121,2024-04-10 00:53:55,63.49
1397,137,2024-04-10 09:43:19,60.49
1398,127,2024-04-10 12:10:00,28.53
1399,129,2024-04-10 12:15:01,69.84
1400,120,2024-04-10 12:23:50,27.58
1401,125,2024-04-10 12:48:53,189.6
1402,106,2024-04-10 17:47:01,421.74
1403,136,2024-04-10 19:39:55,436.09
1404,102,2024-04-11 17:02:58,255.36
1405,122,2024-04-12 03:11:57,125.19
1406,132,2024-04-12 07:35:49,159.82
1407,116,2024-04-12 09:04:15,55.29
1408,118,2024-04-12 19:49:58,134.56
1409,105,2024-04-12 21:15:10,87.98
1410,136,2024-04-13 09:33:30,93.94
1411,130,2024-04-13 12:16:08,185.15
1412,145,2024-04-13 12:40:23,54.74
1413,119,2024-04-13 13:35:17,60.93
1414,123,2024-04-13 13:45:23,325.26
1415,134,2024-04-13 15:36:52,21.94
1416,113,2024-04-13 17:25:21,94.78
1417,143,2024-04-13 19:39:58,307.75
1418,129,2024-04-14 19:35:57,128.1
1419,136,2024-04-14 22:58:47,109.87
1420,122,2024-04-15 05:24:10,49.48
1421,147,2024-04-15 12:55:02,65.46
1422,136,2024-04-15 16:44:37,244.3
1423,109,2024-04-15 19:46:44,113.3
1424,139,2024-04-16 13:56:07,101.77
1425,119,2024-04-16 15:28:30,27.59
1426,138,2024-04-17 09:36:38,16.94
1427,106,2024-04-17 10:22:08,412.86
1428,147,2024-04-17 11:16:59,71.78
1429,115,2024-04-17 12:38:41,125.92
1430,120,2024-04-17 12:51:47,24.97
1431,109,2024-04-18 05:54:09,152.91
1432,132,2024-04-18 15:29:29,338.59
1433,104,2024-04-18 20:10:41,117.87
1434,150,2024-04-19 20:00:30,31.18
1435,118,2024-04-20 13:06:32,119.59
1436,105,2024-04-20 16:46:24,189.47
1437,120,2024-04-20 18:33:53,77.59
1438,123,2024-04-20 19:20:28,269.27
1439,111,2024-04-20 20:54:11,140.53
1440,137,2024-04-20 20:58:22,290.41
1441,122,2024-04-20 21:42:42,132.22
1442,104,2024-04-20 22:24:52,31.89
1443,129,2024-04-21 08:44:33,59.47
1444,144,2024-04-21 12:15:44,42.05
1445,134,2024-04-21 14:08:41,302.4
1446,113,2024-04-21 18:41:20,186.45
1447,142,2024-04-21 19:07:47,150.39
1448,109,2024-04-22 08:25:39,57.97
1449,142,2024-04-22 09:10:56,39.41
1450,131,2024-04-22 09:37:42,184.49
1451,107,2024-04-22 10:43:27,92.13
1452,104,2024-04-22 12:34:20,45.71
1453,119,2024-04-22 13:04:16,130.05
1454,142,2024-04-22 13:08:21,19.94
1455,130,2024-04-22 14:55:59,62.37
1456,131,2024-04-22 20:19:05,90.86
1457,135,2024-04-23 17:29:16,34.21
1458,121,2024-04-23 19:19:10,516.23
1459,131,2024-04-23 19:58:38,43.15
1460,119,2024-04-24 09:55:27,31.76
1461,131,2024-04-24 15:05:46,42.31
1462,132,2024-04-24 15:27:10,190.87
1463,102,2024-04-25 13:58:12,81.51
1464,110,2024-04-25 15:44:50,115.0
1465,102,2024-04-25 20:25:38,17.55
1466,102,2024-04-26 01:02:41,19.2
1467,124,2024-04-26 07:34:27,85.83
1468,117,2024-04-26 10:05:28,218.57
1469,132,2024-04-26 14:00:30,274.79
1470,116,2024-04-26 15:40:12,25.88
1471,116,2024-04-27 01:30:04,107.76
1472,146,2024-04-27 08:35:06,308.34
1473,139,2024-04-27 08:59:12,73.92
1474,131,2024-04-27 13:31:49,227.33
1475,143,2024-04-27 15:29:47,32.22
1476,124,2024-04-27 19:02:20,343.73
1477,101,2024-04-28 07:48:30,182.04
1478,111,2024-04-28 19:41:14,355.31
1479,121,2024-04-28 20:55:30,150.47
1480,104,2024-04-29 02:56:58,69.19
1481,107,2024-04-29 11:37:03,349.03
1482,126,2024-04-29 13:12:46,53.68
1483,147,2024-04-29 18:29:04,63.45
1484,150,2024-04-30 15:10:39,159.8
1485,112,2024-04-30 19:03:32,188.94
1486,131,2024-05-01 01:57:37,333.09
1487,117,2024-05-01 11:05:33,42.5
1488,133,2024-05-01 12:57:33,206.94
1489,111,2024-05-01 19:16:12,175.98
1490,128,2024-05-01 19:27:50,22.91
1491,132,2024-05-01 19:38:25,73.77
1492,101,2024-05-01 19:49:00,54.88
1493,147,2024-05-02 13:46:33,58.57
1494,128,2024-05-02 19:11:01,503.57
1495,142,2024-05-03 13:30:21,138.53
1496,107,2024-05-03 18:20:28,166.76
1497,102,2024-05-04 13:38:48,465.69
1498,142,2024-05-04 21:11:36,71.82
1499,124,2024-05-05 10:05:21,209.24
1500,104,2024-05-05 11:18:06,83.41
1501,144,2024-05-05 16:19:55,259.4
1502,119,2024-05-05 18:31:37,38.91
1503,126,2024-05-05 19:16:31,369.06
1504,111,2024-05-05 22:33:26,44.63
1505,140,2024-05-06 01:40:44,62.38
1506,150,2024-05-06 05:03:32,184.37
1507,143,2024-05-06 13:58:04,75.06
1508,111,2024-05-06 17:08:54,127.44
1509,145,2024-05-07 12:34:58,85.56
1510,103,2024-05-07 12:35:38,177.75
1511,112,2024-05-07 13:24:51,46.1
1512,103,2024-05-07 15:21:01,22.23
1513,142,2024-05-07 19:13:47,57.79
1514,127,2024-05-07 19:53:54,92.16
1515,149,2024-05-07 20:52:08,37.07
1516,102,2024-05-08 06:38:34,67.58
1517,149,2024-05-08 09:52:02,76.3
1518,116,2024-05-08 12:21:21,22.09
1519,102,2024-05-08 18:17:18,120.05
1520,130,2024-05-09 05:52:04,273.86
1521,120,2024-05-09 13:23:48,34.75
1522,138,2024-05-09 13:33:22,124.3
1523,128,2024-05-09 18:21:31,146.14
1524,125,2024-05-09 20:34:29,80.23
1525,132,2024-05-10 05:13:56,159.92
1526,110,2024-05-10 10:36:11,78.46
1527,142,2024-05-10 16:17:00,99.3
1528,140,2024-05-10 18:46:56,15.89
1529,133,2024-05-10 18:59:09,156.21
1530,113,2024-05-10 20:14:39,144.93
1531,141,2024-05-10 20:18:55,19.7
1532,142,2024-05-11 12:53:02,70.11
1533,147,2024-05-11 16:25:58,478.77
1534,137,2024-05-11 20:10:31,80.52
1535,116,2024-05-12 00:23:12,98.65
1536,145,2024-05-12 04:21:18,303.86
1537,122,2024-05-12 12:12:43,166.59
1538,120,2024-05-12 13:12:55,119.69
1539,150,2024-05-12 18:53:29,206.82
1540,143,2024-05-12 23:25:27,254.74
1541,127,2024-05-13 12:31:19,88.25
1542,141,2024-05-13 12:55:31,92.35
1543,116,2024-05-13 13:54:18,73.54
1544,134,2024-05-13 19:08:58,423.29
1545,132,2024-05-13 20:35:43,158.35
1546,126,2024-05-13 22:19:56,25.43
1547,125,2024-05-14 09:38:09,253.5
1548,102,2024-05-14 17:45:18,93.6
1549,112,2024-05-14 19:10:22,23.55
1550,140,2024-05-15 16:07:19,110.75
1551,109,2024-05-15 18:58:36,79.78
1552,112,2024-05-15 23:36:38,267.2
1553,126,2024-05-15 23:50:52,42.38
1554,109,2024-05-16 07:23:25,225.16
1555,110,2024-05-16 17:46:24,112.89
1556,132,2024-05-16 18:21:47,21.74
1557,134,2024-05-16 18:40:22,443.4
1558,148,2024-05-16 20:56:33,101.24
1559,120,2024-05-17 13:38:29,56.25
1560,139,2024-05-17 15:35:11,91.05
1561,102,2024-05-18 13:43:19,249.11
1562,101,2024-05-18 15:05:04,58.64
1563,136,2024-05-19 07:24:58,40.68
1564,124,2024-05-19 13:23:21,31.58
1565,127,2024-05-20 01:21:37,57.43
1566,102,2024-05-20 09:16:39,196.72
1567,131,2024-05-20 12:23:16,91.55
1568,114,2024-05-20 12:45:00,45.97
1569,102,2024-05-20 13:48:23,36.81
1570,129,2024-05-21 19:17:28,63.55
1571,115,2024-05-21 20:40:55,352.46
1572,112,2024-05-22 12:46:46,65.41
1573,137,2024-05-22 12:59:52,546.99
1574,128,2024-05-22 13:09:26,94.68
1575,120,2024-05-22 13:56:35,38.69
1576,139,2024-05-22 20:41:30,281.12
1577,124,2024-05-23 12:28:54,89.02
1578,121,2024-05-23 13:05:56,163.41
1579,110,2024-05-23 15:44:14,509.08
1580,146,2024-05-23 17:44:08,21.18
1581,114,2024-05-23 18:40:32,27.2
1582,137,2024-05-23 18:43:09,167.95
1583,118,2024-05-23 18:56:19,54.73
1584,124,2024-05-23 20:20:17,39.45
1585,114,2024-05-24 04:46:56,19.82
1586,134,2024-05-24 08:25:42,17.65
1587,112,2024-05-24 19:26:16,193.72
1588,122,2024-05-24 19:34:28,32.32
1589,106,2024-05-24 20:56:12,90.67
1590,136,2024-05-24 23:54:39,126.74
1591,145,2024-05-25 13:09:18,82.11
1592,136,2024-05-25 13:25:20,18.3
1593,122,2024-05-25 14:29:55,198.62
1594,114,2024-05-25 18:35:46,16.27
1595,116,2024-05-26 02:26:18,187.2
1596,136,2024-05-26 03:52:01,283.53
1597,125,2024-05-26 14:30:41,83.05
1598,132,2024-05-26 15:23:56,107.03
1599,133,2024-05-26 19:54:43,92.78
1600,145,2024-05-26 21:12:27,74.16
1601,136,2024-05-26 22:43:44,277.1
1602,120,2024-05-27 12:03:09,284.24
1603,118,2024-05-27 13:50:40,64.1
1604,138,2024-05-27 15:02:34,129.56
1605,103,2024-05-27 19:06:18,328.92
1606,123,2024-05-27 22:28:40,407.61
1607,132,2024-05-27 23:19:05,100.35
1608,145,2024-05-28 07:14:52,87.36
1609,116,2024-05-28 16:55:07,54.2
1610,105,2024-05-28 18:53:52,397.93
1611,104,2024-05-28 19:55:35,33.49
1612,121,2024-05-29 08:18:04,119.05
1613,140,2024-05-29 09:21:08,54.85
1614,114,2024-05-29 14:43:16,54.26
1615,139,2024-05-29 18:27:59,77.3
1616,131,2024-05-30 03:01:57,821.35
1617,114,2024-05-30 12:01:05,21.78
1618,106,2024-05-30 13:30:14,118.68
1619,112,2024-05-30 16:08:16,25.34
1620,116,2024-05-30 19:45:02,35.14
1621,117,2024-05-30 20:28:03,84.48
1622,145,2024-05-31 04:01:21,100.71
1623,123,2024-05-31 08:28:19,50.94
1624,114,2024-05-31 08:40:19,60.66
1625,107,2024-05-31 13:41:52,25.92
1626,146,2024-05-31 14:11:44,58.35
1627,132,2024-05-31 19:25:31,422.75
1628,115,2024-05-31 19:33:08,362.41
1629,144,2024-05-31 20:12:26,63.93
1630,117,2024-05-31 20:59:29,116.51
1631,141,2024-06-01 04:58:54,303.42
1632,147,2024-06-01 13:26:51,15.74
1633,144,2024-06-01 14:50:05,214.72
1634,134,2024-06-01 17:55:24,370.64
1635,105,2024-06-02 12:19:28,26.49
1636,145,2024-06-02 12:45:24,36.13
1637,127,2024-06-02 13:17:11,403.53
1638,123,2024-06-02 19:56:34,107.54
1639,140,2024-06-02 20:07:41,16.72
1640,114,2024-06-02 20:07:50,50.75
1641,115,2024-06-02 20:58:46,86.73
1642,143,2024-06-03 15:19:11,156.67
1643,133,2024-06-03 20:29:10,173.53
1644,131,2024-06-04 13:13:43,661.37
1645,135,2024-06-04 18:44:17,55.68
1646,117,2024-06-05 12:21:02,107.72
1647,128,2024-06-05 13:39:39,106.45
1648,119,2024-06-05 14:57:48,77.43
1649,146,2024-06-05 19:56:29,37.24
1650,123,2024-06-05 20:11:58,470.08
1651,132,2024-06-06 12:40:31,245.34
1652,140,2024-06-06 13:43:25,97.78
1653,113,2024-06-06 16:22:57,125.93
1654,120,2024-06-06 18:00:25,45.94
1655,135,2024-06-06 20:10:36,109.18
1656,105,2024-06-07 03:04:43,157.48
1657,109,2024-06-07 09:07:23,101.87
1658,129,2024-06-08 01:51:05,571.09
1659,106,2024-06-08 12:10:44,128.41
1660,125,2024-06-08 12:16:01,70.63
1661,131,2024-06-08 13:49:27,192.49
1662,122,2024-06-08 18:46:16,37.43
1663,102,2024-06-08 18:47:23,73.24
1664,145,2024-06-08 19:44:02,66.13
1665,105,2024-06-09 08:57:22,82.84
1666,127,2024-06-09 11:28:21,197.67
1667,125,2024-06-09 13:53:23,94.44
1668,108,2024-06-09 18:02:20,204.59
1669,101,2024-06-09 19:21:21,118.1
1670,120,2024-06-09 20:39:54,65.24
1671,144,2024-06-09 20:42:48,214.27
1672,123,2024-06-09 20:45:20,47.66
1673,132,2024-06-10 14:37:29,45.49
1674,111,2024-06-10 18:13:41,99.26
1675,139,2024-06-10 20:00:14,51.27
1676,147,2024-06-11 04:26:15,16.1
1677,124,2024-06-11 13:00:38,140.4
1678,111,2024-06-11 23:34:53,100.87
1679,129,2024-06-11 23:45:44,85.77
1680,126,2024-06-12 00:41:36,424.24
1681,116,2024-06-12 14:11:42,116.61
1682,135,2024-06-12 14:16:50,253.91
1683,120,2024-06-12 17:32:53,33.02
1684,146,2024-06-13 08:04:57,116.06
1685,103,2024-06-13 15:08:08,257.98
1686,101,2024-06-13 15:52:08,119.99
1687,147,2024-06-13 18:21:22,166.91
1688,101,2024-06-13 18:42:45,70.83
1689,117,2024-06-13 19:42:24,26.64
1690,102,2024-06-14 13:56:24,88.48
1691,129,2024-06-14 20:02:48,75.2
1692,120,2024-06-15 10:10:59,257.14
1693,106,2024-06-15 10:47:56,48.56
1694,108,2024-06-16 08:42:19,423.39
1695,129,2024-06-16 12:29:16,395.81
1696,148,2024-06-16 17:57:06,49.14
1697,133,2024-06-16 23:22:08,66.33
1698,103,2024-06-17 10:07:06,286.09
1699,135,2024-06-18 02:21:19,422.98
1700,105,2024-06-18 06:01:17,85.32
1701,127,2024-06-18 10:18:12,61.46
1702,144,2024-06-18 10:55:16,104.61
1703,112,2024-06-18 18:39:04,154.68
1704,120,2024-06-18 19:23:31,53.34
1705,145,2024-06-18 19:27:17,175.03
1706,120,2024-06-19 11:47:23,21.36
1707,109,2024-06-19 12:54:10,21.07
1708,139,2024-06-19 15:06:30,73.59
1709,104,2024-06-20 01:45:08,67.34
1710,119,2024-06-20 12:00:06,60.51
1711,138,2024-06-20 12:00:27,96.04
1712,127,2024-06-20 12:20:39,61.41
1713,145,2024-06-20 13:15:55,40.62
1714,143,2024-06-20 20:58:43,59.44
1715,113,2024-06-21 12:32:14,457.21
1716,113,2024-06-21 12:40:55,78.54
1717,122,2024-06-21 17:28:55,85.59
1718,128,2024-06-21 17:37:40,118.12
1719,147,2024-06-21 18:33:30,506.37
1720,145,2024-06-21 20:40:09,48.19
1721,122,2024-06-21 20:40:34,152.21
1722,143,2024-06-21 20:53:09,166.05
1723,119,2024-06-22 14:56:25,127.17
1724,108,2024-06-22 18:48:33,26.13
1725,108,2024-06-23 11:34:39,150.56
1726,142,2024-06-23 19:59:53,22.95
1727,126,2024-06-24 02:46:39,123.8
1728,148,2024-06-24 13:41:45,176.46
1729,126,2024-06-24 19:18:54,43.43
1730,123,2024-06-25 03:04:17,236.13
1731,143,2024-06-25 09:02:38,18.7
1732,113,2024-06-25 17:44:54,237.8
1733,128,2024-06-25 18:29:56,89.02
1734,109,2024-06-25 19:18:24,44.44
1735,120,2024-06-25 21:22:29,32.23
1736,119,2024-06-26 11:37:34,382.7
1737,148,2024-06-26 12:02:41,24.05
1738,139,2024-06-26 17:53:58,41.64
1739,112,2024-06-26 19:05:44,66.29
1740,115,2024-06-27 00:03:40,131.18
1741,131,2024-06-27 10:57:19,109.44
1742,114,2024-06-27 18:37:16,31.11
1743,111,2024-06-27 18:41:18,56.05
1744,126,2024-06-27 19:52:38,47.74
1745,142,2024-06-28 10:16:18,43.83
1746,127,2024-06-28 12:23:31,78.55
1747,111,2024-06-28 14:34:04,161.1
1748,138,2024-06-28 15:34:40,44.42
1749,134,2024-06-28 20:31:19,69.81
1750,143,2024-06-28 20:52:08,74.5
1751,119,2024-06-29 10:11:49,464.87
1752,106,2024-06-29 20:28:13,386.24
1753,146,2024-06-29 20:38:00,208.22
1754,138,2024-06-30 11:26:31,48.19
1755,149,2024-06-30 11:48:30,23.46
1756,142,2024-06-30 16:38:40,60.73
1757,128,2024-06-30 17:53:25,52.24
1758,101,2024-07-01 00:26:54,99.61
1759,135,2024-07-01 12:16:03,195.46
1760,140,2024-07-01 13:46:13,249.5
1761,108,2024-07-02 12:53:15,238.61
1762,147,2024-07-02 19:09:23,68.49
1763,107,2024-07-02 20:07:36,154.48
1764,111,2024-07-02 20:52:44,60.02
1765,139,2024-07-03 14:35:34,22.54
1766,104,2024-07-04 08:18:28,160.1
1767,125,2024-07-04 12:50:49,16.19
1768,112,2024-07-04 18:53:42,78.15
1769,126,2024-07-05 09:12:13,62.95
1770,138,2024-07-05 12:02:04,156.86
1771,146,2024-07-05 12:50:46,189.42
1772,112,2024-07-05 16:13:32,58.5
1773,143,2024-07-05 19:42:10,215.32
1774,137,2024-07-05 20:50:41,56.76
1775,146,2024-07-06 13:57:46,85.94
1776,124,2024-07-06 14:25:40,170.8
1777,116,2024-07-06 19:44:39,156.68
1778,113,2024-07-06 20:13:03,539.59
1779,125,2024-07-06 20:35:19,45.61
1780,104,2024-07-07 08:40:09,145.28
1781,111,2024-07-07 18:51:09,127.9
1782,132,2024-07-07 19:07:54,310.95
1783,149,2024-07-08 02:56:38,35.4
1784,107,2024-07-08 12:43:40,182.22
1785,146,2024-07-08 13:13:46,115.79
1786,111,2024-07-08 13:46:42,53.53
1787,128,2024-07-08 14:04:10,92.19
1788,141,2024-07-08 18:20:01,63.74
1789,123,2024-07-08 18:48:42,118.9
1790,145,2024-07-09 08:51:06,278.79
1791,123,2024-07-09 14:08:16,116.08
1792,150,2024-07-09 20:38:48,134.87
1793,128,2024-07-10 08:18:37,102.76
1794,143,2024-07-10 09:30:13,21.3
1795,147,2024-07-10 12:36:43,46.81
1796,126,2024-07-10 13:22:27,96.27
1797,125,2024-07-10 18:18:03,59.57
1798,129,2024-07-10 18:33:24,39.07
1799,119,2024-07-10 20:37:14,99.17
1800,133,2024-07-11 19:44:32,61.78
1801,136,2024-07-12 10:47:03,50.83
1802,114,2024-07-12 18:20:48,89.83
1803,114,2024-07-12 20:08:58,32.17
1804,135,2024-07-12 21:37:00,330.31
1805,130,2024-07-13 12:07:57,257.72
1806,128,2024-07-13 13:23:00,162.56
1807,117,2024-07-13 20:20:35,28.47
1808,103,2024-07-13 20:51:19,194.47
1809,116,2024-07-14 11:34:39,213.0
1810,146,2024-07-14 12:14:22,190.2
1811,130,2024-07-14 13:52:33,29.52
1812,129,2024-07-15 01:14:36,138.91
1813,145,2024-07-15 13:09:42,230.73
1814,115,2024-07-15 16:41:53,118.35
1815,146,2024-07-16 07:06:45,139.75
1816,125,2024-07-16 08:22:09,88.58
1817,138,2024-07-16 11:44:51,105.27
1818,142,2024-07-16 13:01:14,19.2
1819,147,2024-07-16 13:25:25,137.25
1820,138,2024-07-16 18:57:25,25.19
1821,123,2024-07-16 20:11:04,83.51
1822,125,2024-07-17 00:27:34,56.55
1823,142,2024-07-17 20:39:45,109.61
1824,107,2024-07-18 18:04:57,32.18
1825,122,2024-07-18 19:31:35,156.18
1826,117,2024-07-19 09:28:44,205.18
1827,118,2024-07-19 14:28:29,36.4
1828,149,2024-07-19 14:47:07,28.22
1829,141,2024-07-19 15:15:58,33.87
1830,110,2024-07-19 18:37:11,266.59
1831,110,2024-07-19 19:39:26,105.14
1832,107,2024-07-20 09:46:08,90.57
1833,148,2024-07-20 12:07:35,28.54
1834,150,2024-07-20 13:02:58,140.83
1835,138,2024-07-20 16:00:27,257.99
1836,127,2024-07-20 17:27:24,226.36
1837,133,2024-07-20 18:47:23,133.04
1838,101,2024-07-21 09:37:40,24.39
1839,144,2024-07-21 12:11:34,29.31
1840,134,2024-07-21 13:56:56,21.07
1841,104,2024-07-22 09:27:26,50.72
1842,117,2024-07-23 02:20:35,32.49
1843,104,2024-07-23 15:45:02,51.14
1844,143,2024-07-24 19:02:27,73.35
1845,126,2024-07-24 19:33:02,358.73
1846,104,2024-07-25 12:49:09,128.11
1847,101,2024-07-25 15:16:29,231.2
1848,107,2024-07-25 17:18:02,163.69
1849,130,2024-07-26 17:18:24,29.32
1850,150,2024-07-26 18:20:39,174.78
1851,109,2024-07-26 19:48:03,53.61
1852,135,2024-07-27 09:53:48,137.3
1853,108,2024-07-27 18:54:24,65.04
1854,124,2024-07-28 03:46:57,742.54
1855,119,2024-07-28 19:40:41,51.71
1856,136,2024-07-28 23:16:55,54.28
1857,150,2024-07-29 23:10:44,335.27
1858,143,2024-07-30 18:44:14,17.99
1859,127,2024-07-30 19:32:34,158.16
1860,132,2024-07-30 19:49:54,170.06
1861,114,2024-07-31 07:28:15,232.22
1862,118,2024-07-31 13:10:29,455.0
1863,128,2024-07-31 20:14:34,460.59
1864,129,2024-08-01 12:03:47,23.1
1865,116,2024-08-01 15:40:12,222.01
1866,135,2024-08-01 17:48:01,139.72
1867,147,2024-08-01 20:04:34,140.07
1868,131,2024-08-02 02:47:12,31.48
1869,104,2024-08-02 06:09:12,141.04
1870,137,2024-08-02 06:34:12,500.35
1871,117,2024-08-02 09:09:41,306.4
1872,139,2024-08-02 10:22:12,84.39
1873,148,2024-08-02 16:53:36,19.89
1874,146,2024-08-02 17:11:07,68.99
1875,126,2024-08-02 18:18:08,225.11
1876,148,2024-08-02 19:12:00,160.08
1877,139,2024-08-02 23:57:48,88.8
1878,141,2024-08-03 09:27:12,21.8
1879,104,2024-08-03 09:55:14,81.8
1880,130,2024-08-03 14:18:19,90.96
1881,130,2024-08-03 15:48:25,331.66
1882,122,2024-08-04 12:39:57,137.96
1883,111,2024-08-04 12:40:27,59.82
1884,102,2024-08-04 12:45:33,104.41
1885,144,2024-08-04 12:45:50,23.2
1886,112,2024-08-04 13:33:24,446.53
1887,130,2024-08-04 15:36:39,68.57
1888,136,2024-08-04 20:44:46,92.98
1889,118,2024-08-05 03:07:58,67.67
1890,126,2024-08-05 08:19:02,152.68
1891,107,2024-08-05 16:30:45,145.25
1892,101,2024-08-05 18:22:06,165.77
1893,126,2024-08-05 18:36:55,52.46
1894,123,2024-08-05 20:27:17,60.52
1895,126,2024-08-06 14:51:51,31.06
1896,145,2024-08-07 08:04:02,142.88
1897,106,2024-08-07 09:12:55,19.87
1898,106,2024-08-07 12:44:26,124.26
1899,144,2024-08-07 13:31:03,259.55
1900,108,2024-08-07 16:11:56,280.78
1901,124,2024-08-07 16:32:04,86.53
1902,122,2024-08-07 20:08:17,88.79
1903,119,2024-08-08 18:46:33,24.61
1904,137,2024-08-09 04:13:32,148.32
1905,118,2024-08-09 11:00:51,221.62
1906,131,2024-08-09 17:18:58,48.67
1907,137,2024-08-09 19:07:07,80.64
1908,130,2024-08-09 21:25:07,234.04
1909,142,2024-08-10 00:50:15,266.59
1910,133,2024-08-10 06:59:54,48.44
1911,110,2024-08-10 07:22:56,110.97
1912,137,2024-08-10 10:16:30,40.66
1913,112,2024-08-10 16:42:35,27.89
1914,130,2024-08-10 20:41:23,305.46
1915,127,2024-08-10 21:00:33,221.11
1916,139,2024-08-11 03:32:31,186.27
1917,109,2024-08-11 12:46:14,21.0
1918,121,2024-08-11 13:28:31,237.74
1919,112,2024-08-11 18:08:56,84.16
1920,129,2024-08-11 19:34:40,65.3
1921,133,2024-08-11 20:08:36,109.88
1922,143,2024-08-12 07:29:07,26.5
1923,115,2024-08-12 18:29:38,184.59
1924,102,2024-08-12 20:16:48,119.8
1925,139,2024-08-12 20:40:18,39.78
1926,144,2024-08-12 20:44:39,40.02
1927,118,2024-08-13 08:20:53,39.44
1928,103,2024-08-13 18:24:10,22.04
1929,107,2024-08-13 19:47:49,121.35
1930,143,2024-08-13 22:01:16,235.17
1931,118,2024-08-14 04:34:17,17.12
1932,144,2024-08-14 05:50:34,21.03
1933,138,2024-08-14 12:55:25,117.05
1934,137,2024-08-14 17:14:21,220.44
1935,133,2024-08-14 18:39:21,62.47
1936,144,2024-08-14 18:50:47,66.62
1937,131,2024-08-14 18:59:38,123.86
1938,111,2024-08-14 22:47:35,53.46
1939,104,2024-08-15 01:22:03,18.24
1940,118,2024-08-15 08:22:31,174.47
1941,104,2024-08-15 10:45:53,132.91
1942,149,2024-08-16 01:49:17,119.32
1943,134,2024-08-16 13:35:03,177.43
1944,129,2024-08-16 19:16:29,149.96
1945,124,2024-08-16 19:43:17,42.66
1946,122,2024-08-16 20:01:13,67.15
1947,102,2024-08-16 20:54:29,31.18
1948,144,2024-08-16 21:34:18,31.69
1949,106,2024-08-16 22:20:54,150.31
1950,142,2024-08-17 07:23:47,249.74
1951,125,2024-08-17 19:39:38,409.76
1952,121,2024-08-18 12:27:51,133.78
1953,116,2024-08-18 14:08:48,39.42
1954,131,2024-08-18 18:50:31,28.4
1955,114,2024-08-18 18:51:41,216.1
1956,139,2024-08-18 20:26:12,118.75
1957,128,2024-08-18 21:58:29,130.57
1958,132,2024-08-19 18:44:10,197.5
1959,128,2024-08-20 13:11:16,160.79
1960,149,2024-08-20 15:05:03,230.82
1961,109,2024-08-20 18:17:21,21.94
1962,145,2024-08-20 18:52:53,180.17
1963,122,2024-08-20 18:58:45,243.34
1964,132,2024-08-20 19:03:19,55.45
1965,105,2024-08-20 19:55:20,137.75
1966,123,2024-08-20 20:11:09,60.25
1967,105,2024-08-21 00:20:32,395.33
1968,142,2024-08-21 11:54:28,19.08
1969,132,2024-08-22 13:52:21,119.04
1970,110,2024-08-22 20:02:31,36.86
1971,139,2024-08-22 23:33:28,164.47
1972,115,2024-08-23 04:36:09,38.21
1973,107,2024-08-23 04:44:39,47.21
1974,129,2024-08-23 18:25:00,96.83
1975,147,2024-08-23 19:36:35,310.58
1976,103,2024-08-24 01:43:04,43.55
1977,119,2024-08-24 09:34:13,33.69
1978,110,2024-08-24 13:00:55,185.74
1979,128,2024-08-24 20:00:53,98.33
1980,129,2024-08-24 20:58:11,306.36
1981,115,2024-08-24 23:10:00,34.03
1982,135,2024-08-25 14:53:31,139.59
1983,106,2024-08-25 18:43:10,46.81
1984,112,2024-08-25 20:55:59,35.46
1985,147,2024-08-26 10:15:05,153.03
1986,138,2024-08-26 12:34:47,123.08
1987,113,2024-08-26 17:35:59,183.7
1988,129,2024-08-26 19:59:56,59.43
1989,119,2024-08-26 20:11:37,86.3
1990,103,2024-08-26 20:41:55,77.4
1991,108,2024-08-26 20:50:12,511.89
1992,108,2024-08-27 04:56:38,56.48
1993,120,2024-08-27 18:21:58,56.92
1994,147,2024-08-27 19:51:42,67.54
1995,104,2024-08-28 15:19:15,114.78
1996,121,2024-08-29 09:01:01,49.89
1997,103,2024-08-29 12:26:28,311.22
1998,145,2024-08-29 17:10:28,52.06
1999,108,2024-08-29 18:57:28,286.39
2000,123,2024-08-30 12:12:45,28.11
2001,116,2024-08-30 12:55:04,143.25
2002,113,2024-08-30 15:17:10,300.0
2003,103,2024-08-31 08:48:50,37.18
2004,148,2024-08-31 15:49:49,429.27
2005,109,2024-08-31 16:50:58,87.37
2006,114,2024-09-02 14:36:47,364.62
2007,113,2024-09-02 18:06:38,150.55
2008,107,2024-09-02 19:09:45,58.07
2009,115,2024-09-02 19:39:57,40.04
2010,107,2024-09-03 11:20:18,58.44
2011,138,2024-09-03 11:33:20,26.72
2012,134,2024-09-03 12:58:31,33.64
2013,141,2024-09-03 13:47:13,28.27
2014,122,2024-09-03 16:46:33,80.98
2015,124,2024-09-03 18:13:46,205.51
2016,149,2024-09-03 18:31:02,33.29
2017,137,2024-09-03 20:39:37,31.76
2018,144,2024-09-05 11:55:28,138.75
2019,101,2024-09-05 16:52:56,41.36
2020,110,2024-09-05 17:38:31,27.33
2021,143,2024-09-05 18:21:14,36.9
2022,116,2024-09-05 23:36:01,323.82
2023,146,2024-09-06 14:02:11,221.76
2024,108,2024-09-06 16:03:39,67.45
2025,149,2024-09-06 20:18:44,142.99
2026,125,2024-09-06 20:46:45,107.47
2027,150,2024-09-06 22:37:58,150.66
2028,112,2024-09-07 10:40:48,152.74
2029,125,2024-09-07 12:53:09,133.9
2030,117,2024-09-07 12:58:56,52.13
2031,126,2024-09-07 13:49:12,19.77
2032,146,2024-09-08 01:59:15,87.96
2033,148,2024-09-08 02:24:18,280.94
2034,114,2024-09-08 05:50:53,116.14
2035,141,2024-09-08 08:51:54,229.33
2036,136,2024-09-08 09:50:39,588.89
2037,123,2024-09-08 10:54:08,36.44
2038,143,2024-09-08 17:11:52,156.23
2039,106,2024-09-09 05:27:52,149.61
2040,147,2024-09-09 10:17:28,484.18
2041,105,2024-09-09 10:22:26,523.87
2042,143,2024-09-09 14:42:10,154.26
2043,125,2024-09-09 15:25:08,48.5
2044,118,2024-09-09 17:29:48,207.27
2045,113,2024-09-10 04:00:57,28.58
2046,143,2024-09-10 08:34:21,197.08
2047,114,2024-09-10 12:39:27,304.22
2048,128,2024-09-10 12:42:10,72.91
2049,118,2024-09-10 18:21:35,134.52
2050,128,2024-09-11 07:01:58,82.48
2051,127,2024-09-11 13:45:59,84.1
2052,132,2024-09-11 17:21:13,59.59
2053,147,2024-09-11 20:16:07,187.32
2054,109,2024-09-12 05:04:46,345.2
2055,140,2024-09-12 15:53:30,354.12
2056,132,2024-09-12 15:54:57,38.05
2057,120,2024-09-13 06:31:19,264.29
2058,128,2024-09-13 12:03:13,175.47
2059,133,2024-09-13 13:30:22,49.98
2060,104,2024-09-13 17:10:41,23.36
2061,146,2024-09-13 18:43:24,52.44
2062,134,2024-09-13 23:25:36,306.93
2063,148,2024-09-14 14:08:47,135.35
2064,103,2024-09-14 19:47:08,168.21
2065,126,2024-09-15 14:12:10,50.67
2066,108,2024-09-15 17:27:32,167.49
2067,106,2024-09-15 18:06:35,18.42
2068,116,2024-09-15 18:56:26,71.46
2069,124,2024-09-15 20:27:53,133.26
2070,148,2024-09-15 23:07:58,33.95
2071,139,2024-09-16 13:13:20,222.8
2072,130,2024-09-16 16:38:54,47.15
2073,145,2024-09-17 09:58:39,141.76
2074,113,2024-09-17 14:39:16,77.34
2075,105,2024-09-17 15:00:14,123.77
2076,125,2024-09-17 19:03:56,28.64
2077,120,2024-09-18 07:52:12,17.05
2078,118,2024-09-18 19:42:35,303.37
2079,147,2024-09-19 09:26:09,52.7
2080,118,2024-09-19 13:49:38,220.56
2081,102,2024-09-20 10:52:42,895.68
2082,110,2024-09-20 11:41:58,43.5
2083,145,2024-09-20 12:12:01,51.97
2084,150,2024-09-20 13:36:58,145.47
2085,147,2024-09-20 15:41:31,418.84
2086,112,2024-09-20 16:40:09,311.97
2087,147,2024-09-20 18:28:54,98.87
2088,113,2024-09-20 19:19:51,205.23
2089,150,2024-09-20 20:29:57,32.51
2090,147,2024-09-21 03:29:08,469.98
2091,111,2024-09-21 17:52:12,415.09
2092,119,2024-09-21 20:22:53,36.46
2093,135,2024-09-22 10:56:59,57.7
2094,139,2024-09-22 17:54:52,27.66
2095,126,2024-09-23 12:46:59,53.05
2096,146,2024-09-23 13:49:35,218.11
2097,114,2024-09-23 14:46:39,72.04
2098,145,2024-09-23 14:50:26,26.11
2099,144,2024-09-23 20:43:02,65.27
2100,124,2024-09-24 01:31:15,493.04
2101,141,2024-09-24 08:58:50,134.21
2102,101,2024-09-24 10:58:46,79.58
2103,143,2024-09-24 12:20:28,36.86
2104,122,2024-09-24 14:40:40,528.77
2105,123,2024-09-24 19:35:58,221.34
2106,119,2024-09-24 20:44:04,54.67
2107,118,2024-09-25 13:07:02,23.72
2108,112,2024-09-25 13:48:33,22.0
2109,128,2024-09-26 13:11:16,30.39
2110,128,2024-09-26 15:54:31,119.32
2111,133,2024-09-26 20:20:27,332.01
2112,119,2024-09-27 08:03:17,97.4
2113,128,2024-09-27 14:37:58,237.14
2114,149,2024-09-27 16:27:54,85.85
2115,137,2024-09-27 23:32:23,162.96
2116,126,2024-09-28 13:07:48,172.96
2117,135,2024-09-28 20:14:48,37.93
2118,134,2024-09-29 11:00:27,68.78
2119,135,2024-09-29 12:03:33,136.7
2120,140,2024-09-29 13:32:15,23.8
2121,116,2024-09-29 13:46:03,68.84
2122,138,2024-09-29 19:09:29,106.83
2123,113,2024-09-29 20:11:48,684.51
2124,123,2024-09-30 02:17:47,92.22
2125,122,2024-09-30 18:21:16,218.18
2126,116,2024-10-01 09:20:06,82.89
2127,128,2024-10-01 13:26:18,205.99
2128,148,2024-10-01 14:53:42,123.59
2129,135,2024-10-01 23:22:00,276.22
2130,145,2024-10-03 01:45:21,78.51
2131,146,2024-10-03 07:57:20,126.25
2132,108,2024-10-03 09:21:58,134.32
2133,144,2024-10-03 12:18:58,79.83
2134,122,2024-10-03 19:32:18,33.7
2135,121,2024-10-03 20:50:49,26.79
2136,126,2024-10-04 12:10:49,17.02
2137,140,2024-10-04 22:48:12,263.13
2138,121,2024-10-05 15:54:00,47.38
2139,125,2024-10-05 16:16:09,43.52
2140,141,2024-10-06 05:04:32,174.83
2141,101,2024-10-06 06:46:39,61.28
2142,106,2024-10-06 13:56:07,99.64
2143,123,2024-10-06 16:14:09,36.28
2144,123,2024-10-06 19:07:56,400.5
2145,143,2024-10-06 20:52:13,243.93
2146,143,2024-10-07 13:35:19,254.23
2147,123,2024-10-07 17:31:17,77.66
2148,132,2024-10-07 20:45:32,187.44
2149,130,2024-10-08 13:04:56,33.64
2150,113,2024-10-08 14:25:08,16.04
2151,143,2024-10-08 15:03:22,17.42
2152,118,2024-10-08 15:06:39,121.0
2153,123,2024-10-08 16:59:28,87.92
2154,115,2024-10-08 19:17:39,102.58
2155,133,2024-10-09 10:06:44,15.9
2156,121,2024-10-09 16:43:55,80.92
2157,139,2024-10-09 18:40:03,166.93
2158,123,2024-10-09 18:56:54,85.16
2159,127,2024-10-09 19:36:04,173.11
2160,145,2024-10-09 23:16:49,46.84
2161,144,2024-10-10 01:52:27,216.29
2162,118,2024-10-10 08:32:32,121.53
2163,124,2024-10-10 20:50:14,43.4
2164,147,2024-10-10 20:54:58,47.42
2165,140,2024-10-11 03:05:12,133.67
2166,142,2024-10-11 03:30:05,227.59
2167,107,2024-10-11 11:02:02,79.47
2168,150,2024-10-11 12:59:03,50.86
2169,148,2024-10-11 18:09:48,257.1
2170,120,2024-10-11 18:28:00,147.77
2171,127,2024-10-12 13:43:12,86.32
2172,106,2024-10-12 15:58:34,95.31
2173,127,2024-10-12 18:11:42,42.42
2174,109,2024-10-12 18:21:35,133.28
2175,145,2024-10-12 18:51:51,68.32
2176,131,2024-10-12 20:10:21,667.38
2177,121,2024-10-12 22:46:50,93.51
2178,126,2024-10-13 02:44:32,94.84
2179,140,2024-10-13 20:10:39,115.12
2180,148,2024-10-14 02:46:28,313.32
2181,145,2024-10-14 09:25:02,208.62
2182,113,2024-10-14 10:22:27,86.99
2183,149,2024-10-14 16:03:25,167.2
2184,123,2024-10-14 16:36:57,120.89
2185,120,2024-10-14 17:27:50,96.36
2186,137,2024-10-14 20:12:45,40.63
2187,128,2024-10-14 22:17:49,89.82
2188,117,2024-10-15 00:55:20,48.85
2189,128,2024-10-15 09:15:45,310.59
2190,141,2024-10-15 13:06:16,64.03
2191,102,2024-10-15 16:13:20,380.05
2192,125,2024-10-15 17:22:05,106.39
2193,150,2024-10-15 19:29:59,134.81
2194,141,2024-10-15 19:59:35,108.95
2195,106,2024-10-15 21:19:27,31.63
2196,111,2024-10-16 13:27:31,71.56
2197,138,2024-10-16 15:43:00,27.53
2198,106,2024-10-17 19:07:11,132.05
2199,145,2024-10-17 19:49:47,86.06
2200,111,2024-10-17 22:23:54,195.6
2201,114,2024-10-17 23:57:01,44.89
2202,102,2024-10-18 11:44:14,36.58
2203,140,2024-10-18 13:14:07,77.57
2204,103,2024-10-18 18:17:26,328.4
2205,135,2024-10-18 20:03:56,163.72
2206,133,2024-10-19 15:24:30,80.14
2207,124,2024-10-19 17:24:45,102.4
2208,119,2024-10-19 18:29:30,25.56
2209,118,2024-10-19 19:01:23,515.62
2210,149,2024-10-19 20:05:49,146.74
2211,124,2024-10-19 20:48:42,55.32
2212,145,2024-10-20 01:46:23,120.77
2213,135,2024-10-20 10:10:37,28.91
2214,101,2024-10-20 13:23:46,420.19
2215,136,2024-10-20 14:14:52,38.05
2216,125,2024-10-20 17:01:25,140.31
2217,145,2024-10-20 20:51:14,48.8
2218,149,2024-10-21 20:18:50,166.72
2219,143,2024-10-21 20:20:09,194.97
2220,134,2024-10-21 20:46:23,149.29
2221,125,2024-10-22 08:37:51,129.39
2222,116,2024-10-22 11:27:52,282.6
2223,134,2024-10-22 14:35:39,24.83
2224,129,2024-10-22 16:20:11,63.22
2225,119,2024-10-22 19:07:34,49.25
2226,123,2024-10-22 20:18:40,545.88
2227,119,2024-10-23 10:39:43,74.2
2228,125,2024-10-24 13:23:14,173.29
2229,116,2024-10-25 02:17:29,153.52
2230,109,2024-10-25 11:22:29,43.6
2231,101,2024-10-26 11:57:54,47.77
2232,142,2024-10-26 16:55:21,54.63
2233,119,2024-10-27 08:38:18,78.55
2234,133,2024-10-27 08:49:15,47.04
2235,134,2024-10-27 10:13:58,17.38
2236,116,2024-10-27 13:10:58,268.83
2237,144,2024-10-28 12:14:03,419.4
2238,140,2024-10-28 15:44:41,65.15
2239,118,2024-10-28 16:03:21,64.59
2240,134,2024-10-28 16:27:16,15.85
2241,125,2024-10-28 20:00:51,151.83
2242,145,2024-10-29 03:27:16,224.46
2243,106,2024-10-29 05:03:50,34.02
2244,121,2024-10-29 10:32:09,35.87
2245,106,2024-10-29 10:41:31,202.33
2246,132,2024-10-29 12:22:10,129.94
2247,141,2024-10-29 13:49:25,20.51
2248,148,2024-10-29 19:07:02,131.92
2249,143,2024-10-29 19:39:01,59.34
2250,139,2024-10-30 08:05:58,70.2
2251,131,2024-10-30 12:25:00,191.22
2252,142,2024-10-30 18:02:03,214.88
2253,110,2024-10-30 19:38:24,76.37
2254,130,2024-10-30 20:07:25,367.84
2255,118,2024-10-31 12:33:27,77.6
2256,124,2024-10-31 13:27:18,192.32
2257,109,2024-10-31 16:27:05,94.37
2258,131,2024-10-31 19:09:48,288.38
2259,115,2024-10-31 19:26:36,301.0
2260,104,2024-11-01 01:25:01,25.98
2261,140,2024-11-01 11:32:58,345.79
2262,109,2024-11-01 19:44:53,224.52
2263,145,2024-11-02 08:55:53,203.03
2264,109,2024-11-02 13:40:44,41.91
2265,126,2024-11-02 18:57:46,211.24
2266,104,2024-11-03 13:33:17,242.76
2267,117,2024-11-03 19:36:27,55.96
2268,116,2024-11-03 20:03:46,380.04
2269,115,2024-11-04 02:43:03,21.14
2270,135,2024-11-04 03:59:55,34.49
2271,105,2024-11-04 11:40:43,107.55
2272,105,2024-11-04 20:40:14,117.9
2273,120,2024-11-05 01:48:48,139.33
2274,115,2024-11-05 21:33:14,17.05
2275,118,2024-11-05 22:05:00,402.37
2276,147,2024-11-05 23:06:42,20.47
2277,102,2024-11-06 13:25:14,33.53
2278,129,2024-11-06 15:41:36,16.69
2279,113,2024-11-06 15:58:20,115.4
2280,104,2024-11-06 17:34:37,338.06
2281,142,2024-11-06 19:15:08,146.57
2282,145,2024-11-06 19:36:16,222.56
2283,110,2024-11-07 11:20:20,16.6
2284,131,2024-11-07 12:18:58,108.71
2285,141,2024-11-07 16:15:29,88.85
2286,108,2024-11-07 21:31:13,97.93
2287,103,2024-11-08 12:30:21,23.99
2288,148,2024-11-08 13:37:39,153.41
2289,146,2024-11-08 14:28:21,98.95
2290,109,2024-11-08 14:50:45,188.86
2291,130,2024-11-08 19:25:29,94.7
2292,111,2024-11-08 19:46:41,34.42
2293,135,2024-11-09 12:02:27,140.38
2294,137,2024-11-09 14:11:36,37.71
2295,142,2024-11-09 14:52:44,262.06
2296,113,2024-11-10 09:48:28,128.96
2297,136,2024-11-10 12:27:11,35.52
2298,113,2024-11-10 13:29:47,408.49
2299,112,2024-11-10 20:29:45,102.67
2300,137,2024-11-11 12:04:58,24.08
2301,110,2024-11-11 12:43:01,133.29
2302,109,2024-11-11 12:57:55,50.03
2303,107,2024-11-11 13:37:58,210.37
2304,102,2024-11-11 17:53:19,219.33
2305,123,2024-11-12 13:23:02,478.29
2306,139,2024-11-12 18:40:20,98.63
2307,140,2024-11-12 19:18:50,87.83
2308,139,2024-11-12 20:14:34,183.04
2309,121,2024-11-13 03:47:53,32.05
2310,123,2024-11-13 11:45:13,110.0
2311,129,2024-11-13 13:12:01,109.82
2312,114,2024-11-13 17:33:03,26.25
2313,126,2024-11-13 18:12:16,79.95
2314,105,2024-11-13 20:45:07,245.31
2315,131,2024-11-13 22:44:14,247.68
2316,125,2024-11-14 02:27:21,27.54
2317,131,2024-11-14 04:37:54,26.41
2318,150,2024-11-14 13:11:12,51.57
2319,120,2024-11-14 14:48:27,264.31
2320,144,2024-11-14 23:30:10,31.56
2321,117,2024-11-15 12:02:45,167.75
2322,145,2024-11-15 12:46:23,27.8
2323,102,2024-11-15 19:34:19,132.11
2324,125,2024-11-15 20:13:42,67.82
2325,113,2024-11-15 20:46:05,201.66
2326,139,2024-11-16 07:01:00,46.94
2327,128,2024-11-16 08:56:02,137.33
2328,142,2024-11-16 19:50:15,47.25
2329,106,2024-11-16 19:53:00,165.07
2330,103,2024-11-17 01:12:06,263.27
2331,135,2024-11-17 20:10:50,31.27
2332,118,2024-11-17 21:40:17,256.72
2333,111,2024-11-18 08:33:37,123.04
2334,120,2024-11-18 18:46:42,31.31
2335,105,2024-11-18 18:49:41,81.94
2336,119,2024-11-18 20:07:31,36.05
2337,122,2024-11-19 10:39:24,159.62
2338,119,2024-11-19 12:56:10,185.69
2339,147,2024-11-19 22:28:39,28.42
2340,116,2024-11-19 23:44:03,99.66
2341,124,2024-11-20 18:48:57,217.24
2342,141,2024-11-20 19:40:37,345.17
2343,104,2024-11-20 20:59:31,101.47
2344,115,2024-11-21 16:37:37,375.16
2345,125,2024-11-21 18:29:04,107.06
2346,144,2024-11-21 18:32:00,75.14
2347,135,2024-11-21 20:26:29,241.23
2348,114,2024-11-21 20:28:55,96.51
2349,149,2024-11-22 08:42:58,91.62
2350,119,2024-11-22 12:59:32,95.87
2351,138,2024-11-22 13:51:05,240.11
2352,136,2024-11-22 20:52:42,229.01
2353,107,2024-11-23 02:03:32,77.01
2354,130,2024-11-23 03:42:54,63.65
2355,119,2024-11-23 12:15:22,96.26
2356,149,2024-11-23 13:13:15,117.05
2357,125,2024-11-23 18:09:31,47.67
2358,116,2024-11-23 23:02:28,204.56
2359,147,2024-11-24 01:53:25,94.98
2360,140,2024-11-24 23:22:38,63.78
2361,108,2024-11-25 07:08:48,28.56
2362,118,2024-11-25 11:38:31,47.75
2363,128,2024-11-25 11:50:58,372.77
2364,116,2024-11-25 15:23:19,58.68
2365,119,2024-11-25 15:47:51,37.19
2366,142,2024-11-25 16:55:11,89.09
2367,117,2024-11-25 19:23:37,59.02
2368,145,2024-11-26 09:59:16,19.3
2369,113,2024-11-26 10:10:47,61.84
2370,107,2024-11-26 11:53:03,109.26
2371,127,2024-11-26 23:52:04,111.28
2372,110,2024-11-27 23:40:43,67.91
2373,134,2024-11-28 13:20:47,86.15
2374,136,2024-11-29 13:37:53,419.08
2375,125,2024-11-30 04:12:20,71.85
2376,106,2024-11-30 11:19:00,50.85
2377,124,2024-11-30 12:08:24,48.48
2378,118,2024-11-30 13:07:37,88.45
2379,123,2024-11-30 13:30:25,186.01
2380,106,2024-12-01 20:07:48,42.68
2381,129,2024-12-01 22:54:31,163.25
2382,125,2024-12-02 05:28:37,17.57
2383,117,2024-12-02 18:42:22,80.15
2384,146,2024-12-02 19:51:37,194.46
2385,124,2024-12-02 23:45:18,64.63
2386,111,2024-12-03 10:56:57,114.54
2387,126,2024-12-03 12:55:11,42.53
2388,134,2024-12-03 13:44:52,177.57
2389,128,2024-12-03 19:12:27,21.44
2390,103,2024-12-04 02:16:48,244.71
2391,111,2024-12-04 14:31:42,41.51
2392,138,2024-12-04 16:22:48,263.96
2393,114,2024-12-04 22:35:06,67.16
2394,126,2024-12-05 08:16:20,168.91
2395,148,2024-12-05 11:34:05,61.14
2396,121,2024-12-05 18:13:55,298.62
2397,139,2024-12-05 19:13:18,31.25
2398,130,2024-12-05 20:55:50,38.6
2399,108,2024-12-06 11:16:54,96.52
2400,120,2024-12-06 17:07:07,25.26
2401,148,2024-12-06 17:33:11,41.18
2402,132,2024-12-06 18:06:41,360.39
2403,122,2024-12-07 03:05:17,465.04
2404,107,2024-12-07 12:00:22,71.64
2405,109,2024-12-07 17:18:48,323.12
2406,145,2024-12-07 18:06:36,109.45
2407,101,2024-12-07 18:17:02,52.72
2408,129,2024-12-07 18:48:10,160.44
2409,108,2024-12-07 19:05:53,144.07
2410,104,2024-12-07 21:13:16,557.56
2411,135,2024-12-07 22:36:22,51.95
2412,103,2024-12-08 16:03:19,148.79
2413,145,2024-12-09 09:20:51,21.41
2414,140,2024-12-09 10:14:39,29.48
2415,107,2024-12-09 21:20:26,15.47
2416,127,2024-12-10 17:34:56,918.02
2417,101,2024-12-10 18:47:24,209.5
2418,127,2024-12-11 07:42:54,200.42
2419,116,2024-12-11 08:50:15,100.53
2420,138,2024-12-11 10:03:19,57.81
2421,107,2024-12-11 10:17:23,34.68
2422,144,2024-12-11 12:00:31,55.2
2423,123,2024-12-11 13:10:21,71.59
2424,141,2024-12-11 18:14:12,184.42
2425,111,2024-12-11 20:07:47,108.1
2426,142,2024-12-11 22:04:53,24.68
2427,133,2024-12-12 07:59:22,17.18
2428,150,2024-12-12 11:10:14,27.95
2429,136,2024-12-13 00:48:44,78.42
2430,137,2024-12-13 13:30:41,339.71
2431,141,2024-12-13 18:43:53,136.74
2432,117,2024-12-13 20:40:01,209.23
2433,135,2024-12-14 04:47:06,90.37
2434,148,2024-12-14 13:34:58,68.87
2435,105,2024-12-14 13:58:02,28.77
2436,148,2024-12-14 15:52:40,265.43
2437,132,2024-12-14 16:03:53,198.43
2438,103,2024-12-14 18:19:19,37.09
2439,147,2024-12-14 19:48:44,101.16
2440,135,2024-12-14 22:24:07,95.19
2441,114,2024-12-15 03:38:48,132.73
2442,148,2024-12-15 12:14:01,365.67
2443,131,2024-12-15 15:54:59,119.03
2444,131,2024-12-15 18:36:49,108.24
2445,117,2024-12-16 20:22:31,21.2
2446,124,2024-12-16 20:36:18,22.8
2447,123,2024-12-17 02:27:19,39.89
2448,118,2024-12-17 11:53:36,18.96
2449,150,2024-12-17 19:08:17,178.21
2450,114,2024-12-18 06:26:41,169.19
2451,150,2024-12-18 13:08:19,32.55
2452,115,2024-12-19 17:50:07,232.0
2453,115,2024-12-19 20:46:16,35.18
2454,106,2024-12-20 12:21:44,58.0
2455,127,2024-12-20 16:14:36,49.36
2456,115,2024-12-20 19:31:59,70.88
2457,150,2024-12-20 20:16:30,50.27
2458,136,2024-12-20 22:48:35,95.55
2459,108,2024-12-21 10:44:39,77.79
2460,115,2024-12-21 18:43:49,532.23
2461,103,2024-12-21 20:41:54,21.91
2462,147,2024-12-22 07:46:23,33.4
2463,113,2024-12-22 07:59:05,21.51
2464,141,2024-12-22 13:12:18,132.97
2465,134,2024-12-23 06:39:28,21.73
2466,124,2024-12-23 22:51:44,232.27
2467,140,2024-12-24 12:17:37,101.08
2468,132,2024-12-24 14:07:06,104.84
2469,132,2024-12-24 18:47:55,113.95
2470,130,2024-12-24 20:24:16,37.48
2471,149,2024-12-25 05:39:11,41.43
2472,113,2024-12-25 14:43:38,61.07
2473,101,2024-12-25 15:54:35,123.02
2474,134,2024-12-25 18:19:22,43.3
2475,115,2024-12-25 20:02:33,29.84
2476,144,2024-12-25 20:09:05,436.26
2477,114,2024-12-25 22:10:09,17.67
2478,129,2024-12-25 22:22:47,209.76
2479,134,2024-12-26 12:30:06,201.16
2480,118,2024-12-26 15:47:50,57.32
2481,107,2024-12-26 16:25:43,32.49
2482,129,2024-12-26 21:37:25,33.89
2483,131,2024-12-27 20:49:52,158.45
2484,125,2024-12-28 08:31:30,138.54
2485,138,2024-12-28 12:55:11,198.2
2486,114,2024-12-28 19:03:29,347.67
2487,108,2024-12-29 09:32:38,156.29
2488,127,2024-12-29 13:26:45,35.33
2489,102,2024-12-29 14:33:31,48.48
2490,117,2024-12-29 19:50:13,236.57
2491,137,2024-12-29 20:20:31,43.18
2492,114,2024-12-30 10:36:37,24.03
2493,125,2024-12-30 12:10:48,160.8
2494,130,2024-12-30 13:00:49,76.81
2495,129,2024-12-30 13:23:08,318.15
2496,120,2024-12-30 13:35:52,141.07
2497,121,2024-12-30 17:24:51,26.37
2498,122,2024-12-30 18:44:36,369.45
2499,135,2024-12-30 19:59:59,50.9
2500,137,2024-12-30 20:08:33,64.36
